[2026-10-06T22:30:21.057+0000] {manager.py:469} INFO - Processing files using up to 1 processes at a time 
[2026-10-06T22:30:21.064+0000] {manager.py:470} INFO - Process each file at most once every 30 seconds
[2026-10-06T22:30:21.067+0000] {manager.py:471} INFO - Checking for new files in /opt/airflow/dags every 300 seconds
[2026-10-06T22:30:21.072+0000] {manager.py:738} INFO - Searching for files in /opt/airflow/dags
[2026-10-06T22:30:21.106+0000] {manager.py:741} INFO - There are 1 files in /opt/airflow/dags
[2026-10-06T22:30:21.993+0000] {manager.py:879} INFO - 
================================================================================
DAG File Processing Stats

File Path                            PID    Runtime      # DAGs    # Errors  Last Runtime    Last Run
-----------------------------------  -----  ---------  --------  ----------  --------------  -------------------
/opt/airflow/dags/sgfood_elt_dag.py                           1           0  0.51s           2026-10-06T22:30:21
================================================================================
[2026-10-06T22:30:44.163+0000] {manager.py:879} INFO - 
================================================================================
DAG File Processing Stats

File Path                            PID    Runtime      # DAGs    # Errors  Last Runtime    Last Run
-----------------------------------  -----  ---------  --------  ----------  --------------  -------------------
/opt/airflow/dags/sgfood_elt_dag.py                           1           0  0.51s           2026-10-06T22:30:21
================================================================================
[2026-10-06T22:31:14.306+0000] {manager.py:879} INFO - 
================================================================================
DAG File Processing Stats

File Path                            PID    Runtime      # DAGs    # Errors  Last Runtime    Last Run
-----------------------------------  -----  ---------  --------  ----------  --------------  -------------------
/opt/airflow/dags/sgfood_elt_dag.py                           1           0  0.31s           2026-10-06T22:30:55
================================================================================
[2026-10-06T22:31:44.893+0000] {manager.py:879} INFO - 
================================================================================
DAG File Processing Stats

File Path                            PID    Runtime      # DAGs    # Errors  Last Runtime    Last Run
-----------------------------------  -----  ---------  --------  ----------  --------------  -------------------
/opt/airflow/dags/sgfood_elt_dag.py                           1           0  0.21s           2026-10-06T22:31:26
================================================================================
[2026-10-06T22:32:15.107+0000] {manager.py:879} INFO - 
================================================================================
DAG File Processing Stats

File Path                            PID    Runtime      # DAGs    # Errors  Last Runtime    Last Run
-----------------------------------  -----  ---------  --------  ----------  --------------  -------------------
/opt/airflow/dags/sgfood_elt_dag.py                           1           0  0.31s           2026-10-06T22:31:57
================================================================================
[2026-10-06T22:32:43.538+0000] {manager.py:879} INFO - 
================================================================================
DAG File Processing Stats

File Path                            PID    Runtime      # DAGs    # Errors  Last Runtime    Last Run
-----------------------------------  -----  ---------  --------  ----------  --------------  -------------------
/opt/airflow/dags/sgfood_elt_dag.py                           1           0  0.22s           2026-10-06T22:32:31
================================================================================
[2026-10-06T22:33:27.012+0000] {manager.py:469} INFO - Processing files using up to 1 processes at a time 
[2026-10-06T22:33:27.015+0000] {manager.py:470} INFO - Process each file at most once every 30 seconds
[2026-10-06T22:33:27.017+0000] {manager.py:471} INFO - Checking for new files in /opt/airflow/dags every 300 seconds
[2026-10-06T22:33:27.020+0000] {manager.py:738} INFO - Searching for files in /opt/airflow/dags
[2026-10-06T22:33:27.069+0000] {manager.py:741} INFO - There are 1 files in /opt/airflow/dags
[2026-10-06T22:33:27.636+0000] {manager.py:879} INFO - 
================================================================================
DAG File Processing Stats

File Path                            PID    Runtime      # DAGs    # Errors  Last Runtime    Last Run
-----------------------------------  -----  ---------  --------  ----------  --------------  -------------------
/opt/airflow/dags/sgfood_elt_dag.py                           1           0  0.23s           2026-10-06T22:33:27
================================================================================
[2026-10-06T22:33:55.751+0000] {manager.py:879} INFO - 
================================================================================
DAG File Processing Stats

File Path                            PID    Runtime      # DAGs    # Errors  Last Runtime    Last Run
-----------------------------------  -----  ---------  --------  ----------  --------------  -------------------
/opt/airflow/dags/sgfood_elt_dag.py                           1           0  0.23s           2026-10-06T22:33:27
================================================================================
[2026-10-06T22:34:58.018+0000] {manager.py:469} INFO - Processing files using up to 1 processes at a time 
[2026-10-06T22:34:58.021+0000] {manager.py:470} INFO - Process each file at most once every 30 seconds
[2026-10-06T22:34:58.023+0000] {manager.py:471} INFO - Checking for new files in /opt/airflow/dags every 300 seconds
[2026-10-06T22:34:58.026+0000] {manager.py:738} INFO - Searching for files in /opt/airflow/dags
[2026-10-06T22:34:58.071+0000] {manager.py:741} INFO - There are 1 files in /opt/airflow/dags
[2026-10-06T22:34:58.936+0000] {manager.py:879} INFO - 
================================================================================
DAG File Processing Stats

File Path                            PID    Runtime      # DAGs    # Errors  Last Runtime    Last Run
-----------------------------------  -----  ---------  --------  ----------  --------------  -------------------
/opt/airflow/dags/sgfood_elt_dag.py                           1           0  0.52s           2026-10-06T22:34:58
================================================================================
[2026-10-06T22:35:27.126+0000] {manager.py:879} INFO - 
================================================================================
DAG File Processing Stats

File Path                            PID    Runtime      # DAGs    # Errors  Last Runtime    Last Run
-----------------------------------  -----  ---------  --------  ----------  --------------  -------------------
/opt/airflow/dags/sgfood_elt_dag.py                           1           0  0.52s           2026-10-06T22:34:58
================================================================================
[2026-10-06T22:35:54.666+0000] {manager.py:879} INFO - 
================================================================================
DAG File Processing Stats

File Path                            PID    Runtime      # DAGs    # Errors  Last Runtime    Last Run
-----------------------------------  -----  ---------  --------  ----------  --------------  -------------------
/opt/airflow/dags/sgfood_elt_dag.py                           1           0  0.31s           2026-10-06T22:35:29
================================================================================
[2026-10-06T22:36:22.924+0000] {manager.py:879} INFO - 
================================================================================
DAG File Processing Stats

File Path                            PID    Runtime      # DAGs    # Errors  Last Runtime    Last Run
-----------------------------------  -----  ---------  --------  ----------  --------------  -------------------
/opt/airflow/dags/sgfood_elt_dag.py                           1           0  -7.85s          2026-10-06T22:36:22
================================================================================
[2026-10-06T22:36:59.839+0000] {manager.py:879} INFO - 
================================================================================
DAG File Processing Stats

File Path                            PID    Runtime      # DAGs    # Errors  Last Runtime    Last Run
-----------------------------------  -----  ---------  --------  ----------  --------------  -------------------
/opt/airflow/dags/sgfood_elt_dag.py                           1           0  0.33s           2026-10-06T22:36:54
================================================================================
[2026-10-06T22:37:20.318+0000] {manager.py:879} INFO - 
================================================================================
DAG File Processing Stats

File Path                            PID    Runtime      # DAGs    # Errors  Last Runtime    Last Run
-----------------------------------  -----  ---------  --------  ----------  --------------  -------------------
/opt/airflow/dags/sgfood_elt_dag.py                           1           0  0.33s           2026-10-06T22:36:54
================================================================================
[2026-10-06T22:37:47.900+0000] {manager.py:879} INFO - 
================================================================================
DAG File Processing Stats

File Path                            PID    Runtime      # DAGs    # Errors  Last Runtime    Last Run
-----------------------------------  -----  ---------  --------  ----------  --------------  -------------------
/opt/airflow/dags/sgfood_elt_dag.py                           1           0  0.33s           2026-10-06T22:37:24
================================================================================
[2026-10-06T22:38:15.946+0000] {manager.py:879} INFO - 
================================================================================
DAG File Processing Stats

File Path                            PID    Runtime      # DAGs    # Errors  Last Runtime    Last Run
-----------------------------------  -----  ---------  --------  ----------  --------------  -------------------
/opt/airflow/dags/sgfood_elt_dag.py                           1           0  0.32s           2026-10-06T22:37:55
================================================================================
[2026-10-06T22:39:35.494+0000] {manager.py:469} INFO - Processing files using up to 1 processes at a time 
[2026-10-06T22:39:35.497+0000] {manager.py:470} INFO - Process each file at most once every 30 seconds
[2026-10-06T22:39:35.500+0000] {manager.py:471} INFO - Checking for new files in /opt/airflow/dags every 300 seconds
[2026-10-06T22:39:35.502+0000] {manager.py:738} INFO - Searching for files in /opt/airflow/dags
[2026-10-06T22:39:35.553+0000] {manager.py:741} INFO - There are 1 files in /opt/airflow/dags
[2026-10-06T22:39:36.506+0000] {manager.py:879} INFO - 
================================================================================
DAG File Processing Stats

File Path                            PID    Runtime      # DAGs    # Errors  Last Runtime    Last Run
-----------------------------------  -----  ---------  --------  ----------  --------------  -------------------
/opt/airflow/dags/sgfood_elt_dag.py                           1           0  0.61s           2026-10-06T22:39:36
================================================================================
[2026-10-06T22:40:07.346+0000] {manager.py:879} INFO - 
================================================================================
DAG File Processing Stats

File Path                            PID    Runtime      # DAGs    # Errors  Last Runtime    Last Run
-----------------------------------  -----  ---------  --------  ----------  --------------  -------------------
/opt/airflow/dags/sgfood_elt_dag.py                           1           0  0.31s           2026-10-06T22:40:07
================================================================================
[2026-10-06T22:40:37.751+0000] {manager.py:879} INFO - 
================================================================================
DAG File Processing Stats

File Path                            PID    Runtime      # DAGs    # Errors  Last Runtime    Last Run
-----------------------------------  -----  ---------  --------  ----------  --------------  -------------------
/opt/airflow/dags/sgfood_elt_dag.py                           1           0  0.31s           2026-10-06T22:40:07
================================================================================
[2026-10-06T22:41:08.714+0000] {manager.py:879} INFO - 
================================================================================
DAG File Processing Stats

File Path                            PID    Runtime      # DAGs    # Errors  Last Runtime    Last Run
-----------------------------------  -----  ---------  --------  ----------  --------------  -------------------
/opt/airflow/dags/sgfood_elt_dag.py                           1           0  0.31s           2026-10-06T22:40:39
================================================================================
[2026-10-06T22:41:37.665+0000] {manager.py:879} INFO - 
================================================================================
DAG File Processing Stats

File Path                            PID    Runtime      # DAGs    # Errors  Last Runtime    Last Run
-----------------------------------  -----  ---------  --------  ----------  --------------  -------------------
/opt/airflow/dags/sgfood_elt_dag.py                           1           0  0.21s           2026-10-06T22:41:10
================================================================================
[2026-10-06T22:42:10.927+0000] {manager.py:879} INFO - 
================================================================================
DAG File Processing Stats

File Path                            PID    Runtime      # DAGs    # Errors  Last Runtime    Last Run
-----------------------------------  -----  ---------  --------  ----------  --------------  -------------------
/opt/airflow/dags/sgfood_elt_dag.py                           1           0  0.32s           2026-10-06T22:42:10
================================================================================
[2026-10-06T22:42:48.634+0000] {manager.py:879} INFO - 
================================================================================
DAG File Processing Stats

File Path                            PID    Runtime      # DAGs    # Errors  Last Runtime    Last Run
-----------------------------------  -----  ---------  --------  ----------  --------------  -------------------
/opt/airflow/dags/sgfood_elt_dag.py                           1           0  0.32s           2026-10-06T22:42:41
================================================================================
[2026-10-06T22:43:07.837+0000] {manager.py:879} INFO - 
================================================================================
DAG File Processing Stats

File Path                            PID    Runtime      # DAGs    # Errors  Last Runtime    Last Run
-----------------------------------  -----  ---------  --------  ----------  --------------  -------------------
/opt/airflow/dags/sgfood_elt_dag.py                           1           0  0.32s           2026-10-06T22:42:41
================================================================================
[2026-10-06T22:43:35.733+0000] {manager.py:879} INFO - 
================================================================================
DAG File Processing Stats

File Path                            PID    Runtime      # DAGs    # Errors  Last Runtime    Last Run
-----------------------------------  -----  ---------  --------  ----------  --------------  -------------------
/opt/airflow/dags/sgfood_elt_dag.py                           1           0  0.31s           2026-10-06T22:43:12
================================================================================
[2026-10-06T22:44:12.180+0000] {manager.py:879} INFO - 
================================================================================
DAG File Processing Stats

File Path                            PID    Runtime      # DAGs    # Errors  Last Runtime    Last Run
-----------------------------------  -----  ---------  --------  ----------  --------------  -------------------
/opt/airflow/dags/sgfood_elt_dag.py                           1           0  0.31s           2026-10-06T22:43:43
================================================================================
[2026-10-06T22:44:41.562+0000] {manager.py:738} INFO - Searching for files in /opt/airflow/dags
[2026-10-06T22:44:41.611+0000] {manager.py:741} INFO - There are 1 files in /opt/airflow/dags
[2026-10-06T22:44:34.620+0000] {manager.py:879} INFO - 
================================================================================
DAG File Processing Stats

File Path                            PID    Runtime      # DAGs    # Errors  Last Runtime    Last Run
-----------------------------------  -----  ---------  --------  ----------  --------------  -------------------
/opt/airflow/dags/sgfood_elt_dag.py                           1           0  0.31s           2026-10-06T22:44:14
================================================================================
[2026-10-06T22:45:05.114+0000] {manager.py:879} INFO - 
================================================================================
DAG File Processing Stats

File Path                            PID    Runtime      # DAGs    # Errors  Last Runtime    Last Run
-----------------------------------  -----  ---------  --------  ----------  --------------  -------------------
/opt/airflow/dags/sgfood_elt_dag.py                           1           0  0.22s           2026-10-06T22:44:45
================================================================================
[2026-10-06T22:45:35.547+0000] {manager.py:879} INFO - 
================================================================================
DAG File Processing Stats

File Path                            PID    Runtime      # DAGs    # Errors  Last Runtime    Last Run
-----------------------------------  -----  ---------  --------  ----------  --------------  -------------------
/opt/airflow/dags/sgfood_elt_dag.py                           1           0  0.31s           2026-10-06T22:45:15
================================================================================
[2026-10-06T22:46:03.960+0000] {manager.py:879} INFO - 
================================================================================
DAG File Processing Stats

File Path                            PID    Runtime      # DAGs    # Errors  Last Runtime    Last Run
-----------------------------------  -----  ---------  --------  ----------  --------------  -------------------
/opt/airflow/dags/sgfood_elt_dag.py                           1           0  0.33s           2026-10-06T22:45:46
================================================================================
[2026-10-06T22:46:31.716+0000] {manager.py:879} INFO - 
================================================================================
DAG File Processing Stats

File Path                            PID    Runtime      # DAGs    # Errors  Last Runtime    Last Run
-----------------------------------  -----  ---------  --------  ----------  --------------  -------------------
/opt/airflow/dags/sgfood_elt_dag.py                           1           0  -7.78s          2026-10-06T22:46:09
================================================================================
[2026-10-06T22:47:07.678+0000] {manager.py:879} INFO - 
================================================================================
DAG File Processing Stats

File Path                            PID    Runtime      # DAGs    # Errors  Last Runtime    Last Run
-----------------------------------  -----  ---------  --------  ----------  --------------  -------------------
/opt/airflow/dags/sgfood_elt_dag.py                           1           0  0.33s           2026-10-06T22:46:39
================================================================================
[2026-10-06T22:49:00.268+0000] {manager.py:469} INFO - Processing files using up to 1 processes at a time 
[2026-10-06T22:49:00.271+0000] {manager.py:470} INFO - Process each file at most once every 30 seconds
[2026-10-06T22:49:00.274+0000] {manager.py:471} INFO - Checking for new files in /opt/airflow/dags every 300 seconds
[2026-10-06T22:49:00.278+0000] {manager.py:738} INFO - Searching for files in /opt/airflow/dags
[2026-10-06T22:49:00.329+0000] {manager.py:741} INFO - There are 1 files in /opt/airflow/dags
[2026-10-06T22:49:01.164+0000] {manager.py:879} INFO - 
================================================================================
DAG File Processing Stats

File Path                            PID    Runtime      # DAGs    # Errors  Last Runtime    Last Run
-----------------------------------  -----  ---------  --------  ----------  --------------  -------------------
/opt/airflow/dags/sgfood_elt_dag.py                           1           0  0.34s           2026-10-06T22:49:01
================================================================================
[2026-10-06T22:49:29.395+0000] {manager.py:879} INFO - 
================================================================================
DAG File Processing Stats

File Path                            PID    Runtime      # DAGs    # Errors  Last Runtime    Last Run
-----------------------------------  -----  ---------  --------  ----------  --------------  -------------------
/opt/airflow/dags/sgfood_elt_dag.py                           1           0  0.63s           2026-10-06T22:49:24
================================================================================
[2026-10-06T22:49:57.879+0000] {manager.py:879} INFO - 
================================================================================
DAG File Processing Stats

File Path                            PID    Runtime      # DAGs    # Errors  Last Runtime    Last Run
-----------------------------------  -----  ---------  --------  ----------  --------------  -------------------
/opt/airflow/dags/sgfood_elt_dag.py                           1           0  0.33s           2026-10-06T22:49:55
================================================================================
[2026-10-06T22:50:25.637+0000] {manager.py:879} INFO - 
================================================================================
DAG File Processing Stats

File Path                            PID    Runtime      # DAGs    # Errors  Last Runtime    Last Run
-----------------------------------  -----  ---------  --------  ----------  --------------  -------------------
/opt/airflow/dags/sgfood_elt_dag.py                           1           0  0.31s           2026-10-06T22:50:26
================================================================================
[2026-10-06T22:51:02.155+0000] {manager.py:879} INFO - 
================================================================================
DAG File Processing Stats

File Path                            PID    Runtime      # DAGs    # Errors  Last Runtime    Last Run
-----------------------------------  -----  ---------  --------  ----------  --------------  -------------------
/opt/airflow/dags/sgfood_elt_dag.py                           1           0  0.32s           2026-10-06T22:50:57
================================================================================
[2026-10-06T22:51:21.566+0000] {manager.py:879} INFO - 
================================================================================
DAG File Processing Stats

File Path                            PID    Runtime      # DAGs    # Errors  Last Runtime    Last Run
-----------------------------------  -----  ---------  --------  ----------  --------------  -------------------
/opt/airflow/dags/sgfood_elt_dag.py                           1           0  0.32s           2026-10-06T22:50:57
================================================================================
[2026-10-06T22:51:49.839+0000] {manager.py:879} INFO - 
================================================================================
DAG File Processing Stats

File Path                            PID    Runtime      # DAGs    # Errors  Last Runtime    Last Run
-----------------------------------  -----  ---------  --------  ----------  --------------  -------------------
/opt/airflow/dags/sgfood_elt_dag.py                           1           0  0.32s           2026-10-06T22:51:28
================================================================================
[2026-10-06T22:52:19.158+0000] {manager.py:879} INFO - 
================================================================================
DAG File Processing Stats

File Path                            PID    Runtime      # DAGs    # Errors  Last Runtime    Last Run
-----------------------------------  -----  ---------  --------  ----------  --------------  -------------------
/opt/airflow/dags/sgfood_elt_dag.py                           1           0  0.32s           2026-10-06T22:51:59
================================================================================
[2026-10-06T22:52:50.338+0000] {manager.py:879} INFO - 
================================================================================
DAG File Processing Stats

File Path                            PID    Runtime      # DAGs    # Errors  Last Runtime    Last Run
-----------------------------------  -----  ---------  --------  ----------  --------------  -------------------
/opt/airflow/dags/sgfood_elt_dag.py                           1           0  -7.79s          2026-10-06T22:52:24
================================================================================
[2026-10-06T22:53:21.244+0000] {manager.py:879} INFO - 
================================================================================
DAG File Processing Stats

File Path                            PID    Runtime      # DAGs    # Errors  Last Runtime    Last Run
-----------------------------------  -----  ---------  --------  ----------  --------------  -------------------
/opt/airflow/dags/sgfood_elt_dag.py                           1           0  0.31s           2026-10-06T22:52:55
================================================================================
[2026-10-06T22:54:00.293+0000] {manager.py:738} INFO - Searching for files in /opt/airflow/dags
[2026-10-06T22:54:00.339+0000] {manager.py:741} INFO - There are 1 files in /opt/airflow/dags
[2026-10-06T22:54:00.365+0000] {manager.py:879} INFO - 
================================================================================
DAG File Processing Stats

File Path                            PID    Runtime      # DAGs    # Errors  Last Runtime    Last Run
-----------------------------------  -----  ---------  --------  ----------  --------------  -------------------
/opt/airflow/dags/sgfood_elt_dag.py                           1           0  0.31s           2026-10-06T22:53:58
================================================================================
[2026-10-06T22:54:23.061+0000] {manager.py:879} INFO - 
================================================================================
DAG File Processing Stats

File Path                            PID    Runtime      # DAGs    # Errors  Last Runtime    Last Run
-----------------------------------  -----  ---------  --------  ----------  --------------  -------------------
/opt/airflow/dags/sgfood_elt_dag.py                           1           0  0.31s           2026-10-06T22:53:58
================================================================================
[2026-10-06T22:54:53.412+0000] {manager.py:879} INFO - 
================================================================================
DAG File Processing Stats

File Path                            PID    Runtime      # DAGs    # Errors  Last Runtime    Last Run
-----------------------------------  -----  ---------  --------  ----------  --------------  -------------------
/opt/airflow/dags/sgfood_elt_dag.py                           1           0  -7.81s          2026-10-06T22:54:24
================================================================================
[2026-10-06T22:55:23.790+0000] {manager.py:879} INFO - 
================================================================================
DAG File Processing Stats

File Path                            PID    Runtime      # DAGs    # Errors  Last Runtime    Last Run
-----------------------------------  -----  ---------  --------  ----------  --------------  -------------------
/opt/airflow/dags/sgfood_elt_dag.py                           1           0  0.31s           2026-10-06T22:54:54
================================================================================
[2026-10-06T22:55:54.216+0000] {manager.py:879} INFO - 
================================================================================
DAG File Processing Stats

File Path                            PID    Runtime      # DAGs    # Errors  Last Runtime    Last Run
-----------------------------------  -----  ---------  --------  ----------  --------------  -------------------
/opt/airflow/dags/sgfood_elt_dag.py                           1           0  0.31s           2026-10-06T22:55:25
================================================================================
[2026-10-06T22:56:22.183+0000] {manager.py:879} INFO - 
================================================================================
DAG File Processing Stats

File Path                            PID    Runtime      # DAGs    # Errors  Last Runtime    Last Run
-----------------------------------  -----  ---------  --------  ----------  --------------  -------------------
/opt/airflow/dags/sgfood_elt_dag.py                           1           0  0.33s           2026-10-06T22:56:03
================================================================================
[2026-10-06T22:56:50.284+0000] {manager.py:879} INFO - 
================================================================================
DAG File Processing Stats

File Path                            PID    Runtime      # DAGs    # Errors  Last Runtime    Last Run
-----------------------------------  -----  ---------  --------  ----------  --------------  -------------------
/opt/airflow/dags/sgfood_elt_dag.py                           1           0  0.43s           2026-10-06T22:56:30
================================================================================
[2026-10-06T22:57:18.617+0000] {manager.py:879} INFO - 
================================================================================
DAG File Processing Stats

File Path                            PID    Runtime      # DAGs    # Errors  Last Runtime    Last Run
-----------------------------------  -----  ---------  --------  ----------  --------------  -------------------
/opt/airflow/dags/sgfood_elt_dag.py                           1           0  -7.82s          2026-10-06T22:56:55
================================================================================
[2026-10-06T22:57:49.643+0000] {manager.py:879} INFO - 
================================================================================
DAG File Processing Stats

File Path                            PID    Runtime      # DAGs    # Errors  Last Runtime    Last Run
-----------------------------------  -----  ---------  --------  ----------  --------------  -------------------
/opt/airflow/dags/sgfood_elt_dag.py                           1           0  -7.97s          2026-10-06T22:57:25
================================================================================
[2026-10-06T22:58:20.022+0000] {manager.py:879} INFO - 
================================================================================
DAG File Processing Stats

File Path                            PID    Runtime      # DAGs    # Errors  Last Runtime    Last Run
-----------------------------------  -----  ---------  --------  ----------  --------------  -------------------
/opt/airflow/dags/sgfood_elt_dag.py                           1           0  0.21s           2026-10-06T22:58:18
================================================================================
[2026-10-06T22:58:50.338+0000] {manager.py:879} INFO - 
================================================================================
DAG File Processing Stats

File Path                            PID    Runtime      # DAGs    # Errors  Last Runtime    Last Run
-----------------------------------  -----  ---------  --------  ----------  --------------  -------------------
/opt/airflow/dags/sgfood_elt_dag.py                           1           0  0.31s           2026-10-06T22:58:48
================================================================================
[2026-10-06T22:59:00.462+0000] {manager.py:738} INFO - Searching for files in /opt/airflow/dags
[2026-10-06T22:59:00.508+0000] {manager.py:741} INFO - There are 1 files in /opt/airflow/dags
[2026-10-06T22:59:28.939+0000] {manager.py:879} INFO - 
================================================================================
DAG File Processing Stats

File Path                            PID    Runtime      # DAGs    # Errors  Last Runtime    Last Run
-----------------------------------  -----  ---------  --------  ----------  --------------  -------------------
/opt/airflow/dags/sgfood_elt_dag.py                           1           0  0.31s           2026-10-06T22:59:27
================================================================================
[2026-10-06T22:59:51.154+0000] {manager.py:879} INFO - 
================================================================================
DAG File Processing Stats

File Path                            PID    Runtime      # DAGs    # Errors  Last Runtime    Last Run
-----------------------------------  -----  ---------  --------  ----------  --------------  -------------------
/opt/airflow/dags/sgfood_elt_dag.py                           1           0  0.31s           2026-10-06T22:59:27
================================================================================
[2026-10-06T23:00:21.199+0000] {manager.py:879} INFO - 
================================================================================
DAG File Processing Stats

File Path                            PID    Runtime      # DAGs    # Errors  Last Runtime    Last Run
-----------------------------------  -----  ---------  --------  ----------  --------------  -------------------
/opt/airflow/dags/sgfood_elt_dag.py                           1           0  0.31s           2026-10-06T22:59:58
================================================================================
[2026-10-06T23:00:51.496+0000] {manager.py:879} INFO - 
================================================================================
DAG File Processing Stats

File Path                            PID    Runtime      # DAGs    # Errors  Last Runtime    Last Run
-----------------------------------  -----  ---------  --------  ----------  --------------  -------------------
/opt/airflow/dags/sgfood_elt_dag.py                           1           0  0.32s           2026-10-06T23:00:34
================================================================================
[2026-10-06T23:01:21.664+0000] {manager.py:879} INFO - 
================================================================================
DAG File Processing Stats

File Path                            PID    Runtime      # DAGs    # Errors  Last Runtime    Last Run
-----------------------------------  -----  ---------  --------  ----------  --------------  -------------------
/opt/airflow/dags/sgfood_elt_dag.py                           1           0  -7.83s          2026-10-06T23:01:00
================================================================================
[2026-10-06T23:01:51.829+0000] {manager.py:879} INFO - 
================================================================================
DAG File Processing Stats

File Path                            PID    Runtime      # DAGs    # Errors  Last Runtime    Last Run
-----------------------------------  -----  ---------  --------  ----------  --------------  -------------------
/opt/airflow/dags/sgfood_elt_dag.py                           1           0  0.31s           2026-10-06T23:01:30
================================================================================
[2026-10-06T23:02:21.174+0000] {manager.py:879} INFO - 
================================================================================
DAG File Processing Stats

File Path                            PID    Runtime      # DAGs    # Errors  Last Runtime    Last Run
-----------------------------------  -----  ---------  --------  ----------  --------------  -------------------
/opt/airflow/dags/sgfood_elt_dag.py                           1           0  0.31s           2026-10-06T23:02:01
================================================================================
[2026-10-06T23:02:49.158+0000] {manager.py:879} INFO - 
================================================================================
DAG File Processing Stats

File Path                            PID    Runtime      # DAGs    # Errors  Last Runtime    Last Run
-----------------------------------  -----  ---------  --------  ----------  --------------  -------------------
/opt/airflow/dags/sgfood_elt_dag.py                           1           0  0.32s           2026-10-06T23:02:32
================================================================================
[2026-10-06T23:03:25.292+0000] {manager.py:879} INFO - 
================================================================================
DAG File Processing Stats

File Path                            PID    Runtime      # DAGs    # Errors  Last Runtime    Last Run
-----------------------------------  -----  ---------  --------  ----------  --------------  -------------------
/opt/airflow/dags/sgfood_elt_dag.py                           1           0  0.33s           2026-10-06T23:03:02
================================================================================
[2026-10-06T23:03:45.012+0000] {manager.py:879} INFO - 
================================================================================
DAG File Processing Stats

File Path                            PID    Runtime      # DAGs    # Errors  Last Runtime    Last Run
-----------------------------------  -----  ---------  --------  ----------  --------------  -------------------
/opt/airflow/dags/sgfood_elt_dag.py                           1           0  0.33s           2026-10-06T23:03:32
================================================================================
[2026-10-06T23:04:00.638+0000] {manager.py:738} INFO - Searching for files in /opt/airflow/dags
[2026-10-06T23:04:00.684+0000] {manager.py:741} INFO - There are 1 files in /opt/airflow/dags
[2026-10-06T23:04:12.854+0000] {manager.py:879} INFO - 
================================================================================
DAG File Processing Stats

File Path                            PID    Runtime      # DAGs    # Errors  Last Runtime    Last Run
-----------------------------------  -----  ---------  --------  ----------  --------------  -------------------
/opt/airflow/dags/sgfood_elt_dag.py                           1           0  0.33s           2026-10-06T23:04:03
================================================================================
[2026-10-06T23:04:40.858+0000] {manager.py:879} INFO - 
================================================================================
DAG File Processing Stats

File Path                            PID    Runtime      # DAGs    # Errors  Last Runtime    Last Run
-----------------------------------  -----  ---------  --------  ----------  --------------  -------------------
/opt/airflow/dags/sgfood_elt_dag.py                           1           0  0.32s           2026-10-06T23:04:34
================================================================================
[2026-10-06T23:05:08.875+0000] {manager.py:879} INFO - 
================================================================================
DAG File Processing Stats

File Path                            PID    Runtime      # DAGs    # Errors  Last Runtime    Last Run
-----------------------------------  -----  ---------  --------  ----------  --------------  -------------------
/opt/airflow/dags/sgfood_elt_dag.py                           1           0  -7.83s          2026-10-06T23:05:01
================================================================================
[2026-10-06T23:05:38.533+0000] {manager.py:879} INFO - 
================================================================================
DAG File Processing Stats

File Path                            PID    Runtime      # DAGs    # Errors  Last Runtime    Last Run
-----------------------------------  -----  ---------  --------  ----------  --------------  -------------------
/opt/airflow/dags/sgfood_elt_dag.py                           1           0  0.32s           2026-10-06T23:05:31
================================================================================
[2026-10-06T23:06:14.591+0000] {manager.py:879} INFO - 
================================================================================
DAG File Processing Stats

File Path                            PID    Runtime      # DAGs    # Errors  Last Runtime    Last Run
-----------------------------------  -----  ---------  --------  ----------  --------------  -------------------
/opt/airflow/dags/sgfood_elt_dag.py                           1           0  0.33s           2026-10-06T23:06:01
================================================================================
[2026-10-06T23:11:42.523+0000] {manager.py:469} INFO - Processing files using up to 1 processes at a time 
[2026-10-06T23:11:42.527+0000] {manager.py:470} INFO - Process each file at most once every 30 seconds
[2026-10-06T23:11:42.532+0000] {manager.py:471} INFO - Checking for new files in /opt/airflow/dags every 300 seconds
[2026-10-06T23:11:42.536+0000] {manager.py:738} INFO - Searching for files in /opt/airflow/dags
[2026-10-06T23:11:42.582+0000] {manager.py:741} INFO - There are 1 files in /opt/airflow/dags
[2026-10-06T23:11:43.403+0000] {manager.py:879} INFO - 
================================================================================
DAG File Processing Stats

File Path                            PID    Runtime      # DAGs    # Errors  Last Runtime    Last Run
-----------------------------------  -----  ---------  --------  ----------  --------------  -------------------
/opt/airflow/dags/sgfood_elt_dag.py                           1           0  0.33s           2026-10-06T23:11:43
================================================================================
[2026-10-06T23:12:16.695+0000] {manager.py:879} INFO - 
================================================================================
DAG File Processing Stats

File Path                            PID    Runtime      # DAGs    # Errors  Last Runtime    Last Run
-----------------------------------  -----  ---------  --------  ----------  --------------  -------------------
/opt/airflow/dags/sgfood_elt_dag.py                           1           0  0.15s           2026-10-06T23:12:16
================================================================================
[2026-10-06T23:12:45.278+0000] {manager.py:879} INFO - 
================================================================================
DAG File Processing Stats

File Path                            PID    Runtime      # DAGs    # Errors  Last Runtime    Last Run
-----------------------------------  -----  ---------  --------  ----------  --------------  -------------------
/opt/airflow/dags/sgfood_elt_dag.py                           1           0  0.15s           2026-10-06T23:12:16
================================================================================
[2026-10-06T23:13:23.347+0000] {manager.py:879} INFO - 
================================================================================
DAG File Processing Stats

File Path                            PID    Runtime      # DAGs    # Errors  Last Runtime    Last Run
-----------------------------------  -----  ---------  --------  ----------  --------------  -------------------
/opt/airflow/dags/sgfood_elt_dag.py                           1           0  0.33s           2026-10-06T23:13:23
================================================================================
[2026-10-06T23:13:51.078+0000] {manager.py:879} INFO - 
================================================================================
DAG File Processing Stats

File Path                            PID    Runtime      # DAGs    # Errors  Last Runtime    Last Run
-----------------------------------  -----  ---------  --------  ----------  --------------  -------------------
/opt/airflow/dags/sgfood_elt_dag.py                           1           0  0.33s           2026-10-06T23:13:23
================================================================================
[2026-10-06T23:14:18.796+0000] {manager.py:879} INFO - 
================================================================================
DAG File Processing Stats

File Path                            PID    Runtime      # DAGs    # Errors  Last Runtime    Last Run
-----------------------------------  -----  ---------  --------  ----------  --------------  -------------------
/opt/airflow/dags/sgfood_elt_dag.py                           1           0  0.33s           2026-10-06T23:13:54
================================================================================
[2026-10-06T23:14:46.625+0000] {manager.py:879} INFO - 
================================================================================
DAG File Processing Stats

File Path                            PID    Runtime      # DAGs    # Errors  Last Runtime    Last Run
-----------------------------------  -----  ---------  --------  ----------  --------------  -------------------
/opt/airflow/dags/sgfood_elt_dag.py                           1           0  0.32s           2026-10-06T23:14:32
================================================================================
[2026-10-06T23:15:13.918+0000] {manager.py:879} INFO - 
================================================================================
DAG File Processing Stats

File Path                            PID    Runtime      # DAGs    # Errors  Last Runtime    Last Run
-----------------------------------  -----  ---------  --------  ----------  --------------  -------------------
/opt/airflow/dags/sgfood_elt_dag.py                           1           0  0.32s           2026-10-06T23:15:03
================================================================================
[2026-10-06T23:15:41.786+0000] {manager.py:879} INFO - 
================================================================================
DAG File Processing Stats

File Path                            PID    Runtime      # DAGs    # Errors  Last Runtime    Last Run
-----------------------------------  -----  ---------  --------  ----------  --------------  -------------------
/opt/airflow/dags/sgfood_elt_dag.py                           1           0  -7.87s          2026-10-06T23:15:32
================================================================================
[2026-10-06T23:16:09.092+0000] {manager.py:879} INFO - 
================================================================================
DAG File Processing Stats

File Path                            PID    Runtime      # DAGs    # Errors  Last Runtime    Last Run
-----------------------------------  -----  ---------  --------  ----------  --------------  -------------------
/opt/airflow/dags/sgfood_elt_dag.py                           1           0  0.33s           2026-10-06T23:16:02
================================================================================
[2026-10-06T23:16:36.910+0000] {manager.py:879} INFO - 
================================================================================
DAG File Processing Stats

File Path                            PID    Runtime      # DAGs    # Errors  Last Runtime    Last Run
-----------------------------------  -----  ---------  --------  ----------  --------------  -------------------
/opt/airflow/dags/sgfood_elt_dag.py                           1           0  0.33s           2026-10-06T23:16:33
================================================================================
[2026-10-06T23:16:43.423+0000] {manager.py:738} INFO - Searching for files in /opt/airflow/dags
[2026-10-06T23:16:43.474+0000] {manager.py:741} INFO - There are 1 files in /opt/airflow/dags
[2026-10-06T23:17:04.411+0000] {manager.py:879} INFO - 
================================================================================
DAG File Processing Stats

File Path                            PID    Runtime      # DAGs    # Errors  Last Runtime    Last Run
-----------------------------------  -----  ---------  --------  ----------  --------------  -------------------
/opt/airflow/dags/sgfood_elt_dag.py                           1           0  0.32s           2026-10-06T23:17:04
================================================================================
[2026-10-06T23:17:32.255+0000] {manager.py:879} INFO - 
================================================================================
DAG File Processing Stats

File Path                            PID    Runtime      # DAGs    # Errors  Last Runtime    Last Run
-----------------------------------  -----  ---------  --------  ----------  --------------  -------------------
/opt/airflow/dags/sgfood_elt_dag.py                           1           0  -7.88s          2026-10-06T23:17:27
================================================================================
[2026-10-06T23:17:59.595+0000] {manager.py:879} INFO - 
================================================================================
DAG File Processing Stats

File Path                            PID    Runtime      # DAGs    # Errors  Last Runtime    Last Run
-----------------------------------  -----  ---------  --------  ----------  --------------  -------------------
/opt/airflow/dags/sgfood_elt_dag.py                           1           0  0.33s           2026-10-06T23:17:57
================================================================================
[2026-10-06T23:18:27.359+0000] {manager.py:879} INFO - 
================================================================================
DAG File Processing Stats

File Path                            PID    Runtime      # DAGs    # Errors  Last Runtime    Last Run
-----------------------------------  -----  ---------  --------  ----------  --------------  -------------------
/opt/airflow/dags/sgfood_elt_dag.py                           1           0  0.33s           2026-10-06T23:17:57
================================================================================
[2026-10-06T23:18:54.499+0000] {manager.py:879} INFO - 
================================================================================
DAG File Processing Stats

File Path                            PID    Runtime      # DAGs    # Errors  Last Runtime    Last Run
-----------------------------------  -----  ---------  --------  ----------  --------------  -------------------
/opt/airflow/dags/sgfood_elt_dag.py                           1           0  0.44s           2026-10-06T23:18:28
================================================================================
[2026-10-06T23:19:22.118+0000] {manager.py:879} INFO - 
================================================================================
DAG File Processing Stats

File Path                            PID    Runtime      # DAGs    # Errors  Last Runtime    Last Run
-----------------------------------  -----  ---------  --------  ----------  --------------  -------------------
/opt/airflow/dags/sgfood_elt_dag.py                           1           0  0.42s           2026-10-06T23:18:58
================================================================================
[2026-10-06T23:19:49.220+0000] {manager.py:879} INFO - 
================================================================================
DAG File Processing Stats

File Path                            PID    Runtime      # DAGs    # Errors  Last Runtime    Last Run
-----------------------------------  -----  ---------  --------  ----------  --------------  -------------------
/opt/airflow/dags/sgfood_elt_dag.py                           1           0  -7.88s          2026-10-06T23:19:27
================================================================================
[2026-10-06T23:20:16.869+0000] {manager.py:879} INFO - 
================================================================================
DAG File Processing Stats

File Path                            PID    Runtime      # DAGs    # Errors  Last Runtime    Last Run
-----------------------------------  -----  ---------  --------  ----------  --------------  -------------------
/opt/airflow/dags/sgfood_elt_dag.py                           1           0  0.43s           2026-10-06T23:19:58
================================================================================
[2026-10-06T23:20:44.004+0000] {manager.py:879} INFO - 
================================================================================
DAG File Processing Stats

File Path                            PID    Runtime      # DAGs    # Errors  Last Runtime    Last Run
-----------------------------------  -----  ---------  --------  ----------  --------------  -------------------
/opt/airflow/dags/sgfood_elt_dag.py                           1           0  0.34s           2026-10-06T23:20:30
================================================================================
[2026-10-06T23:21:11.771+0000] {manager.py:879} INFO - 
================================================================================
DAG File Processing Stats

File Path                            PID    Runtime      # DAGs    # Errors  Last Runtime    Last Run
-----------------------------------  -----  ---------  --------  ----------  --------------  -------------------
/opt/airflow/dags/sgfood_elt_dag.py                           1           0  0.33s           2026-10-06T23:20:57
================================================================================
[2026-10-06T23:21:45.684+0000] {manager.py:738} INFO - Searching for files in /opt/airflow/dags
[2026-10-06T23:21:45.734+0000] {manager.py:741} INFO - There are 1 files in /opt/airflow/dags
[2026-10-06T23:21:38.997+0000] {manager.py:879} INFO - 
================================================================================
DAG File Processing Stats

File Path                            PID    Runtime      # DAGs    # Errors  Last Runtime    Last Run
-----------------------------------  -----  ---------  --------  ----------  --------------  -------------------
/opt/airflow/dags/sgfood_elt_dag.py                           1           0  0.33s           2026-10-06T23:21:28
================================================================================
[2026-10-06T23:22:07.024+0000] {manager.py:879} INFO - 
================================================================================
DAG File Processing Stats

File Path                            PID    Runtime      # DAGs    # Errors  Last Runtime    Last Run
-----------------------------------  -----  ---------  --------  ----------  --------------  -------------------
/opt/airflow/dags/sgfood_elt_dag.py                           1           0  -7.87s          2026-10-06T23:21:52
================================================================================
[2026-10-06T23:22:34.196+0000] {manager.py:879} INFO - 
================================================================================
DAG File Processing Stats

File Path                            PID    Runtime      # DAGs    # Errors  Last Runtime    Last Run
-----------------------------------  -----  ---------  --------  ----------  --------------  -------------------
/opt/airflow/dags/sgfood_elt_dag.py                           1           0  -7.89s          2026-10-06T23:22:16
================================================================================
[2026-10-06T23:23:01.693+0000] {manager.py:879} INFO - 
================================================================================
DAG File Processing Stats

File Path                            PID    Runtime      # DAGs    # Errors  Last Runtime    Last Run
-----------------------------------  -----  ---------  --------  ----------  --------------  -------------------
/opt/airflow/dags/sgfood_elt_dag.py                           1           0  0.32s           2026-10-06T23:22:46
================================================================================
[2026-10-06T23:23:28.728+0000] {manager.py:879} INFO - 
================================================================================
DAG File Processing Stats

File Path                            PID    Runtime      # DAGs    # Errors  Last Runtime    Last Run
-----------------------------------  -----  ---------  --------  ----------  --------------  -------------------
/opt/airflow/dags/sgfood_elt_dag.py                           1           0  -7.89s          2026-10-06T23:23:10
================================================================================
[2026-10-06T23:23:56.619+0000] {manager.py:879} INFO - 
================================================================================
DAG File Processing Stats

File Path                            PID    Runtime      # DAGs    # Errors  Last Runtime    Last Run
-----------------------------------  -----  ---------  --------  ----------  --------------  -------------------
/opt/airflow/dags/sgfood_elt_dag.py                           1           0  -7.88s          2026-10-06T23:23:38
================================================================================
[2026-10-06T23:24:23.772+0000] {manager.py:879} INFO - 
================================================================================
DAG File Processing Stats

File Path                            PID    Runtime      # DAGs    # Errors  Last Runtime    Last Run
-----------------------------------  -----  ---------  --------  ----------  --------------  -------------------
/opt/airflow/dags/sgfood_elt_dag.py                           1           0  -7.79s          2026-10-06T23:24:03
================================================================================
[2026-10-06T23:24:51.414+0000] {manager.py:879} INFO - 
================================================================================
DAG File Processing Stats

File Path                            PID    Runtime      # DAGs    # Errors  Last Runtime    Last Run
-----------------------------------  -----  ---------  --------  ----------  --------------  -------------------
/opt/airflow/dags/sgfood_elt_dag.py                           1           0  -7.89s          2026-10-06T23:24:28
================================================================================
[2026-10-06T23:25:18.544+0000] {manager.py:879} INFO - 
================================================================================
DAG File Processing Stats

File Path                            PID    Runtime      # DAGs    # Errors  Last Runtime    Last Run
-----------------------------------  -----  ---------  --------  ----------  --------------  -------------------
/opt/airflow/dags/sgfood_elt_dag.py                           1           0  0.32s           2026-10-06T23:24:59
================================================================================
[2026-10-06T23:25:46.283+0000] {manager.py:879} INFO - 
================================================================================
DAG File Processing Stats

File Path                            PID    Runtime      # DAGs    # Errors  Last Runtime    Last Run
-----------------------------------  -----  ---------  --------  ----------  --------------  -------------------
/opt/airflow/dags/sgfood_elt_dag.py                           1           0  0.33s           2026-10-06T23:25:30
================================================================================
[2026-10-06T23:26:13.457+0000] {manager.py:879} INFO - 
================================================================================
DAG File Processing Stats

File Path                            PID    Runtime      # DAGs    # Errors  Last Runtime    Last Run
-----------------------------------  -----  ---------  --------  ----------  --------------  -------------------
/opt/airflow/dags/sgfood_elt_dag.py                           1           0  -7.90s          2026-10-06T23:25:58
================================================================================
[2026-10-06T23:26:41.086+0000] {manager.py:879} INFO - 
================================================================================
DAG File Processing Stats

File Path                            PID    Runtime      # DAGs    # Errors  Last Runtime    Last Run
-----------------------------------  -----  ---------  --------  ----------  --------------  -------------------
/opt/airflow/dags/sgfood_elt_dag.py                           1           0  -7.90s          2026-10-06T23:26:23
================================================================================
[2026-10-06T23:26:51.305+0000] {manager.py:738} INFO - Searching for files in /opt/airflow/dags
[2026-10-06T23:26:51.352+0000] {manager.py:741} INFO - There are 1 files in /opt/airflow/dags
[2026-10-06T23:27:16.347+0000] {manager.py:879} INFO - 
================================================================================
DAG File Processing Stats

File Path                            PID    Runtime      # DAGs    # Errors  Last Runtime    Last Run
-----------------------------------  -----  ---------  --------  ----------  --------------  -------------------
/opt/airflow/dags/sgfood_elt_dag.py                           1           0  0.33s           2026-10-06T23:26:53
================================================================================
[2026-10-06T23:27:35.822+0000] {manager.py:879} INFO - 
================================================================================
DAG File Processing Stats

File Path                            PID    Runtime      # DAGs    # Errors  Last Runtime    Last Run
-----------------------------------  -----  ---------  --------  ----------  --------------  -------------------
/opt/airflow/dags/sgfood_elt_dag.py                           1           0  0.32s           2026-10-06T23:27:24
================================================================================
[2026-10-06T23:28:03.463+0000] {manager.py:879} INFO - 
================================================================================
DAG File Processing Stats

File Path                            PID    Runtime      # DAGs    # Errors  Last Runtime    Last Run
-----------------------------------  -----  ---------  --------  ----------  --------------  -------------------
/opt/airflow/dags/sgfood_elt_dag.py                           1           0  0.31s           2026-10-06T23:27:55
================================================================================
[2026-10-06T23:28:30.582+0000] {manager.py:879} INFO - 
================================================================================
DAG File Processing Stats

File Path                            PID    Runtime      # DAGs    # Errors  Last Runtime    Last Run
-----------------------------------  -----  ---------  --------  ----------  --------------  -------------------
/opt/airflow/dags/sgfood_elt_dag.py                           1           0  0.31s           2026-10-06T23:28:26
================================================================================
[2026-10-06T23:28:58.341+0000] {manager.py:879} INFO - 
================================================================================
DAG File Processing Stats

File Path                            PID    Runtime      # DAGs    # Errors  Last Runtime    Last Run
-----------------------------------  -----  ---------  --------  ----------  --------------  -------------------
/opt/airflow/dags/sgfood_elt_dag.py                           1           0  0.33s           2026-10-06T23:28:57
================================================================================
[2026-10-06T23:29:25.477+0000] {manager.py:879} INFO - 
================================================================================
DAG File Processing Stats

File Path                            PID    Runtime      # DAGs    # Errors  Last Runtime    Last Run
-----------------------------------  -----  ---------  --------  ----------  --------------  -------------------
/opt/airflow/dags/sgfood_elt_dag.py                           1           0  0.33s           2026-10-06T23:28:57
================================================================================
[2026-10-06T23:29:53.125+0000] {manager.py:879} INFO - 
================================================================================
DAG File Processing Stats

File Path                            PID    Runtime      # DAGs    # Errors  Last Runtime    Last Run
-----------------------------------  -----  ---------  --------  ----------  --------------  -------------------
/opt/airflow/dags/sgfood_elt_dag.py                           1           0  0.33s           2026-10-06T23:29:28
================================================================================
[2026-10-06T23:30:20.219+0000] {manager.py:879} INFO - 
================================================================================
DAG File Processing Stats

File Path                            PID    Runtime      # DAGs    # Errors  Last Runtime    Last Run
-----------------------------------  -----  ---------  --------  ----------  --------------  -------------------
/opt/airflow/dags/sgfood_elt_dag.py                           1           0  8.06s           2026-10-06T23:30:06
================================================================================
[2026-10-06T23:30:47.831+0000] {manager.py:879} INFO - 
================================================================================
DAG File Processing Stats

File Path                            PID    Runtime      # DAGs    # Errors  Last Runtime    Last Run
-----------------------------------  -----  ---------  --------  ----------  --------------  -------------------
/opt/airflow/dags/sgfood_elt_dag.py                           1           0  0.34s           2026-10-06T23:30:37
================================================================================
[2026-10-06T23:31:14.950+0000] {manager.py:879} INFO - 
================================================================================
DAG File Processing Stats

File Path                            PID    Runtime      # DAGs    # Errors  Last Runtime    Last Run
-----------------------------------  -----  ---------  --------  ----------  --------------  -------------------
/opt/airflow/dags/sgfood_elt_dag.py                           1           0  8.06s           2026-10-06T23:31:16
================================================================================
[2026-10-06T23:31:42.570+0000] {manager.py:879} INFO - 
================================================================================
DAG File Processing Stats

File Path                            PID    Runtime      # DAGs    # Errors  Last Runtime    Last Run
-----------------------------------  -----  ---------  --------  ----------  --------------  -------------------
/opt/airflow/dags/sgfood_elt_dag.py                           1           0  -7.91s          2026-10-06T23:31:38
================================================================================
[2026-10-06T23:31:51.350+0000] {manager.py:738} INFO - Searching for files in /opt/airflow/dags
[2026-10-06T23:31:51.402+0000] {manager.py:741} INFO - There are 1 files in /opt/airflow/dags
[2026-10-06T23:32:09.683+0000] {manager.py:879} INFO - 
================================================================================
DAG File Processing Stats

File Path                            PID    Runtime      # DAGs    # Errors  Last Runtime    Last Run
-----------------------------------  -----  ---------  --------  ----------  --------------  -------------------
/opt/airflow/dags/sgfood_elt_dag.py                           1           0  -7.91s          2026-10-06T23:32:08
================================================================================
[2026-10-06T23:32:37.274+0000] {manager.py:879} INFO - 
================================================================================
DAG File Processing Stats

File Path                            PID    Runtime      # DAGs    # Errors  Last Runtime    Last Run
-----------------------------------  -----  ---------  --------  ----------  --------------  -------------------
/opt/airflow/dags/sgfood_elt_dag.py                           1           0  -7.91s          2026-10-06T23:32:08
================================================================================
[2026-10-06T23:33:12.546+0000] {manager.py:879} INFO - 
================================================================================
DAG File Processing Stats

File Path                            PID    Runtime      # DAGs    # Errors  Last Runtime    Last Run
-----------------------------------  -----  ---------  --------  ----------  --------------  -------------------
/opt/airflow/dags/sgfood_elt_dag.py                           1           0  0.45s           2026-10-06T23:33:12
================================================================================
[2026-10-06T23:33:32.053+0000] {manager.py:879} INFO - 
================================================================================
DAG File Processing Stats

File Path                            PID    Runtime      # DAGs    # Errors  Last Runtime    Last Run
-----------------------------------  -----  ---------  --------  ----------  --------------  -------------------
/opt/airflow/dags/sgfood_elt_dag.py                           1           0  0.45s           2026-10-06T23:33:12
================================================================================
[2026-10-06T23:33:59.207+0000] {manager.py:879} INFO - 
================================================================================
DAG File Processing Stats

File Path                            PID    Runtime      # DAGs    # Errors  Last Runtime    Last Run
-----------------------------------  -----  ---------  --------  ----------  --------------  -------------------
/opt/airflow/dags/sgfood_elt_dag.py                           1           0  -7.83s          2026-10-06T23:33:39
================================================================================
[2026-10-06T23:34:26.897+0000] {manager.py:879} INFO - 
================================================================================
DAG File Processing Stats

File Path                            PID    Runtime      # DAGs    # Errors  Last Runtime    Last Run
-----------------------------------  -----  ---------  --------  ----------  --------------  -------------------
/opt/airflow/dags/sgfood_elt_dag.py                           1           0  -7.88s          2026-10-06T23:34:09
================================================================================
[2026-10-06T23:34:54.020+0000] {manager.py:879} INFO - 
================================================================================
DAG File Processing Stats

File Path                            PID    Runtime      # DAGs    # Errors  Last Runtime    Last Run
-----------------------------------  -----  ---------  --------  ----------  --------------  -------------------
/opt/airflow/dags/sgfood_elt_dag.py                           1           0  -7.90s          2026-10-06T23:34:33
================================================================================
[2026-10-06T23:35:21.742+0000] {manager.py:879} INFO - 
================================================================================
DAG File Processing Stats

File Path                            PID    Runtime      # DAGs    # Errors  Last Runtime    Last Run
-----------------------------------  -----  ---------  --------  ----------  --------------  -------------------
/opt/airflow/dags/sgfood_elt_dag.py                           1           0  0.31s           2026-10-06T23:35:03
================================================================================
[2026-10-06T23:35:49.379+0000] {manager.py:879} INFO - 
================================================================================
DAG File Processing Stats

File Path                            PID    Runtime      # DAGs    # Errors  Last Runtime    Last Run
-----------------------------------  -----  ---------  --------  ----------  --------------  -------------------
/opt/airflow/dags/sgfood_elt_dag.py                           1           0  8.06s           2026-10-06T23:35:42
================================================================================
[2026-10-06T23:36:16.530+0000] {manager.py:879} INFO - 
================================================================================
DAG File Processing Stats

File Path                            PID    Runtime      # DAGs    # Errors  Last Runtime    Last Run
-----------------------------------  -----  ---------  --------  ----------  --------------  -------------------
/opt/airflow/dags/sgfood_elt_dag.py                           1           0  0.32s           2026-10-06T23:36:12
================================================================================
[2026-10-06T23:36:44.056+0000] {manager.py:879} INFO - 
================================================================================
DAG File Processing Stats

File Path                            PID    Runtime      # DAGs    # Errors  Last Runtime    Last Run
-----------------------------------  -----  ---------  --------  ----------  --------------  -------------------
/opt/airflow/dags/sgfood_elt_dag.py                           1           0  0.34s           2026-10-06T23:36:44
================================================================================
[2026-10-06T23:36:51.729+0000] {manager.py:738} INFO - Searching for files in /opt/airflow/dags
[2026-10-06T23:36:51.789+0000] {manager.py:741} INFO - There are 1 files in /opt/airflow/dags
[2026-10-06T23:37:11.290+0000] {manager.py:879} INFO - 
================================================================================
DAG File Processing Stats

File Path                            PID    Runtime      # DAGs    # Errors  Last Runtime    Last Run
-----------------------------------  -----  ---------  --------  ----------  --------------  -------------------
/opt/airflow/dags/sgfood_elt_dag.py                           1           0  0.34s           2026-10-06T23:36:44
================================================================================
[2026-10-06T23:37:38.906+0000] {manager.py:879} INFO - 
================================================================================
DAG File Processing Stats

File Path                            PID    Runtime      # DAGs    # Errors  Last Runtime    Last Run
-----------------------------------  -----  ---------  --------  ----------  --------------  -------------------
/opt/airflow/dags/sgfood_elt_dag.py                           1           0  0.34s           2026-10-06T23:37:14
================================================================================
[2026-10-06T23:38:06.030+0000] {manager.py:879} INFO - 
================================================================================
DAG File Processing Stats

File Path                            PID    Runtime      # DAGs    # Errors  Last Runtime    Last Run
-----------------------------------  -----  ---------  --------  ----------  --------------  -------------------
/opt/airflow/dags/sgfood_elt_dag.py                           1           0  0.33s           2026-10-06T23:37:45
================================================================================
[2026-10-06T23:38:33.725+0000] {manager.py:879} INFO - 
================================================================================
DAG File Processing Stats

File Path                            PID    Runtime      # DAGs    # Errors  Last Runtime    Last Run
-----------------------------------  -----  ---------  --------  ----------  --------------  -------------------
/opt/airflow/dags/sgfood_elt_dag.py                           1           0  0.41s           2026-10-06T23:38:09
================================================================================
[2026-10-06T23:39:00.917+0000] {manager.py:879} INFO - 
================================================================================
DAG File Processing Stats

File Path                            PID    Runtime      # DAGs    # Errors  Last Runtime    Last Run
-----------------------------------  -----  ---------  --------  ----------  --------------  -------------------
/opt/airflow/dags/sgfood_elt_dag.py                           1           0  0.32s           2026-10-06T23:38:41
================================================================================
[2026-10-06T23:39:28.602+0000] {manager.py:879} INFO - 
================================================================================
DAG File Processing Stats

File Path                            PID    Runtime      # DAGs    # Errors  Last Runtime    Last Run
-----------------------------------  -----  ---------  --------  ----------  --------------  -------------------
/opt/airflow/dags/sgfood_elt_dag.py                           1           0  -7.84s          2026-10-06T23:39:09
================================================================================
[2026-10-06T23:39:55.713+0000] {manager.py:879} INFO - 
================================================================================
DAG File Processing Stats

File Path                            PID    Runtime      # DAGs    # Errors  Last Runtime    Last Run
-----------------------------------  -----  ---------  --------  ----------  --------------  -------------------
/opt/airflow/dags/sgfood_elt_dag.py                           1           0  0.33s           2026-10-06T23:39:40
================================================================================
[2026-10-06T23:40:23.360+0000] {manager.py:879} INFO - 
================================================================================
DAG File Processing Stats

File Path                            PID    Runtime      # DAGs    # Errors  Last Runtime    Last Run
-----------------------------------  -----  ---------  --------  ----------  --------------  -------------------
/opt/airflow/dags/sgfood_elt_dag.py                           1           0  0.33s           2026-10-06T23:40:10
================================================================================
[2026-10-06T23:40:50.497+0000] {manager.py:879} INFO - 
================================================================================
DAG File Processing Stats

File Path                            PID    Runtime      # DAGs    # Errors  Last Runtime    Last Run
-----------------------------------  -----  ---------  --------  ----------  --------------  -------------------
/opt/airflow/dags/sgfood_elt_dag.py                           1           0  0.32s           2026-10-06T23:40:41
================================================================================
[2026-10-06T23:41:18.113+0000] {manager.py:879} INFO - 
================================================================================
DAG File Processing Stats

File Path                            PID    Runtime      # DAGs    # Errors  Last Runtime    Last Run
-----------------------------------  -----  ---------  --------  ----------  --------------  -------------------
/opt/airflow/dags/sgfood_elt_dag.py                           1           0  0.33s           2026-10-06T23:41:12
================================================================================
[2026-10-06T23:41:45.184+0000] {manager.py:879} INFO - 
================================================================================
DAG File Processing Stats

File Path                            PID    Runtime      # DAGs    # Errors  Last Runtime    Last Run
-----------------------------------  -----  ---------  --------  ----------  --------------  -------------------
/opt/airflow/dags/sgfood_elt_dag.py                           1           0  0.33s           2026-10-06T23:41:43
================================================================================
[2026-10-06T23:41:52.132+0000] {manager.py:738} INFO - Searching for files in /opt/airflow/dags
[2026-10-06T23:41:52.213+0000] {manager.py:741} INFO - There are 1 files in /opt/airflow/dags
[2026-10-06T23:42:12.719+0000] {manager.py:879} INFO - 
================================================================================
DAG File Processing Stats

File Path                            PID    Runtime      # DAGs    # Errors  Last Runtime    Last Run
-----------------------------------  -----  ---------  --------  ----------  --------------  -------------------
/opt/airflow/dags/sgfood_elt_dag.py                           1           0  0.33s           2026-10-06T23:41:43
================================================================================
[2026-10-06T23:42:39.922+0000] {manager.py:879} INFO - 
================================================================================
DAG File Processing Stats

File Path                            PID    Runtime      # DAGs    # Errors  Last Runtime    Last Run
-----------------------------------  -----  ---------  --------  ----------  --------------  -------------------
/opt/airflow/dags/sgfood_elt_dag.py                           1           0  0.33s           2026-10-06T23:42:14
================================================================================
[2026-10-06T23:43:07.546+0000] {manager.py:879} INFO - 
================================================================================
DAG File Processing Stats

File Path                            PID    Runtime      # DAGs    # Errors  Last Runtime    Last Run
-----------------------------------  -----  ---------  --------  ----------  --------------  -------------------
/opt/airflow/dags/sgfood_elt_dag.py                           1           0  0.31s           2026-10-06T23:42:44
================================================================================
[2026-10-06T23:43:35.168+0000] {manager.py:879} INFO - 
================================================================================
DAG File Processing Stats

File Path                            PID    Runtime      # DAGs    # Errors  Last Runtime    Last Run
-----------------------------------  -----  ---------  --------  ----------  --------------  -------------------
/opt/airflow/dags/sgfood_elt_dag.py                           1           0  -8.03s          2026-10-06T23:43:15
================================================================================
[2026-10-06T23:44:02.283+0000] {manager.py:879} INFO - 
================================================================================
DAG File Processing Stats

File Path                            PID    Runtime      # DAGs    # Errors  Last Runtime    Last Run
-----------------------------------  -----  ---------  --------  ----------  --------------  -------------------
/opt/airflow/dags/sgfood_elt_dag.py                           1           0  0.33s           2026-10-06T23:43:53
================================================================================
[2026-10-06T23:44:29.973+0000] {manager.py:879} INFO - 
================================================================================
DAG File Processing Stats

File Path                            PID    Runtime      # DAGs    # Errors  Last Runtime    Last Run
-----------------------------------  -----  ---------  --------  ----------  --------------  -------------------
/opt/airflow/dags/sgfood_elt_dag.py                           1           0  0.33s           2026-10-06T23:44:24
================================================================================
[2026-10-06T23:44:57.070+0000] {manager.py:879} INFO - 
================================================================================
DAG File Processing Stats

File Path                            PID    Runtime      # DAGs    # Errors  Last Runtime    Last Run
-----------------------------------  -----  ---------  --------  ----------  --------------  -------------------
/opt/airflow/dags/sgfood_elt_dag.py                           1           0  0.33s           2026-10-06T23:44:55
================================================================================
[2026-10-06T23:45:24.784+0000] {manager.py:879} INFO - 
================================================================================
DAG File Processing Stats

File Path                            PID    Runtime      # DAGs    # Errors  Last Runtime    Last Run
-----------------------------------  -----  ---------  --------  ----------  --------------  -------------------
/opt/airflow/dags/sgfood_elt_dag.py                           1           0  0.33s           2026-10-06T23:44:55
================================================================================
[2026-10-06T23:45:51.938+0000] {manager.py:879} INFO - 
================================================================================
DAG File Processing Stats

File Path                            PID    Runtime      # DAGs    # Errors  Last Runtime    Last Run
-----------------------------------  -----  ---------  --------  ----------  --------------  -------------------
/opt/airflow/dags/sgfood_elt_dag.py                           1           0  0.33s           2026-10-06T23:45:25
================================================================================
[2026-10-06T23:46:19.616+0000] {manager.py:879} INFO - 
================================================================================
DAG File Processing Stats

File Path                            PID    Runtime      # DAGs    # Errors  Last Runtime    Last Run
-----------------------------------  -----  ---------  --------  ----------  --------------  -------------------
/opt/airflow/dags/sgfood_elt_dag.py                           1           0  -7.96s          2026-10-06T23:45:55
================================================================================
[2026-10-06T23:46:46.778+0000] {manager.py:879} INFO - 
================================================================================
DAG File Processing Stats

File Path                            PID    Runtime      # DAGs    # Errors  Last Runtime    Last Run
-----------------------------------  -----  ---------  --------  ----------  --------------  -------------------
/opt/airflow/dags/sgfood_elt_dag.py                           1           0  0.33s           2026-10-06T23:46:26
================================================================================
[2026-10-06T23:46:52.414+0000] {manager.py:738} INFO - Searching for files in /opt/airflow/dags
[2026-10-06T23:46:52.476+0000] {manager.py:741} INFO - There are 1 files in /opt/airflow/dags
[2026-10-06T23:47:14.401+0000] {manager.py:879} INFO - 
================================================================================
DAG File Processing Stats

File Path                            PID    Runtime      # DAGs    # Errors  Last Runtime    Last Run
-----------------------------------  -----  ---------  --------  ----------  --------------  -------------------
/opt/airflow/dags/sgfood_elt_dag.py                           1           0  -7.96s          2026-10-06T23:46:55
================================================================================
[2026-10-06T23:47:41.524+0000] {manager.py:879} INFO - 
================================================================================
DAG File Processing Stats

File Path                            PID    Runtime      # DAGs    # Errors  Last Runtime    Last Run
-----------------------------------  -----  ---------  --------  ----------  --------------  -------------------
/opt/airflow/dags/sgfood_elt_dag.py                           1           0  0.33s           2026-10-06T23:47:25
================================================================================
[2026-10-06T23:48:09.171+0000] {manager.py:879} INFO - 
================================================================================
DAG File Processing Stats

File Path                            PID    Runtime      # DAGs    # Errors  Last Runtime    Last Run
-----------------------------------  -----  ---------  --------  ----------  --------------  -------------------
/opt/airflow/dags/sgfood_elt_dag.py                           1           0  -7.94s          2026-10-06T23:47:50
================================================================================
[2026-10-06T23:48:36.276+0000] {manager.py:879} INFO - 
================================================================================
DAG File Processing Stats

File Path                            PID    Runtime      # DAGs    # Errors  Last Runtime    Last Run
-----------------------------------  -----  ---------  --------  ----------  --------------  -------------------
/opt/airflow/dags/sgfood_elt_dag.py                           1           0  -7.96s          2026-10-06T23:48:15
================================================================================
[2026-10-06T23:49:03.911+0000] {manager.py:879} INFO - 
================================================================================
DAG File Processing Stats

File Path                            PID    Runtime      # DAGs    # Errors  Last Runtime    Last Run
-----------------------------------  -----  ---------  --------  ----------  --------------  -------------------
/opt/airflow/dags/sgfood_elt_dag.py                           1           0  -0.18s          2026-10-06T23:48:45
================================================================================
[2026-10-06T23:49:31.065+0000] {manager.py:879} INFO - 
================================================================================
DAG File Processing Stats

File Path                            PID    Runtime      # DAGs    # Errors  Last Runtime    Last Run
-----------------------------------  -----  ---------  --------  ----------  --------------  -------------------
/opt/airflow/dags/sgfood_elt_dag.py                           1           0  0.33s           2026-10-06T23:49:24
================================================================================
[2026-10-06T23:49:58.695+0000] {manager.py:879} INFO - 
================================================================================
DAG File Processing Stats

File Path                            PID    Runtime      # DAGs    # Errors  Last Runtime    Last Run
-----------------------------------  -----  ---------  --------  ----------  --------------  -------------------
/opt/airflow/dags/sgfood_elt_dag.py                           1           0  0.34s           2026-10-06T23:49:50
================================================================================
[2026-10-06T23:50:25.800+0000] {manager.py:879} INFO - 
================================================================================
DAG File Processing Stats

File Path                            PID    Runtime      # DAGs    # Errors  Last Runtime    Last Run
-----------------------------------  -----  ---------  --------  ----------  --------------  -------------------
/opt/airflow/dags/sgfood_elt_dag.py                           1           0  0.34s           2026-10-06T23:50:21
================================================================================
[2026-10-06T23:50:53.437+0000] {manager.py:879} INFO - 
================================================================================
DAG File Processing Stats

File Path                            PID    Runtime      # DAGs    # Errors  Last Runtime    Last Run
-----------------------------------  -----  ---------  --------  ----------  --------------  -------------------
/opt/airflow/dags/sgfood_elt_dag.py                           1           0  -7.95s          2026-10-06T23:50:45
================================================================================
[2026-10-06T23:51:20.976+0000] {manager.py:879} INFO - 
================================================================================
DAG File Processing Stats

File Path                            PID    Runtime      # DAGs    # Errors  Last Runtime    Last Run
-----------------------------------  -----  ---------  --------  ----------  --------------  -------------------
/opt/airflow/dags/sgfood_elt_dag.py                           1           0  0.33s           2026-10-06T23:51:19
================================================================================
[2026-10-06T23:51:48.292+0000] {manager.py:879} INFO - 
================================================================================
DAG File Processing Stats

File Path                            PID    Runtime      # DAGs    # Errors  Last Runtime    Last Run
-----------------------------------  -----  ---------  --------  ----------  --------------  -------------------
/opt/airflow/dags/sgfood_elt_dag.py                           1           0  0.33s           2026-10-06T23:51:19
================================================================================
[2026-10-06T23:51:52.850+0000] {manager.py:738} INFO - Searching for files in /opt/airflow/dags
[2026-10-06T23:51:52.917+0000] {manager.py:741} INFO - There are 1 files in /opt/airflow/dags
[2026-10-06T23:52:15.937+0000] {manager.py:879} INFO - 
================================================================================
DAG File Processing Stats

File Path                            PID    Runtime      # DAGs    # Errors  Last Runtime    Last Run
-----------------------------------  -----  ---------  --------  ----------  --------------  -------------------
/opt/airflow/dags/sgfood_elt_dag.py                           1           0  -0.10s          2026-10-06T23:51:50
================================================================================
[2026-10-06T23:52:43.075+0000] {manager.py:879} INFO - 
================================================================================
DAG File Processing Stats

File Path                            PID    Runtime      # DAGs    # Errors  Last Runtime    Last Run
-----------------------------------  -----  ---------  --------  ----------  --------------  -------------------
/opt/airflow/dags/sgfood_elt_dag.py                           1           0  -7.98s          2026-10-06T23:52:17
================================================================================
[2026-10-06T23:53:11.164+0000] {manager.py:879} INFO - 
================================================================================
DAG File Processing Stats

File Path                            PID    Runtime      # DAGs    # Errors  Last Runtime    Last Run
-----------------------------------  -----  ---------  --------  ----------  --------------  -------------------
/opt/airflow/dags/sgfood_elt_dag.py                           1           0  -7.97s          2026-10-06T23:52:46
================================================================================
[2026-10-06T23:53:38.852+0000] {manager.py:879} INFO - 
================================================================================
DAG File Processing Stats

File Path                            PID    Runtime      # DAGs    # Errors  Last Runtime    Last Run
-----------------------------------  -----  ---------  --------  ----------  --------------  -------------------
/opt/airflow/dags/sgfood_elt_dag.py                           1           0  -0.07s          2026-10-06T23:53:16
================================================================================
[2026-10-06T23:54:14.187+0000] {manager.py:879} INFO - 
================================================================================
DAG File Processing Stats

File Path                            PID    Runtime      # DAGs    # Errors  Last Runtime    Last Run
-----------------------------------  -----  ---------  --------  ----------  --------------  -------------------
/opt/airflow/dags/sgfood_elt_dag.py                           1           0  -7.96s          2026-10-06T23:53:46
================================================================================
[2026-10-06T23:54:33.702+0000] {manager.py:879} INFO - 
================================================================================
DAG File Processing Stats

File Path                            PID    Runtime      # DAGs    # Errors  Last Runtime    Last Run
-----------------------------------  -----  ---------  --------  ----------  --------------  -------------------
/opt/airflow/dags/sgfood_elt_dag.py                           1           0  0.33s           2026-10-06T23:54:17
================================================================================
[2026-10-06T23:55:09.257+0000] {manager.py:879} INFO - 
================================================================================
DAG File Processing Stats

File Path                            PID    Runtime      # DAGs    # Errors  Last Runtime    Last Run
-----------------------------------  -----  ---------  --------  ----------  --------------  -------------------
/opt/airflow/dags/sgfood_elt_dag.py                           1           0  -7.97s          2026-10-06T23:54:41
================================================================================
[2026-10-06T23:55:36.772+0000] {manager.py:879} INFO - 
================================================================================
DAG File Processing Stats

File Path                            PID    Runtime      # DAGs    # Errors  Last Runtime    Last Run
-----------------------------------  -----  ---------  --------  ----------  --------------  -------------------
/opt/airflow/dags/sgfood_elt_dag.py                           1           0  -7.98s          2026-10-06T23:55:11
================================================================================
[2026-10-06T23:55:55.948+0000] {manager.py:879} INFO - 
================================================================================
DAG File Processing Stats

File Path                            PID    Runtime      # DAGs    # Errors  Last Runtime    Last Run
-----------------------------------  -----  ---------  --------  ----------  --------------  -------------------
/opt/airflow/dags/sgfood_elt_dag.py                           1           0  0.34s           2026-10-06T23:55:41
================================================================================
[2026-10-06T23:56:23.447+0000] {manager.py:879} INFO - 
================================================================================
DAG File Processing Stats

File Path                            PID    Runtime      # DAGs    # Errors  Last Runtime    Last Run
-----------------------------------  -----  ---------  --------  ----------  --------------  -------------------
/opt/airflow/dags/sgfood_elt_dag.py                           1           0  0.32s           2026-10-06T23:56:13
================================================================================
[2026-10-06T23:56:54.523+0000] {manager.py:738} INFO - Searching for files in /opt/airflow/dags
[2026-10-06T23:56:54.575+0000] {manager.py:741} INFO - There are 1 files in /opt/airflow/dags
[2026-10-06T23:56:50.942+0000] {manager.py:879} INFO - 
================================================================================
DAG File Processing Stats

File Path                            PID    Runtime      # DAGs    # Errors  Last Runtime    Last Run
-----------------------------------  -----  ---------  --------  ----------  --------------  -------------------
/opt/airflow/dags/sgfood_elt_dag.py                           1           0  0.32s           2026-10-06T23:56:44
================================================================================
[2026-10-06T23:57:18.466+0000] {manager.py:879} INFO - 
================================================================================
DAG File Processing Stats

File Path                            PID    Runtime      # DAGs    # Errors  Last Runtime    Last Run
-----------------------------------  -----  ---------  --------  ----------  --------------  -------------------
/opt/airflow/dags/sgfood_elt_dag.py                           1           0  0.34s           2026-10-06T23:57:14
================================================================================
[2026-10-06T23:57:45.922+0000] {manager.py:879} INFO - 
================================================================================
DAG File Processing Stats

File Path                            PID    Runtime      # DAGs    # Errors  Last Runtime    Last Run
-----------------------------------  -----  ---------  --------  ----------  --------------  -------------------
/opt/airflow/dags/sgfood_elt_dag.py                           1           0  -0.03s          2026-10-06T23:57:44
================================================================================
[2026-10-06T23:58:13.388+0000] {manager.py:879} INFO - 
================================================================================
DAG File Processing Stats

File Path                            PID    Runtime      # DAGs    # Errors  Last Runtime    Last Run
-----------------------------------  -----  ---------  --------  ----------  --------------  -------------------
/opt/airflow/dags/sgfood_elt_dag.py                           1           0  -0.03s          2026-10-06T23:57:44
================================================================================
[2026-10-06T23:58:40.885+0000] {manager.py:879} INFO - 
================================================================================
DAG File Processing Stats

File Path                            PID    Runtime      # DAGs    # Errors  Last Runtime    Last Run
-----------------------------------  -----  ---------  --------  ----------  --------------  -------------------
/opt/airflow/dags/sgfood_elt_dag.py                           1           0  0.33s           2026-10-06T23:58:15
================================================================================
[2026-10-06T23:59:08.421+0000] {manager.py:879} INFO - 
================================================================================
DAG File Processing Stats

File Path                            PID    Runtime      # DAGs    # Errors  Last Runtime    Last Run
-----------------------------------  -----  ---------  --------  ----------  --------------  -------------------
/opt/airflow/dags/sgfood_elt_dag.py                           1           0  0.33s           2026-10-06T23:58:46
================================================================================
[2026-10-06T23:59:35.917+0000] {manager.py:879} INFO - 
================================================================================
DAG File Processing Stats

File Path                            PID    Runtime      # DAGs    # Errors  Last Runtime    Last Run
-----------------------------------  -----  ---------  --------  ----------  --------------  -------------------
/opt/airflow/dags/sgfood_elt_dag.py                           1           0  0.33s           2026-10-06T23:59:17
================================================================================
[2026-10-07T00:00:03.273+0000] {manager.py:879} INFO - 
================================================================================
DAG File Processing Stats

File Path                            PID    Runtime      # DAGs    # Errors  Last Runtime    Last Run
-----------------------------------  -----  ---------  --------  ----------  --------------  -------------------
/opt/airflow/dags/sgfood_elt_dag.py                           1           0  -7.98s          2026-10-06T23:59:41
================================================================================
[2026-10-07T00:00:30.830+0000] {manager.py:879} INFO - 
================================================================================
DAG File Processing Stats

File Path                            PID    Runtime      # DAGs    # Errors  Last Runtime    Last Run
-----------------------------------  -----  ---------  --------  ----------  --------------  -------------------
/opt/airflow/dags/sgfood_elt_dag.py                           1           0  -0.19s          2026-10-07T00:00:11
================================================================================
[2026-10-07T00:00:58.219+0000] {manager.py:879} INFO - 
================================================================================
DAG File Processing Stats

File Path                            PID    Runtime      # DAGs    # Errors  Last Runtime    Last Run
-----------------------------------  -----  ---------  --------  ----------  --------------  -------------------
/opt/airflow/dags/sgfood_elt_dag.py                           1           0  -7.98s          2026-10-07T00:00:42
================================================================================
[2026-10-07T00:01:25.682+0000] {manager.py:879} INFO - 
================================================================================
DAG File Processing Stats

File Path                            PID    Runtime      # DAGs    # Errors  Last Runtime    Last Run
-----------------------------------  -----  ---------  --------  ----------  --------------  -------------------
/opt/airflow/dags/sgfood_elt_dag.py                           1           0  -0.19s          2026-10-07T00:01:11
================================================================================
[2026-10-07T00:01:53.151+0000] {manager.py:879} INFO - 
================================================================================
DAG File Processing Stats

File Path                            PID    Runtime      # DAGs    # Errors  Last Runtime    Last Run
-----------------------------------  -----  ---------  --------  ----------  --------------  -------------------
/opt/airflow/dags/sgfood_elt_dag.py                           1           0  -7.98s          2026-10-07T00:01:42
================================================================================
[2026-10-07T00:01:54.691+0000] {manager.py:738} INFO - Searching for files in /opt/airflow/dags
[2026-10-07T00:01:54.741+0000] {manager.py:741} INFO - There are 1 files in /opt/airflow/dags
[2026-10-07T00:02:20.755+0000] {manager.py:879} INFO - 
================================================================================
DAG File Processing Stats

File Path                            PID    Runtime      # DAGs    # Errors  Last Runtime    Last Run
-----------------------------------  -----  ---------  --------  ----------  --------------  -------------------
/opt/airflow/dags/sgfood_elt_dag.py                           1           0  0.32s           2026-10-07T00:02:12
================================================================================
[2026-10-07T00:02:47.960+0000] {manager.py:879} INFO - 
================================================================================
DAG File Processing Stats

File Path                            PID    Runtime      # DAGs    # Errors  Last Runtime    Last Run
-----------------------------------  -----  ---------  --------  ----------  --------------  -------------------
/opt/airflow/dags/sgfood_elt_dag.py                           1           0  -8.00s          2026-10-07T00:02:42
================================================================================
[2026-10-07T00:03:15.736+0000] {manager.py:879} INFO - 
================================================================================
DAG File Processing Stats

File Path                            PID    Runtime      # DAGs    # Errors  Last Runtime    Last Run
-----------------------------------  -----  ---------  --------  ----------  --------------  -------------------
/opt/airflow/dags/sgfood_elt_dag.py                           1           0  0.30s           2026-10-07T00:03:20
================================================================================
[2026-10-07T00:03:43.009+0000] {manager.py:879} INFO - 
================================================================================
DAG File Processing Stats

File Path                            PID    Runtime      # DAGs    # Errors  Last Runtime    Last Run
-----------------------------------  -----  ---------  --------  ----------  --------------  -------------------
/opt/airflow/dags/sgfood_elt_dag.py                           1           0  0.30s           2026-10-07T00:03:20
================================================================================
[2026-10-07T00:04:10.803+0000] {manager.py:879} INFO - 
================================================================================
DAG File Processing Stats

File Path                            PID    Runtime      # DAGs    # Errors  Last Runtime    Last Run
-----------------------------------  -----  ---------  --------  ----------  --------------  -------------------
/opt/airflow/dags/sgfood_elt_dag.py                           1           0  0.33s           2026-10-07T00:03:51
================================================================================
[2026-10-07T00:04:38.057+0000] {manager.py:879} INFO - 
================================================================================
DAG File Processing Stats

File Path                            PID    Runtime      # DAGs    # Errors  Last Runtime    Last Run
-----------------------------------  -----  ---------  --------  ----------  --------------  -------------------
/opt/airflow/dags/sgfood_elt_dag.py                           1           0  8.26s           2026-10-07T00:04:30
================================================================================
[2026-10-07T00:05:05.760+0000] {manager.py:879} INFO - 
================================================================================
DAG File Processing Stats

File Path                            PID    Runtime      # DAGs    # Errors  Last Runtime    Last Run
-----------------------------------  -----  ---------  --------  ----------  --------------  -------------------
/opt/airflow/dags/sgfood_elt_dag.py                           1           0  0.34s           2026-10-07T00:05:00
================================================================================
[2026-10-07T00:05:32.835+0000] {manager.py:879} INFO - 
================================================================================
DAG File Processing Stats

File Path                            PID    Runtime      # DAGs    # Errors  Last Runtime    Last Run
-----------------------------------  -----  ---------  --------  ----------  --------------  -------------------
/opt/airflow/dags/sgfood_elt_dag.py                           1           0  0.33s           2026-10-07T00:05:31
================================================================================
[2026-10-07T00:06:00.600+0000] {manager.py:879} INFO - 
================================================================================
DAG File Processing Stats

File Path                            PID    Runtime      # DAGs    # Errors  Last Runtime    Last Run
-----------------------------------  -----  ---------  --------  ----------  --------------  -------------------
/opt/airflow/dags/sgfood_elt_dag.py                           1           0  0.33s           2026-10-07T00:05:31
================================================================================
[2026-10-07T00:06:27.689+0000] {manager.py:879} INFO - 
================================================================================
DAG File Processing Stats

File Path                            PID    Runtime      # DAGs    # Errors  Last Runtime    Last Run
-----------------------------------  -----  ---------  --------  ----------  --------------  -------------------
/opt/airflow/dags/sgfood_elt_dag.py                           1           0  8.16s           2026-10-07T00:06:10
================================================================================
[2026-10-07T00:07:00.589+0000] {manager.py:738} INFO - Searching for files in /opt/airflow/dags
[2026-10-07T00:07:00.634+0000] {manager.py:741} INFO - There are 1 files in /opt/airflow/dags
[2026-10-07T00:06:55.530+0000] {manager.py:879} INFO - 
================================================================================
DAG File Processing Stats

File Path                            PID    Runtime      # DAGs    # Errors  Last Runtime    Last Run
-----------------------------------  -----  ---------  --------  ----------  --------------  -------------------
/opt/airflow/dags/sgfood_elt_dag.py                           1           0  0.44s           2026-10-07T00:06:32
================================================================================
[2026-10-07T00:07:22.788+0000] {manager.py:879} INFO - 
================================================================================
DAG File Processing Stats

File Path                            PID    Runtime      # DAGs    # Errors  Last Runtime    Last Run
-----------------------------------  -----  ---------  --------  ----------  --------------  -------------------
/opt/airflow/dags/sgfood_elt_dag.py                           1           0  0.32s           2026-10-07T00:07:03
================================================================================
[2026-10-07T00:07:50.515+0000] {manager.py:879} INFO - 
================================================================================
DAG File Processing Stats

File Path                            PID    Runtime      # DAGs    # Errors  Last Runtime    Last Run
-----------------------------------  -----  ---------  --------  ----------  --------------  -------------------
/opt/airflow/dags/sgfood_elt_dag.py                           1           0  0.31s           2026-10-07T00:07:34
================================================================================
[2026-10-07T00:08:17.713+0000] {manager.py:879} INFO - 
================================================================================
DAG File Processing Stats

File Path                            PID    Runtime      # DAGs    # Errors  Last Runtime    Last Run
-----------------------------------  -----  ---------  --------  ----------  --------------  -------------------
/opt/airflow/dags/sgfood_elt_dag.py                           1           0  0.32s           2026-10-07T00:08:04
================================================================================
[2026-10-07T00:08:45.436+0000] {manager.py:879} INFO - 
================================================================================
DAG File Processing Stats

File Path                            PID    Runtime      # DAGs    # Errors  Last Runtime    Last Run
-----------------------------------  -----  ---------  --------  ----------  --------------  -------------------
/opt/airflow/dags/sgfood_elt_dag.py                           1           0  -8.02s          2026-10-07T00:08:32
================================================================================
[2026-10-07T00:09:20.871+0000] {manager.py:879} INFO - 
================================================================================
DAG File Processing Stats

File Path                            PID    Runtime      # DAGs    # Errors  Last Runtime    Last Run
-----------------------------------  -----  ---------  --------  ----------  --------------  -------------------
/opt/airflow/dags/sgfood_elt_dag.py                           1           0  -0.17s          2026-10-07T00:09:02
================================================================================
[2026-10-07T00:09:40.355+0000] {manager.py:879} INFO - 
================================================================================
DAG File Processing Stats

File Path                            PID    Runtime      # DAGs    # Errors  Last Runtime    Last Run
-----------------------------------  -----  ---------  --------  ----------  --------------  -------------------
/opt/airflow/dags/sgfood_elt_dag.py                           1           0  0.33s           2026-10-07T00:09:34
================================================================================
[2026-10-07T00:10:15.920+0000] {manager.py:879} INFO - 
================================================================================
DAG File Processing Stats

File Path                            PID    Runtime      # DAGs    # Errors  Last Runtime    Last Run
-----------------------------------  -----  ---------  --------  ----------  --------------  -------------------
/opt/airflow/dags/sgfood_elt_dag.py                           1           0  0.33s           2026-10-07T00:10:04
================================================================================
[2026-10-07T00:10:35.474+0000] {manager.py:879} INFO - 
================================================================================
DAG File Processing Stats

File Path                            PID    Runtime      # DAGs    # Errors  Last Runtime    Last Run
-----------------------------------  -----  ---------  --------  ----------  --------------  -------------------
/opt/airflow/dags/sgfood_elt_dag.py                           1           0  0.33s           2026-10-07T00:10:35
================================================================================
[2026-10-07T00:11:03.100+0000] {manager.py:879} INFO - 
================================================================================
DAG File Processing Stats

File Path                            PID    Runtime      # DAGs    # Errors  Last Runtime    Last Run
-----------------------------------  -----  ---------  --------  ----------  --------------  -------------------
/opt/airflow/dags/sgfood_elt_dag.py                           1           0  -8.02s          2026-10-07T00:10:58
================================================================================
[2026-10-07T00:11:30.253+0000] {manager.py:879} INFO - 
================================================================================
DAG File Processing Stats

File Path                            PID    Runtime      # DAGs    # Errors  Last Runtime    Last Run
-----------------------------------  -----  ---------  --------  ----------  --------------  -------------------
/opt/airflow/dags/sgfood_elt_dag.py                           1           0  0.33s           2026-10-07T00:11:28
================================================================================
[2026-10-07T00:11:57.898+0000] {manager.py:879} INFO - 
================================================================================
DAG File Processing Stats

File Path                            PID    Runtime      # DAGs    # Errors  Last Runtime    Last Run
-----------------------------------  -----  ---------  --------  ----------  --------------  -------------------
/opt/airflow/dags/sgfood_elt_dag.py                           1           0  -8.03s          2026-10-07T00:11:50
================================================================================
[2026-10-07T00:12:00.983+0000] {manager.py:738} INFO - Searching for files in /opt/airflow/dags
[2026-10-07T00:12:01.033+0000] {manager.py:741} INFO - There are 1 files in /opt/airflow/dags
[2026-10-07T00:12:24.932+0000] {manager.py:879} INFO - 
================================================================================
DAG File Processing Stats

File Path                            PID    Runtime      # DAGs    # Errors  Last Runtime    Last Run
-----------------------------------  -----  ---------  --------  ----------  --------------  -------------------
/opt/airflow/dags/sgfood_elt_dag.py                           1           0  -8.02s          2026-10-07T00:12:18
================================================================================
[2026-10-07T00:12:52.609+0000] {manager.py:879} INFO - 
================================================================================
DAG File Processing Stats

File Path                            PID    Runtime      # DAGs    # Errors  Last Runtime    Last Run
-----------------------------------  -----  ---------  --------  ----------  --------------  -------------------
/opt/airflow/dags/sgfood_elt_dag.py                           1           0  0.31s           2026-10-07T00:12:49
================================================================================
[2026-10-07T00:13:19.789+0000] {manager.py:879} INFO - 
================================================================================
DAG File Processing Stats

File Path                            PID    Runtime      # DAGs    # Errors  Last Runtime    Last Run
-----------------------------------  -----  ---------  --------  ----------  --------------  -------------------
/opt/airflow/dags/sgfood_elt_dag.py                           1           0  0.34s           2026-10-07T00:13:19
================================================================================
[2026-10-07T00:13:47.423+0000] {manager.py:879} INFO - 
================================================================================
DAG File Processing Stats

File Path                            PID    Runtime      # DAGs    # Errors  Last Runtime    Last Run
-----------------------------------  -----  ---------  --------  ----------  --------------  -------------------
/opt/airflow/dags/sgfood_elt_dag.py                           1           0  0.34s           2026-10-07T00:13:19
================================================================================
[2026-10-07T00:14:14.463+0000] {manager.py:879} INFO - 
================================================================================
DAG File Processing Stats

File Path                            PID    Runtime      # DAGs    # Errors  Last Runtime    Last Run
-----------------------------------  -----  ---------  --------  ----------  --------------  -------------------
/opt/airflow/dags/sgfood_elt_dag.py                           1           0  0.21s           2026-10-07T00:14:21
================================================================================
[2026-10-07T00:14:42.178+0000] {manager.py:879} INFO - 
================================================================================
DAG File Processing Stats

File Path                            PID    Runtime      # DAGs    # Errors  Last Runtime    Last Run
-----------------------------------  -----  ---------  --------  ----------  --------------  -------------------
/opt/airflow/dags/sgfood_elt_dag.py                           1           0  0.21s           2026-10-07T00:14:21
================================================================================
[2026-10-07T00:15:09.349+0000] {manager.py:879} INFO - 
================================================================================
DAG File Processing Stats

File Path                            PID    Runtime      # DAGs    # Errors  Last Runtime    Last Run
-----------------------------------  -----  ---------  --------  ----------  --------------  -------------------
/opt/airflow/dags/sgfood_elt_dag.py                           1           0  -7.97s          2026-10-07T00:15:08
================================================================================
[2026-10-07T00:15:36.980+0000] {manager.py:879} INFO - 
================================================================================
DAG File Processing Stats

File Path                            PID    Runtime      # DAGs    # Errors  Last Runtime    Last Run
-----------------------------------  -----  ---------  --------  ----------  --------------  -------------------
/opt/airflow/dags/sgfood_elt_dag.py                           1           0  -7.97s          2026-10-07T00:15:08
================================================================================
[2026-10-07T00:16:04.119+0000] {manager.py:879} INFO - 
================================================================================
DAG File Processing Stats

File Path                            PID    Runtime      # DAGs    # Errors  Last Runtime    Last Run
-----------------------------------  -----  ---------  --------  ----------  --------------  -------------------
/opt/airflow/dags/sgfood_elt_dag.py                           1           0  0.33s           2026-10-07T00:15:40
================================================================================
[2026-10-07T00:16:37.296+0000] {manager.py:879} INFO - 
================================================================================
DAG File Processing Stats

File Path                            PID    Runtime      # DAGs    # Errors  Last Runtime    Last Run
-----------------------------------  -----  ---------  --------  ----------  --------------  -------------------
/opt/airflow/dags/sgfood_elt_dag.py                           1           0  0.31s           2026-10-07T00:16:11
================================================================================
[2026-10-07T00:17:01.340+0000] {manager.py:738} INFO - Searching for files in /opt/airflow/dags
[2026-10-07T00:17:01.405+0000] {manager.py:741} INFO - There are 1 files in /opt/airflow/dags
[2026-10-07T00:17:04.736+0000] {manager.py:879} INFO - 
================================================================================
DAG File Processing Stats

File Path                            PID    Runtime      # DAGs    # Errors  Last Runtime    Last Run
-----------------------------------  -----  ---------  --------  ----------  --------------  -------------------
/opt/airflow/dags/sgfood_elt_dag.py                           1           0  0.33s           2026-10-07T00:16:42
================================================================================
[2026-10-07T00:17:32.689+0000] {manager.py:879} INFO - 
================================================================================
DAG File Processing Stats

File Path                            PID    Runtime      # DAGs    # Errors  Last Runtime    Last Run
-----------------------------------  -----  ---------  --------  ----------  --------------  -------------------
/opt/airflow/dags/sgfood_elt_dag.py                           1           0  0.32s           2026-10-07T00:17:12
================================================================================
[2026-10-07T00:18:00.008+0000] {manager.py:879} INFO - 
================================================================================
DAG File Processing Stats

File Path                            PID    Runtime      # DAGs    # Errors  Last Runtime    Last Run
-----------------------------------  -----  ---------  --------  ----------  --------------  -------------------
/opt/airflow/dags/sgfood_elt_dag.py                           1           0  -0.19s          2026-10-07T00:17:43
================================================================================
[2026-10-07T00:18:28.419+0000] {manager.py:879} INFO - 
================================================================================
DAG File Processing Stats

File Path                            PID    Runtime      # DAGs    # Errors  Last Runtime    Last Run
-----------------------------------  -----  ---------  --------  ----------  --------------  -------------------
/opt/airflow/dags/sgfood_elt_dag.py                           1           0  -8.03s          2026-10-07T00:18:13
================================================================================
[2026-10-07T00:18:55.692+0000] {manager.py:879} INFO - 
================================================================================
DAG File Processing Stats

File Path                            PID    Runtime      # DAGs    # Errors  Last Runtime    Last Run
-----------------------------------  -----  ---------  --------  ----------  --------------  -------------------
/opt/airflow/dags/sgfood_elt_dag.py                           1           0  -8.04s          2026-10-07T00:18:43
================================================================================
[2026-10-07T00:19:23.690+0000] {manager.py:879} INFO - 
================================================================================
DAG File Processing Stats

File Path                            PID    Runtime      # DAGs    # Errors  Last Runtime    Last Run
-----------------------------------  -----  ---------  --------  ----------  --------------  -------------------
/opt/airflow/dags/sgfood_elt_dag.py                           1           0  0.45s           2026-10-07T00:19:15
================================================================================
[2026-10-07T00:19:50.938+0000] {manager.py:879} INFO - 
================================================================================
DAG File Processing Stats

File Path                            PID    Runtime      # DAGs    # Errors  Last Runtime    Last Run
-----------------------------------  -----  ---------  --------  ----------  --------------  -------------------
/opt/airflow/dags/sgfood_elt_dag.py                           1           0  0.34s           2026-10-07T00:19:46
================================================================================
[2026-10-07T00:20:18.865+0000] {manager.py:879} INFO - 
================================================================================
DAG File Processing Stats

File Path                            PID    Runtime      # DAGs    # Errors  Last Runtime    Last Run
-----------------------------------  -----  ---------  --------  ----------  --------------  -------------------
/opt/airflow/dags/sgfood_elt_dag.py                           1           0  -8.04s          2026-10-07T00:20:14
================================================================================
[2026-10-07T00:20:46.322+0000] {manager.py:879} INFO - 
================================================================================
DAG File Processing Stats

File Path                            PID    Runtime      # DAGs    # Errors  Last Runtime    Last Run
-----------------------------------  -----  ---------  --------  ----------  --------------  -------------------
/opt/airflow/dags/sgfood_elt_dag.py                           1           0  0.31s           2026-10-07T00:20:45
================================================================================
[2026-10-07T00:21:14.361+0000] {manager.py:879} INFO - 
================================================================================
DAG File Processing Stats

File Path                            PID    Runtime      # DAGs    # Errors  Last Runtime    Last Run
-----------------------------------  -----  ---------  --------  ----------  --------------  -------------------
/opt/airflow/dags/sgfood_elt_dag.py                           1           0  -8.03s          2026-10-07T00:21:09
================================================================================
[2026-10-07T00:21:42.325+0000] {manager.py:879} INFO - 
================================================================================
DAG File Processing Stats

File Path                            PID    Runtime      # DAGs    # Errors  Last Runtime    Last Run
-----------------------------------  -----  ---------  --------  ----------  --------------  -------------------
/opt/airflow/dags/sgfood_elt_dag.py                           1           0  0.33s           2026-10-07T00:21:40
================================================================================
[2026-10-07T00:22:02.307+0000] {manager.py:738} INFO - Searching for files in /opt/airflow/dags
[2026-10-07T00:22:02.353+0000] {manager.py:741} INFO - There are 1 files in /opt/airflow/dags
[2026-10-07T00:22:09.480+0000] {manager.py:879} INFO - 
================================================================================
DAG File Processing Stats

File Path                            PID    Runtime      # DAGs    # Errors  Last Runtime    Last Run
-----------------------------------  -----  ---------  --------  ----------  --------------  -------------------
/opt/airflow/dags/sgfood_elt_dag.py                           1           0  0.32s           2026-10-07T00:22:04
================================================================================
[2026-10-07T00:22:37.112+0000] {manager.py:879} INFO - 
================================================================================
DAG File Processing Stats

File Path                            PID    Runtime      # DAGs    # Errors  Last Runtime    Last Run
-----------------------------------  -----  ---------  --------  ----------  --------------  -------------------
/opt/airflow/dags/sgfood_elt_dag.py                           1           0  0.34s           2026-10-07T00:22:34
================================================================================
[2026-10-07T00:23:04.220+0000] {manager.py:879} INFO - 
================================================================================
DAG File Processing Stats

File Path                            PID    Runtime      # DAGs    # Errors  Last Runtime    Last Run
-----------------------------------  -----  ---------  --------  ----------  --------------  -------------------
/opt/airflow/dags/sgfood_elt_dag.py                           1           0  0.34s           2026-10-07T00:22:34
================================================================================
[2026-10-07T00:23:31.845+0000] {manager.py:879} INFO - 
================================================================================
DAG File Processing Stats

File Path                            PID    Runtime      # DAGs    # Errors  Last Runtime    Last Run
-----------------------------------  -----  ---------  --------  ----------  --------------  -------------------
/opt/airflow/dags/sgfood_elt_dag.py                           1           0  0.33s           2026-10-07T00:23:05
================================================================================
[2026-10-07T00:23:59.526+0000] {manager.py:879} INFO - 
================================================================================
DAG File Processing Stats

File Path                            PID    Runtime      # DAGs    # Errors  Last Runtime    Last Run
-----------------------------------  -----  ---------  --------  ----------  --------------  -------------------
/opt/airflow/dags/sgfood_elt_dag.py                           1           0  0.32s           2026-10-07T00:23:36
================================================================================
[2026-10-07T00:24:26.548+0000] {manager.py:879} INFO - 
================================================================================
DAG File Processing Stats

File Path                            PID    Runtime      # DAGs    # Errors  Last Runtime    Last Run
-----------------------------------  -----  ---------  --------  ----------  --------------  -------------------
/opt/airflow/dags/sgfood_elt_dag.py                           1           0  -8.04s          2026-10-07T00:24:04
================================================================================
[2026-10-07T00:24:54.327+0000] {manager.py:879} INFO - 
================================================================================
DAG File Processing Stats

File Path                            PID    Runtime      # DAGs    # Errors  Last Runtime    Last Run
-----------------------------------  -----  ---------  --------  ----------  --------------  -------------------
/opt/airflow/dags/sgfood_elt_dag.py                           1           0  -0.19s          2026-10-07T00:24:34
================================================================================
[2026-10-07T00:25:30.362+0000] {manager.py:879} INFO - 
================================================================================
DAG File Processing Stats

File Path                            PID    Runtime      # DAGs    # Errors  Last Runtime    Last Run
-----------------------------------  -----  ---------  --------  ----------  --------------  -------------------
/opt/airflow/dags/sgfood_elt_dag.py                           1           0  0.33s           2026-10-07T00:25:04
================================================================================
[2026-10-07T00:25:58.032+0000] {manager.py:879} INFO - 
================================================================================
DAG File Processing Stats

File Path                            PID    Runtime      # DAGs    # Errors  Last Runtime    Last Run
-----------------------------------  -----  ---------  --------  ----------  --------------  -------------------
/opt/airflow/dags/sgfood_elt_dag.py                           1           0  0.33s           2026-10-07T00:25:35
================================================================================
[2026-10-07T00:26:16.368+0000] {manager.py:879} INFO - 
================================================================================
DAG File Processing Stats

File Path                            PID    Runtime      # DAGs    # Errors  Last Runtime    Last Run
-----------------------------------  -----  ---------  --------  ----------  --------------  -------------------
/opt/airflow/dags/sgfood_elt_dag.py                           1           0  0.34s           2026-10-07T00:26:06
================================================================================
[2026-10-07T00:26:44.012+0000] {manager.py:879} INFO - 
================================================================================
DAG File Processing Stats

File Path                            PID    Runtime      # DAGs    # Errors  Last Runtime    Last Run
-----------------------------------  -----  ---------  --------  ----------  --------------  -------------------
/opt/airflow/dags/sgfood_elt_dag.py                           1           0  -8.06s          2026-10-07T00:26:29
================================================================================
[2026-10-07T00:27:07.772+0000] {manager.py:738} INFO - Searching for files in /opt/airflow/dags
[2026-10-07T00:27:07.824+0000] {manager.py:741} INFO - There are 1 files in /opt/airflow/dags
[2026-10-07T00:27:11.025+0000] {manager.py:879} INFO - 
================================================================================
DAG File Processing Stats

File Path                            PID    Runtime      # DAGs    # Errors  Last Runtime    Last Run
-----------------------------------  -----  ---------  --------  ----------  --------------  -------------------
/opt/airflow/dags/sgfood_elt_dag.py                           1           0  -8.07s          2026-10-07T00:26:59
================================================================================
[2026-10-07T00:27:38.731+0000] {manager.py:879} INFO - 
================================================================================
DAG File Processing Stats

File Path                            PID    Runtime      # DAGs    # Errors  Last Runtime    Last Run
-----------------------------------  -----  ---------  --------  ----------  --------------  -------------------
/opt/airflow/dags/sgfood_elt_dag.py                           1           0  0.33s           2026-10-07T00:27:30
================================================================================
[2026-10-07T00:28:05.895+0000] {manager.py:879} INFO - 
================================================================================
DAG File Processing Stats

File Path                            PID    Runtime      # DAGs    # Errors  Last Runtime    Last Run
-----------------------------------  -----  ---------  --------  ----------  --------------  -------------------
/opt/airflow/dags/sgfood_elt_dag.py                           1           0  -8.06s          2026-10-07T00:27:54
================================================================================
[2026-10-07T00:28:33.516+0000] {manager.py:879} INFO - 
================================================================================
DAG File Processing Stats

File Path                            PID    Runtime      # DAGs    # Errors  Last Runtime    Last Run
-----------------------------------  -----  ---------  --------  ----------  --------------  -------------------
/opt/airflow/dags/sgfood_elt_dag.py                           1           0  -0.18s          2026-10-07T00:28:24
================================================================================
[2026-10-07T00:29:00.611+0000] {manager.py:879} INFO - 
================================================================================
DAG File Processing Stats

File Path                            PID    Runtime      # DAGs    # Errors  Last Runtime    Last Run
-----------------------------------  -----  ---------  --------  ----------  --------------  -------------------
/opt/airflow/dags/sgfood_elt_dag.py                           1           0  -8.08s          2026-10-07T00:28:54
================================================================================
[2026-10-07T00:29:28.292+0000] {manager.py:879} INFO - 
================================================================================
DAG File Processing Stats

File Path                            PID    Runtime      # DAGs    # Errors  Last Runtime    Last Run
-----------------------------------  -----  ---------  --------  ----------  --------------  -------------------
/opt/airflow/dags/sgfood_elt_dag.py                           1           0  -0.18s          2026-10-07T00:29:24
================================================================================
[2026-10-07T00:29:55.409+0000] {manager.py:879} INFO - 
================================================================================
DAG File Processing Stats

File Path                            PID    Runtime      # DAGs    # Errors  Last Runtime    Last Run
-----------------------------------  -----  ---------  --------  ----------  --------------  -------------------
/opt/airflow/dags/sgfood_elt_dag.py                           1           0  -8.07s          2026-10-07T00:29:50
================================================================================
[2026-10-07T00:30:23.044+0000] {manager.py:879} INFO - 
================================================================================
DAG File Processing Stats

File Path                            PID    Runtime      # DAGs    # Errors  Last Runtime    Last Run
-----------------------------------  -----  ---------  --------  ----------  --------------  -------------------
/opt/airflow/dags/sgfood_elt_dag.py                           1           0  0.32s           2026-10-07T00:30:21
================================================================================
[2026-10-07T00:30:50.191+0000] {manager.py:879} INFO - 
================================================================================
DAG File Processing Stats

File Path                            PID    Runtime      # DAGs    # Errors  Last Runtime    Last Run
-----------------------------------  -----  ---------  --------  ----------  --------------  -------------------
/opt/airflow/dags/sgfood_elt_dag.py                           1           0  -8.07s          2026-10-07T00:30:45
================================================================================
[2026-10-07T00:31:17.820+0000] {manager.py:879} INFO - 
================================================================================
DAG File Processing Stats

File Path                            PID    Runtime      # DAGs    # Errors  Last Runtime    Last Run
-----------------------------------  -----  ---------  --------  ----------  --------------  -------------------
/opt/airflow/dags/sgfood_elt_dag.py                           1           0  0.33s           2026-10-07T00:31:15
================================================================================
[2026-10-07T00:31:45.255+0000] {manager.py:879} INFO - 
================================================================================
DAG File Processing Stats

File Path                            PID    Runtime      # DAGs    # Errors  Last Runtime    Last Run
-----------------------------------  -----  ---------  --------  ----------  --------------  -------------------
/opt/airflow/dags/sgfood_elt_dag.py                           1           0  -8.08s          2026-10-07T00:31:45
================================================================================
[2026-10-07T00:32:13.352+0000] {manager.py:738} INFO - Searching for files in /opt/airflow/dags
[2026-10-07T00:32:13.402+0000] {manager.py:741} INFO - There are 1 files in /opt/airflow/dags
[2026-10-07T00:32:12.876+0000] {manager.py:879} INFO - 
================================================================================
DAG File Processing Stats

File Path                            PID    Runtime      # DAGs    # Errors  Last Runtime    Last Run
-----------------------------------  -----  ---------  --------  ----------  --------------  -------------------
/opt/airflow/dags/sgfood_elt_dag.py                           1           0  -8.08s          2026-10-07T00:31:45
================================================================================
[2026-10-07T00:32:40.353+0000] {manager.py:879} INFO - 
================================================================================
DAG File Processing Stats

File Path                            PID    Runtime      # DAGs    # Errors  Last Runtime    Last Run
-----------------------------------  -----  ---------  --------  ----------  --------------  -------------------
/opt/airflow/dags/sgfood_elt_dag.py                           1           0  -8.08s          2026-10-07T00:32:40
================================================================================
[2026-10-07T00:33:07.976+0000] {manager.py:879} INFO - 
================================================================================
DAG File Processing Stats

File Path                            PID    Runtime      # DAGs    # Errors  Last Runtime    Last Run
-----------------------------------  -----  ---------  --------  ----------  --------------  -------------------
/opt/airflow/dags/sgfood_elt_dag.py                           1           0  -8.08s          2026-10-07T00:32:40
================================================================================
[2026-10-07T00:33:35.476+0000] {manager.py:879} INFO - 
================================================================================
DAG File Processing Stats

File Path                            PID    Runtime      # DAGs    # Errors  Last Runtime    Last Run
-----------------------------------  -----  ---------  --------  ----------  --------------  -------------------
/opt/airflow/dags/sgfood_elt_dag.py                           1           0  -8.09s          2026-10-07T00:33:35
================================================================================
[2026-10-07T00:34:03.092+0000] {manager.py:879} INFO - 
================================================================================
DAG File Processing Stats

File Path                            PID    Runtime      # DAGs    # Errors  Last Runtime    Last Run
-----------------------------------  -----  ---------  --------  ----------  --------------  -------------------
/opt/airflow/dags/sgfood_elt_dag.py                           1           0  -8.09s          2026-10-07T00:33:35
================================================================================
[2026-10-07T00:34:30.633+0000] {manager.py:879} INFO - 
================================================================================
DAG File Processing Stats

File Path                            PID    Runtime      # DAGs    # Errors  Last Runtime    Last Run
-----------------------------------  -----  ---------  --------  ----------  --------------  -------------------
/opt/airflow/dags/sgfood_elt_dag.py                           1           0  -8.08s          2026-10-07T00:34:30
================================================================================
[2026-10-07T00:34:58.157+0000] {manager.py:879} INFO - 
================================================================================
DAG File Processing Stats

File Path                            PID    Runtime      # DAGs    # Errors  Last Runtime    Last Run
-----------------------------------  -----  ---------  --------  ----------  --------------  -------------------
/opt/airflow/dags/sgfood_elt_dag.py                           1           0  -8.08s          2026-10-07T00:34:30
================================================================================
[2026-10-07T00:35:25.666+0000] {manager.py:879} INFO - 
================================================================================
DAG File Processing Stats

File Path                            PID    Runtime      # DAGs    # Errors  Last Runtime    Last Run
-----------------------------------  -----  ---------  --------  ----------  --------------  -------------------
/opt/airflow/dags/sgfood_elt_dag.py                           1           0  0.34s           2026-10-07T00:35:01
================================================================================
[2026-10-07T00:35:52.826+0000] {manager.py:879} INFO - 
================================================================================
DAG File Processing Stats

File Path                            PID    Runtime      # DAGs    # Errors  Last Runtime    Last Run
-----------------------------------  -----  ---------  --------  ----------  --------------  -------------------
/opt/airflow/dags/sgfood_elt_dag.py                           1           0  0.32s           2026-10-07T00:35:25
================================================================================
[2026-10-07T00:36:20.687+0000] {manager.py:879} INFO - 
================================================================================
DAG File Processing Stats

File Path                            PID    Runtime      # DAGs    # Errors  Last Runtime    Last Run
-----------------------------------  -----  ---------  --------  ----------  --------------  -------------------
/opt/airflow/dags/sgfood_elt_dag.py                           1           0  -0.18s          2026-10-07T00:35:55
================================================================================
[2026-10-07T00:36:47.986+0000] {manager.py:879} INFO - 
================================================================================
DAG File Processing Stats

File Path                            PID    Runtime      # DAGs    # Errors  Last Runtime    Last Run
-----------------------------------  -----  ---------  --------  ----------  --------------  -------------------
/opt/airflow/dags/sgfood_elt_dag.py                           1           0  0.32s           2026-10-07T00:36:26
================================================================================
[2026-10-07T00:37:13.381+0000] {manager.py:738} INFO - Searching for files in /opt/airflow/dags
[2026-10-07T00:37:13.431+0000] {manager.py:741} INFO - There are 1 files in /opt/airflow/dags
[2026-10-07T00:37:15.566+0000] {manager.py:879} INFO - 
================================================================================
DAG File Processing Stats

File Path                            PID    Runtime      # DAGs    # Errors  Last Runtime    Last Run
-----------------------------------  -----  ---------  --------  ----------  --------------  -------------------
/opt/airflow/dags/sgfood_elt_dag.py                           1           0  0.33s           2026-10-07T00:36:57
================================================================================
[2026-10-07T00:37:42.782+0000] {manager.py:879} INFO - 
================================================================================
DAG File Processing Stats

File Path                            PID    Runtime      # DAGs    # Errors  Last Runtime    Last Run
-----------------------------------  -----  ---------  --------  ----------  --------------  -------------------
/opt/airflow/dags/sgfood_elt_dag.py                           1           0  0.33s           2026-10-07T00:37:27
================================================================================
[2026-10-07T00:38:10.519+0000] {manager.py:879} INFO - 
================================================================================
DAG File Processing Stats

File Path                            PID    Runtime      # DAGs    # Errors  Last Runtime    Last Run
-----------------------------------  -----  ---------  --------  ----------  --------------  -------------------
/opt/airflow/dags/sgfood_elt_dag.py                           1           0  0.34s           2026-10-07T00:37:58
================================================================================
[2026-10-07T00:38:37.725+0000] {manager.py:879} INFO - 
================================================================================
DAG File Processing Stats

File Path                            PID    Runtime      # DAGs    # Errors  Last Runtime    Last Run
-----------------------------------  -----  ---------  --------  ----------  --------------  -------------------
/opt/airflow/dags/sgfood_elt_dag.py                           1           0  -8.09s          2026-10-07T00:38:26
================================================================================
[2026-10-07T00:39:05.349+0000] {manager.py:879} INFO - 
================================================================================
DAG File Processing Stats

File Path                            PID    Runtime      # DAGs    # Errors  Last Runtime    Last Run
-----------------------------------  -----  ---------  --------  ----------  --------------  -------------------
/opt/airflow/dags/sgfood_elt_dag.py                           1           0  0.33s           2026-10-07T00:38:57
================================================================================
[2026-10-07T00:39:32.462+0000] {manager.py:879} INFO - 
================================================================================
DAG File Processing Stats

File Path                            PID    Runtime      # DAGs    # Errors  Last Runtime    Last Run
-----------------------------------  -----  ---------  --------  ----------  --------------  -------------------
/opt/airflow/dags/sgfood_elt_dag.py                           1           0  0.33s           2026-10-07T00:39:27
================================================================================
[2026-10-07T00:40:00.095+0000] {manager.py:879} INFO - 
================================================================================
DAG File Processing Stats

File Path                            PID    Runtime      # DAGs    # Errors  Last Runtime    Last Run
-----------------------------------  -----  ---------  --------  ----------  --------------  -------------------
/opt/airflow/dags/sgfood_elt_dag.py                           1           0  -8.10s          2026-10-07T00:39:56
================================================================================
[2026-10-07T00:40:27.207+0000] {manager.py:879} INFO - 
================================================================================
DAG File Processing Stats

File Path                            PID    Runtime      # DAGs    # Errors  Last Runtime    Last Run
-----------------------------------  -----  ---------  --------  ----------  --------------  -------------------
/opt/airflow/dags/sgfood_elt_dag.py                           1           0  0.33s           2026-10-07T00:40:26
================================================================================
[2026-10-07T00:40:54.853+0000] {manager.py:879} INFO - 
================================================================================
DAG File Processing Stats

File Path                            PID    Runtime      # DAGs    # Errors  Last Runtime    Last Run
-----------------------------------  -----  ---------  --------  ----------  --------------  -------------------
/opt/airflow/dags/sgfood_elt_dag.py                           1           0  0.33s           2026-10-07T00:40:26
================================================================================
[2026-10-07T00:41:22.011+0000] {manager.py:879} INFO - 
================================================================================
DAG File Processing Stats

File Path                            PID    Runtime      # DAGs    # Errors  Last Runtime    Last Run
-----------------------------------  -----  ---------  --------  ----------  --------------  -------------------
/opt/airflow/dags/sgfood_elt_dag.py                           1           0  0.55s           2026-10-07T00:40:58
================================================================================
[2026-10-07T00:41:49.687+0000] {manager.py:879} INFO - 
================================================================================
DAG File Processing Stats

File Path                            PID    Runtime      # DAGs    # Errors  Last Runtime    Last Run
-----------------------------------  -----  ---------  --------  ----------  --------------  -------------------
/opt/airflow/dags/sgfood_elt_dag.py                           1           0  0.33s           2026-10-07T00:41:29
================================================================================
[2026-10-07T00:42:19.412+0000] {manager.py:738} INFO - Searching for files in /opt/airflow/dags
[2026-10-07T00:42:19.463+0000] {manager.py:741} INFO - There are 1 files in /opt/airflow/dags
[2026-10-07T00:42:16.800+0000] {manager.py:879} INFO - 
================================================================================
DAG File Processing Stats

File Path                            PID    Runtime      # DAGs    # Errors  Last Runtime    Last Run
-----------------------------------  -----  ---------  --------  ----------  --------------  -------------------
/opt/airflow/dags/sgfood_elt_dag.py                           1           0  0.33s           2026-10-07T00:42:00
================================================================================
[2026-10-07T00:42:44.642+0000] {manager.py:879} INFO - 
================================================================================
DAG File Processing Stats

File Path                            PID    Runtime      # DAGs    # Errors  Last Runtime    Last Run
-----------------------------------  -----  ---------  --------  ----------  --------------  -------------------
/opt/airflow/dags/sgfood_elt_dag.py                           1           0  0.33s           2026-10-07T00:42:31
================================================================================
[2026-10-07T00:43:20.880+0000] {manager.py:879} INFO - 
================================================================================
DAG File Processing Stats

File Path                            PID    Runtime      # DAGs    # Errors  Last Runtime    Last Run
-----------------------------------  -----  ---------  --------  ----------  --------------  -------------------
/opt/airflow/dags/sgfood_elt_dag.py                           1           0  -0.19s          2026-10-07T00:43:01
================================================================================
[2026-10-07T00:43:39.562+0000] {manager.py:879} INFO - 
================================================================================
DAG File Processing Stats

File Path                            PID    Runtime      # DAGs    # Errors  Last Runtime    Last Run
-----------------------------------  -----  ---------  --------  ----------  --------------  -------------------
/opt/airflow/dags/sgfood_elt_dag.py                           1           0  0.33s           2026-10-07T00:43:32
================================================================================
[2026-10-07T00:44:06.683+0000] {manager.py:879} INFO - 
================================================================================
DAG File Processing Stats

File Path                            PID    Runtime      # DAGs    # Errors  Last Runtime    Last Run
-----------------------------------  -----  ---------  --------  ----------  --------------  -------------------
/opt/airflow/dags/sgfood_elt_dag.py                           1           0  -8.11s          2026-10-07T00:43:56
================================================================================
[2026-10-07T00:44:34.336+0000] {manager.py:879} INFO - 
================================================================================
DAG File Processing Stats

File Path                            PID    Runtime      # DAGs    # Errors  Last Runtime    Last Run
-----------------------------------  -----  ---------  --------  ----------  --------------  -------------------
/opt/airflow/dags/sgfood_elt_dag.py                           1           0  0.33s           2026-10-07T00:44:27
================================================================================
[2026-10-07T00:45:11.554+0000] {manager.py:879} INFO - 
================================================================================
DAG File Processing Stats

File Path                            PID    Runtime      # DAGs    # Errors  Last Runtime    Last Run
-----------------------------------  -----  ---------  --------  ----------  --------------  -------------------
/opt/airflow/dags/sgfood_elt_dag.py                           1           0  0.33s           2026-10-07T00:44:57
================================================================================
[2026-10-07T00:45:29.341+0000] {manager.py:879} INFO - 
================================================================================
DAG File Processing Stats

File Path                            PID    Runtime      # DAGs    # Errors  Last Runtime    Last Run
-----------------------------------  -----  ---------  --------  ----------  --------------  -------------------
/opt/airflow/dags/sgfood_elt_dag.py                           1           0  0.32s           2026-10-07T00:45:35
================================================================================
[2026-10-07T00:46:04.848+0000] {manager.py:879} INFO - 
================================================================================
DAG File Processing Stats

File Path                            PID    Runtime      # DAGs    # Errors  Last Runtime    Last Run
-----------------------------------  -----  ---------  --------  ----------  --------------  -------------------
/opt/airflow/dags/sgfood_elt_dag.py                           1           0  0.32s           2026-10-07T00:45:35
================================================================================
[2026-10-07T00:46:23.878+0000] {manager.py:879} INFO - 
================================================================================
DAG File Processing Stats

File Path                            PID    Runtime      # DAGs    # Errors  Last Runtime    Last Run
-----------------------------------  -----  ---------  --------  ----------  --------------  -------------------
/opt/airflow/dags/sgfood_elt_dag.py                           1           0  0.33s           2026-10-07T00:46:05
================================================================================
[2026-10-07T00:46:51.642+0000] {manager.py:879} INFO - 
================================================================================
DAG File Processing Stats

File Path                            PID    Runtime      # DAGs    # Errors  Last Runtime    Last Run
-----------------------------------  -----  ---------  --------  ----------  --------------  -------------------
/opt/airflow/dags/sgfood_elt_dag.py                           1           0  -8.16s          2026-10-07T00:46:31
================================================================================
[2026-10-07T00:47:18.794+0000] {manager.py:879} INFO - 
================================================================================
DAG File Processing Stats

File Path                            PID    Runtime      # DAGs    # Errors  Last Runtime    Last Run
-----------------------------------  -----  ---------  --------  ----------  --------------  -------------------
/opt/airflow/dags/sgfood_elt_dag.py                           1           0  0.33s           2026-10-07T00:47:03
================================================================================
[2026-10-07T00:47:19.563+0000] {manager.py:738} INFO - Searching for files in /opt/airflow/dags
[2026-10-07T00:47:19.612+0000] {manager.py:741} INFO - There are 1 files in /opt/airflow/dags
[2026-10-07T00:47:46.472+0000] {manager.py:879} INFO - 
================================================================================
DAG File Processing Stats

File Path                            PID    Runtime      # DAGs    # Errors  Last Runtime    Last Run
-----------------------------------  -----  ---------  --------  ----------  --------------  -------------------
/opt/airflow/dags/sgfood_elt_dag.py                           1           0  -8.16s          2026-10-07T00:47:31
================================================================================
[2026-10-07T00:48:13.612+0000] {manager.py:879} INFO - 
================================================================================
DAG File Processing Stats

File Path                            PID    Runtime      # DAGs    # Errors  Last Runtime    Last Run
-----------------------------------  -----  ---------  --------  ----------  --------------  -------------------
/opt/airflow/dags/sgfood_elt_dag.py                           1           0  0.32s           2026-10-07T00:48:03
================================================================================
[2026-10-07T00:48:41.220+0000] {manager.py:879} INFO - 
================================================================================
DAG File Processing Stats

File Path                            PID    Runtime      # DAGs    # Errors  Last Runtime    Last Run
-----------------------------------  -----  ---------  --------  ----------  --------------  -------------------
/opt/airflow/dags/sgfood_elt_dag.py                           1           0  0.33s           2026-10-07T00:48:33
================================================================================
[2026-10-07T00:49:08.338+0000] {manager.py:879} INFO - 
================================================================================
DAG File Processing Stats

File Path                            PID    Runtime      # DAGs    # Errors  Last Runtime    Last Run
-----------------------------------  -----  ---------  --------  ----------  --------------  -------------------
/opt/airflow/dags/sgfood_elt_dag.py                           1           0  0.33s           2026-10-07T00:49:04
================================================================================
[2026-10-07T00:49:35.970+0000] {manager.py:879} INFO - 
================================================================================
DAG File Processing Stats

File Path                            PID    Runtime      # DAGs    # Errors  Last Runtime    Last Run
-----------------------------------  -----  ---------  --------  ----------  --------------  -------------------
/opt/airflow/dags/sgfood_elt_dag.py                           1           0  -8.06s          2026-10-07T00:49:32
================================================================================
[2026-10-07T00:50:03.085+0000] {manager.py:879} INFO - 
================================================================================
DAG File Processing Stats

File Path                            PID    Runtime      # DAGs    # Errors  Last Runtime    Last Run
-----------------------------------  -----  ---------  --------  ----------  --------------  -------------------
/opt/airflow/dags/sgfood_elt_dag.py                           1           0  -8.18s          2026-10-07T00:50:02
================================================================================
[2026-10-07T00:50:30.732+0000] {manager.py:879} INFO - 
================================================================================
DAG File Processing Stats

File Path                            PID    Runtime      # DAGs    # Errors  Last Runtime    Last Run
-----------------------------------  -----  ---------  --------  ----------  --------------  -------------------
/opt/airflow/dags/sgfood_elt_dag.py                           1           0  -8.18s          2026-10-07T00:50:02
================================================================================
[2026-10-07T00:50:57.892+0000] {manager.py:879} INFO - 
================================================================================
DAG File Processing Stats

File Path                            PID    Runtime      # DAGs    # Errors  Last Runtime    Last Run
-----------------------------------  -----  ---------  --------  ----------  --------------  -------------------
/opt/airflow/dags/sgfood_elt_dag.py                           1           0  0.33s           2026-10-07T00:50:57
================================================================================
[2026-10-07T00:51:25.507+0000] {manager.py:879} INFO - 
================================================================================
DAG File Processing Stats

File Path                            PID    Runtime      # DAGs    # Errors  Last Runtime    Last Run
-----------------------------------  -----  ---------  --------  ----------  --------------  -------------------
/opt/airflow/dags/sgfood_elt_dag.py                           1           0  0.33s           2026-10-07T00:50:57
================================================================================
[2026-10-07T00:51:53.031+0000] {manager.py:879} INFO - 
================================================================================
DAG File Processing Stats

File Path                            PID    Runtime      # DAGs    # Errors  Last Runtime    Last Run
-----------------------------------  -----  ---------  --------  ----------  --------------  -------------------
/opt/airflow/dags/sgfood_elt_dag.py                           1           0  -8.05s          2026-10-07T00:51:53
================================================================================
[2026-10-07T00:52:19.612+0000] {manager.py:738} INFO - Searching for files in /opt/airflow/dags
[2026-10-07T00:52:19.669+0000] {manager.py:741} INFO - There are 1 files in /opt/airflow/dags
[2026-10-07T00:52:20.418+0000] {manager.py:879} INFO - 
================================================================================
DAG File Processing Stats

File Path                            PID    Runtime      # DAGs    # Errors  Last Runtime    Last Run
-----------------------------------  -----  ---------  --------  ----------  --------------  -------------------
/opt/airflow/dags/sgfood_elt_dag.py                           1           0  -8.05s          2026-10-07T00:51:53
================================================================================
[2026-10-07T00:52:47.799+0000] {manager.py:879} INFO - 
================================================================================
DAG File Processing Stats

File Path                            PID    Runtime      # DAGs    # Errors  Last Runtime    Last Run
-----------------------------------  -----  ---------  --------  ----------  --------------  -------------------
/opt/airflow/dags/sgfood_elt_dag.py                           1           0  0.30s           2026-10-07T00:52:55
================================================================================
[2026-10-07T00:53:15.245+0000] {manager.py:879} INFO - 
================================================================================
DAG File Processing Stats

File Path                            PID    Runtime      # DAGs    # Errors  Last Runtime    Last Run
-----------------------------------  -----  ---------  --------  ----------  --------------  -------------------
/opt/airflow/dags/sgfood_elt_dag.py                           1           0  0.30s           2026-10-07T00:52:55
================================================================================
[2026-10-07T00:53:42.597+0000] {manager.py:879} INFO - 
================================================================================
DAG File Processing Stats

File Path                            PID    Runtime      # DAGs    # Errors  Last Runtime    Last Run
-----------------------------------  -----  ---------  --------  ----------  --------------  -------------------
/opt/airflow/dags/sgfood_elt_dag.py                           1           0  -8.17s          2026-10-07T00:53:22
================================================================================
[2026-10-07T00:54:10.028+0000] {manager.py:879} INFO - 
================================================================================
DAG File Processing Stats

File Path                            PID    Runtime      # DAGs    # Errors  Last Runtime    Last Run
-----------------------------------  -----  ---------  --------  ----------  --------------  -------------------
/opt/airflow/dags/sgfood_elt_dag.py                           1           0  -8.18s          2026-10-07T00:53:47
================================================================================
[2026-10-07T00:54:37.387+0000] {manager.py:879} INFO - 
================================================================================
DAG File Processing Stats

File Path                            PID    Runtime      # DAGs    # Errors  Last Runtime    Last Run
-----------------------------------  -----  ---------  --------  ----------  --------------  -------------------
/opt/airflow/dags/sgfood_elt_dag.py                           1           0  -8.17s          2026-10-07T00:54:17
================================================================================
[2026-10-07T00:55:04.902+0000] {manager.py:879} INFO - 
================================================================================
DAG File Processing Stats

File Path                            PID    Runtime      # DAGs    # Errors  Last Runtime    Last Run
-----------------------------------  -----  ---------  --------  ----------  --------------  -------------------
/opt/airflow/dags/sgfood_elt_dag.py                           1           0  0.33s           2026-10-07T00:54:48
================================================================================
[2026-10-07T00:55:32.209+0000] {manager.py:879} INFO - 
================================================================================
DAG File Processing Stats

File Path                            PID    Runtime      # DAGs    # Errors  Last Runtime    Last Run
-----------------------------------  -----  ---------  --------  ----------  --------------  -------------------
/opt/airflow/dags/sgfood_elt_dag.py                           1           0  -8.20s          2026-10-07T00:55:17
================================================================================
[2026-10-07T00:55:59.685+0000] {manager.py:879} INFO - 
================================================================================
DAG File Processing Stats

File Path                            PID    Runtime      # DAGs    # Errors  Last Runtime    Last Run
-----------------------------------  -----  ---------  --------  ----------  --------------  -------------------
/opt/airflow/dags/sgfood_elt_dag.py                           1           0  0.33s           2026-10-07T00:55:48
================================================================================
[2026-10-07T00:56:27.057+0000] {manager.py:879} INFO - 
================================================================================
DAG File Processing Stats

File Path                            PID    Runtime      # DAGs    # Errors  Last Runtime    Last Run
-----------------------------------  -----  ---------  --------  ----------  --------------  -------------------
/opt/airflow/dags/sgfood_elt_dag.py                           1           0  0.33s           2026-10-07T00:56:18
================================================================================
[2026-10-07T00:56:54.451+0000] {manager.py:879} INFO - 
================================================================================
DAG File Processing Stats

File Path                            PID    Runtime      # DAGs    # Errors  Last Runtime    Last Run
-----------------------------------  -----  ---------  --------  ----------  --------------  -------------------
/opt/airflow/dags/sgfood_elt_dag.py                           1           0  -8.21s          2026-10-07T00:56:42
================================================================================
[2026-10-07T00:57:21.148+0000] {manager.py:738} INFO - Searching for files in /opt/airflow/dags
[2026-10-07T00:57:12.672+0000] {manager.py:741} INFO - There are 1 files in /opt/airflow/dags
[2026-10-07T00:57:21.839+0000] {manager.py:879} INFO - 
================================================================================
DAG File Processing Stats

File Path                            PID    Runtime      # DAGs    # Errors  Last Runtime    Last Run
-----------------------------------  -----  ---------  --------  ----------  --------------  -------------------
/opt/airflow/dags/sgfood_elt_dag.py                           1           0  0.32s           2026-10-07T00:57:13
================================================================================
[2026-10-07T00:57:49.246+0000] {manager.py:879} INFO - 
================================================================================
DAG File Processing Stats

File Path                            PID    Runtime      # DAGs    # Errors  Last Runtime    Last Run
-----------------------------------  -----  ---------  --------  ----------  --------------  -------------------
/opt/airflow/dags/sgfood_elt_dag.py                           1           0  0.32s           2026-10-07T00:57:44
================================================================================
[2026-10-07T00:58:16.658+0000] {manager.py:879} INFO - 
================================================================================
DAG File Processing Stats

File Path                            PID    Runtime      # DAGs    # Errors  Last Runtime    Last Run
-----------------------------------  -----  ---------  --------  ----------  --------------  -------------------
/opt/airflow/dags/sgfood_elt_dag.py                           1           0  0.33s           2026-10-07T00:58:15
================================================================================
[2026-10-07T00:58:43.970+0000] {manager.py:879} INFO - 
================================================================================
DAG File Processing Stats

File Path                            PID    Runtime      # DAGs    # Errors  Last Runtime    Last Run
-----------------------------------  -----  ---------  --------  ----------  --------------  -------------------
/opt/airflow/dags/sgfood_elt_dag.py                           1           0  0.33s           2026-10-07T00:58:15
================================================================================
[2026-10-07T00:59:11.467+0000] {manager.py:879} INFO - 
================================================================================
DAG File Processing Stats

File Path                            PID    Runtime      # DAGs    # Errors  Last Runtime    Last Run
-----------------------------------  -----  ---------  --------  ----------  --------------  -------------------
/opt/airflow/dags/sgfood_elt_dag.py                           1           0  -8.21s          2026-10-07T00:59:09
================================================================================
[2026-10-07T00:59:38.753+0000] {manager.py:879} INFO - 
================================================================================
DAG File Processing Stats

File Path                            PID    Runtime      # DAGs    # Errors  Last Runtime    Last Run
-----------------------------------  -----  ---------  --------  ----------  --------------  -------------------
/opt/airflow/dags/sgfood_elt_dag.py                           1           0  -8.24s          2026-10-07T00:59:33
================================================================================
[2026-10-07T01:00:06.311+0000] {manager.py:879} INFO - 
================================================================================
DAG File Processing Stats

File Path                            PID    Runtime      # DAGs    # Errors  Last Runtime    Last Run
-----------------------------------  -----  ---------  --------  ----------  --------------  -------------------
/opt/airflow/dags/sgfood_elt_dag.py                           1           0  -8.22s          2026-10-07T00:59:58
================================================================================
[2026-10-07T01:00:33.507+0000] {manager.py:879} INFO - 
================================================================================
DAG File Processing Stats

File Path                            PID    Runtime      # DAGs    # Errors  Last Runtime    Last Run
-----------------------------------  -----  ---------  --------  ----------  --------------  -------------------
/opt/airflow/dags/sgfood_elt_dag.py                           1           0  0.23s           2026-10-07T01:00:28
================================================================================
[2026-10-07T01:01:01.087+0000] {manager.py:879} INFO - 
================================================================================
DAG File Processing Stats

File Path                            PID    Runtime      # DAGs    # Errors  Last Runtime    Last Run
-----------------------------------  -----  ---------  --------  ----------  --------------  -------------------
/opt/airflow/dags/sgfood_elt_dag.py                           1           0  0.34s           2026-10-07T01:00:59
================================================================================
[2026-10-07T01:01:28.237+0000] {manager.py:879} INFO - 
================================================================================
DAG File Processing Stats

File Path                            PID    Runtime      # DAGs    # Errors  Last Runtime    Last Run
-----------------------------------  -----  ---------  --------  ----------  --------------  -------------------
/opt/airflow/dags/sgfood_elt_dag.py                           1           0  -8.23s          2026-10-07T01:01:23
================================================================================
[2026-10-07T01:01:55.901+0000] {manager.py:879} INFO - 
================================================================================
DAG File Processing Stats

File Path                            PID    Runtime      # DAGs    # Errors  Last Runtime    Last Run
-----------------------------------  -----  ---------  --------  ----------  --------------  -------------------
/opt/airflow/dags/sgfood_elt_dag.py                           1           0  -8.24s          2026-10-07T01:01:48
================================================================================
[2026-10-07T01:02:21.189+0000] {manager.py:738} INFO - Searching for files in /opt/airflow/dags
[2026-10-07T01:02:21.237+0000] {manager.py:741} INFO - There are 1 files in /opt/airflow/dags
[2026-10-07T01:02:31.536+0000] {manager.py:879} INFO - 
================================================================================
DAG File Processing Stats

File Path                            PID    Runtime      # DAGs    # Errors  Last Runtime    Last Run
-----------------------------------  -----  ---------  --------  ----------  --------------  -------------------
/opt/airflow/dags/sgfood_elt_dag.py                           1           0  0.24s           2026-10-07T01:02:18
================================================================================
[2026-10-07T01:02:50.645+0000] {manager.py:879} INFO - 
================================================================================
DAG File Processing Stats

File Path                            PID    Runtime      # DAGs    # Errors  Last Runtime    Last Run
-----------------------------------  -----  ---------  --------  ----------  --------------  -------------------
/opt/airflow/dags/sgfood_elt_dag.py                           1           0  -8.21s          2026-10-07T01:02:48
================================================================================
[2026-10-07T01:03:18.153+0000] {manager.py:879} INFO - 
================================================================================
DAG File Processing Stats

File Path                            PID    Runtime      # DAGs    # Errors  Last Runtime    Last Run
-----------------------------------  -----  ---------  --------  ----------  --------------  -------------------
/opt/airflow/dags/sgfood_elt_dag.py                           1           0  -8.20s          2026-10-07T01:03:15
================================================================================
[2026-10-07T01:03:45.411+0000] {manager.py:879} INFO - 
================================================================================
DAG File Processing Stats

File Path                            PID    Runtime      # DAGs    # Errors  Last Runtime    Last Run
-----------------------------------  -----  ---------  --------  ----------  --------------  -------------------
/opt/airflow/dags/sgfood_elt_dag.py                           1           0  -8.23s          2026-10-07T01:03:38
================================================================================
[2026-10-07T01:04:12.935+0000] {manager.py:879} INFO - 
================================================================================
DAG File Processing Stats

File Path                            PID    Runtime      # DAGs    # Errors  Last Runtime    Last Run
-----------------------------------  -----  ---------  --------  ----------  --------------  -------------------
/opt/airflow/dags/sgfood_elt_dag.py                           1           0  8.77s           2026-10-07T01:04:17
================================================================================
[2026-10-07T01:04:40.183+0000] {manager.py:879} INFO - 
================================================================================
DAG File Processing Stats

File Path                            PID    Runtime      # DAGs    # Errors  Last Runtime    Last Run
-----------------------------------  -----  ---------  --------  ----------  --------------  -------------------
/opt/airflow/dags/sgfood_elt_dag.py                           1           0  8.77s           2026-10-07T01:04:17
================================================================================
[2026-10-07T01:05:07.753+0000] {manager.py:879} INFO - 
================================================================================
DAG File Processing Stats

File Path                            PID    Runtime      # DAGs    # Errors  Last Runtime    Last Run
-----------------------------------  -----  ---------  --------  ----------  --------------  -------------------
/opt/airflow/dags/sgfood_elt_dag.py                           1           0  0.35s           2026-10-07T01:04:48
================================================================================
[2026-10-07T01:05:34.844+0000] {manager.py:879} INFO - 
================================================================================
DAG File Processing Stats

File Path                            PID    Runtime      # DAGs    # Errors  Last Runtime    Last Run
-----------------------------------  -----  ---------  --------  ----------  --------------  -------------------
/opt/airflow/dags/sgfood_elt_dag.py                           1           0  -8.24s          2026-10-07T01:05:18
================================================================================
[2026-10-07T01:06:02.884+0000] {manager.py:879} INFO - 
================================================================================
DAG File Processing Stats

File Path                            PID    Runtime      # DAGs    # Errors  Last Runtime    Last Run
-----------------------------------  -----  ---------  --------  ----------  --------------  -------------------
/opt/airflow/dags/sgfood_elt_dag.py                           1           0  -8.22s          2026-10-07T01:05:48
================================================================================
[2026-10-07T01:06:30.014+0000] {manager.py:879} INFO - 
================================================================================
DAG File Processing Stats

File Path                            PID    Runtime      # DAGs    # Errors  Last Runtime    Last Run
-----------------------------------  -----  ---------  --------  ----------  --------------  -------------------
/opt/airflow/dags/sgfood_elt_dag.py                           1           0  -8.22s          2026-10-07T01:06:18
================================================================================
[2026-10-07T01:07:06.159+0000] {manager.py:879} INFO - 
================================================================================
DAG File Processing Stats

File Path                            PID    Runtime      # DAGs    # Errors  Last Runtime    Last Run
-----------------------------------  -----  ---------  --------  ----------  --------------  -------------------
/opt/airflow/dags/sgfood_elt_dag.py                           1           0  -8.13s          2026-10-07T01:06:44
================================================================================
[2026-10-07T01:07:22.180+0000] {manager.py:738} INFO - Searching for files in /opt/airflow/dags
[2026-10-07T01:07:22.231+0000] {manager.py:741} INFO - There are 1 files in /opt/airflow/dags
[2026-10-07T01:07:24.914+0000] {manager.py:879} INFO - 
================================================================================
DAG File Processing Stats

File Path                            PID    Runtime      # DAGs    # Errors  Last Runtime    Last Run
-----------------------------------  -----  ---------  --------  ----------  --------------  -------------------
/opt/airflow/dags/sgfood_elt_dag.py                           1           0  0.32s           2026-10-07T01:07:14
================================================================================
[2026-10-07T01:07:52.737+0000] {manager.py:879} INFO - 
================================================================================
DAG File Processing Stats

File Path                            PID    Runtime      # DAGs    # Errors  Last Runtime    Last Run
-----------------------------------  -----  ---------  --------  ----------  --------------  -------------------
/opt/airflow/dags/sgfood_elt_dag.py                           1           0  -8.25s          2026-10-07T01:07:39
================================================================================
[2026-10-07T01:08:20.012+0000] {manager.py:879} INFO - 
================================================================================
DAG File Processing Stats

File Path                            PID    Runtime      # DAGs    # Errors  Last Runtime    Last Run
-----------------------------------  -----  ---------  --------  ----------  --------------  -------------------
/opt/airflow/dags/sgfood_elt_dag.py                           1           0  -8.24s          2026-10-07T01:08:09
================================================================================
[2026-10-07T01:08:47.898+0000] {manager.py:879} INFO - 
================================================================================
DAG File Processing Stats

File Path                            PID    Runtime      # DAGs    # Errors  Last Runtime    Last Run
-----------------------------------  -----  ---------  --------  ----------  --------------  -------------------
/opt/airflow/dags/sgfood_elt_dag.py                           1           0  0.41s           2026-10-07T01:08:40
================================================================================
[2026-10-07T01:09:25.434+0000] {manager.py:879} INFO - 
================================================================================
DAG File Processing Stats

File Path                            PID    Runtime      # DAGs    # Errors  Last Runtime    Last Run
-----------------------------------  -----  ---------  --------  ----------  --------------  -------------------
/opt/airflow/dags/sgfood_elt_dag.py                           1           0  0.31s           2026-10-07T01:09:11
================================================================================
[2026-10-07T01:09:45.260+0000] {manager.py:879} INFO - 
================================================================================
DAG File Processing Stats

File Path                            PID    Runtime      # DAGs    # Errors  Last Runtime    Last Run
-----------------------------------  -----  ---------  --------  ----------  --------------  -------------------
/opt/airflow/dags/sgfood_elt_dag.py                           1           0  -8.23s          2026-10-07T01:09:34
================================================================================
[2026-10-07T01:10:12.908+0000] {manager.py:879} INFO - 
================================================================================
DAG File Processing Stats

File Path                            PID    Runtime      # DAGs    # Errors  Last Runtime    Last Run
-----------------------------------  -----  ---------  --------  ----------  --------------  -------------------
/opt/airflow/dags/sgfood_elt_dag.py                           1           0  0.32s           2026-10-07T01:10:04
================================================================================
[2026-10-07T01:10:40.026+0000] {manager.py:879} INFO - 
================================================================================
DAG File Processing Stats

File Path                            PID    Runtime      # DAGs    # Errors  Last Runtime    Last Run
-----------------------------------  -----  ---------  --------  ----------  --------------  -------------------
/opt/airflow/dags/sgfood_elt_dag.py                           1           0  -8.23s          2026-10-07T01:10:29
================================================================================
[2026-10-07T01:11:07.697+0000] {manager.py:879} INFO - 
================================================================================
DAG File Processing Stats

File Path                            PID    Runtime      # DAGs    # Errors  Last Runtime    Last Run
-----------------------------------  -----  ---------  --------  ----------  --------------  -------------------
/opt/airflow/dags/sgfood_elt_dag.py                           1           0  0.33s           2026-10-07T01:11:08
================================================================================
[2026-10-07T01:11:34.691+0000] {manager.py:879} INFO - 
================================================================================
DAG File Processing Stats

File Path                            PID    Runtime      # DAGs    # Errors  Last Runtime    Last Run
-----------------------------------  -----  ---------  --------  ----------  --------------  -------------------
/opt/airflow/dags/sgfood_elt_dag.py                           1           0  0.33s           2026-10-07T01:11:08
================================================================================
[2026-10-07T01:12:02.251+0000] {manager.py:879} INFO - 
================================================================================
DAG File Processing Stats

File Path                            PID    Runtime      # DAGs    # Errors  Last Runtime    Last Run
-----------------------------------  -----  ---------  --------  ----------  --------------  -------------------
/opt/airflow/dags/sgfood_elt_dag.py                           1           0  0.42s           2026-10-07T01:11:39
================================================================================
[2026-10-07T01:12:22.802+0000] {manager.py:738} INFO - Searching for files in /opt/airflow/dags
[2026-10-07T01:12:22.848+0000] {manager.py:741} INFO - There are 1 files in /opt/airflow/dags
[2026-10-07T01:12:29.648+0000] {manager.py:879} INFO - 
================================================================================
DAG File Processing Stats

File Path                            PID    Runtime      # DAGs    # Errors  Last Runtime    Last Run
-----------------------------------  -----  ---------  --------  ----------  --------------  -------------------
/opt/airflow/dags/sgfood_elt_dag.py                           1           0  -8.25s          2026-10-07T01:12:04
================================================================================
[2026-10-07T01:13:05.917+0000] {manager.py:879} INFO - 
================================================================================
DAG File Processing Stats

File Path                            PID    Runtime      # DAGs    # Errors  Last Runtime    Last Run
-----------------------------------  -----  ---------  --------  ----------  --------------  -------------------
/opt/airflow/dags/sgfood_elt_dag.py                           1           0  0.32s           2026-10-07T01:13:05
================================================================================
[2026-10-07T01:13:24.484+0000] {manager.py:879} INFO - 
================================================================================
DAG File Processing Stats

File Path                            PID    Runtime      # DAGs    # Errors  Last Runtime    Last Run
-----------------------------------  -----  ---------  --------  ----------  --------------  -------------------
/opt/airflow/dags/sgfood_elt_dag.py                           1           0  0.32s           2026-10-07T01:13:05
================================================================================
[2026-10-07T01:13:52.186+0000] {manager.py:879} INFO - 
================================================================================
DAG File Processing Stats

File Path                            PID    Runtime      # DAGs    # Errors  Last Runtime    Last Run
-----------------------------------  -----  ---------  --------  ----------  --------------  -------------------
/opt/airflow/dags/sgfood_elt_dag.py                           1           0  -8.23s          2026-10-07T01:13:35
================================================================================
[2026-10-07T01:14:19.707+0000] {manager.py:879} INFO - 
================================================================================
DAG File Processing Stats

File Path                            PID    Runtime      # DAGs    # Errors  Last Runtime    Last Run
-----------------------------------  -----  ---------  --------  ----------  --------------  -------------------
/opt/airflow/dags/sgfood_elt_dag.py                           1           0  0.32s           2026-10-07T01:14:06
================================================================================
[2026-10-07T01:14:47.348+0000] {manager.py:879} INFO - 
================================================================================
DAG File Processing Stats

File Path                            PID    Runtime      # DAGs    # Errors  Last Runtime    Last Run
-----------------------------------  -----  ---------  --------  ----------  --------------  -------------------
/opt/airflow/dags/sgfood_elt_dag.py                           1           0  -8.25s          2026-10-07T01:14:34
================================================================================
[2026-10-07T01:15:22.945+0000] {manager.py:879} INFO - 
================================================================================
DAG File Processing Stats

File Path                            PID    Runtime      # DAGs    # Errors  Last Runtime    Last Run
-----------------------------------  -----  ---------  --------  ----------  --------------  -------------------
/opt/airflow/dags/sgfood_elt_dag.py                           1           0  -8.26s          2026-10-07T01:14:59
================================================================================
[2026-10-07T01:15:42.099+0000] {manager.py:879} INFO - 
================================================================================
DAG File Processing Stats

File Path                            PID    Runtime      # DAGs    # Errors  Last Runtime    Last Run
-----------------------------------  -----  ---------  --------  ----------  --------------  -------------------
/opt/airflow/dags/sgfood_elt_dag.py                           1           0  0.33s           2026-10-07T01:15:30
================================================================================
[2026-10-07T01:16:09.726+0000] {manager.py:879} INFO - 
================================================================================
DAG File Processing Stats

File Path                            PID    Runtime      # DAGs    # Errors  Last Runtime    Last Run
-----------------------------------  -----  ---------  --------  ----------  --------------  -------------------
/opt/airflow/dags/sgfood_elt_dag.py                           1           0  -8.26s          2026-10-07T01:15:54
================================================================================
[2026-10-07T01:16:36.837+0000] {manager.py:879} INFO - 
================================================================================
DAG File Processing Stats

File Path                            PID    Runtime      # DAGs    # Errors  Last Runtime    Last Run
-----------------------------------  -----  ---------  --------  ----------  --------------  -------------------
/opt/airflow/dags/sgfood_elt_dag.py                           1           0  0.32s           2026-10-07T01:16:25
================================================================================
[2026-10-07T01:17:04.455+0000] {manager.py:879} INFO - 
================================================================================
DAG File Processing Stats

File Path                            PID    Runtime      # DAGs    # Errors  Last Runtime    Last Run
-----------------------------------  -----  ---------  --------  ----------  --------------  -------------------
/opt/airflow/dags/sgfood_elt_dag.py                           1           0  -8.28s          2026-10-07T01:16:56
================================================================================
[2026-10-07T01:17:23.187+0000] {manager.py:738} INFO - Searching for files in /opt/airflow/dags
[2026-10-07T01:17:23.239+0000] {manager.py:741} INFO - There are 1 files in /opt/airflow/dags
[2026-10-07T01:17:31.584+0000] {manager.py:879} INFO - 
================================================================================
DAG File Processing Stats

File Path                            PID    Runtime      # DAGs    # Errors  Last Runtime    Last Run
-----------------------------------  -----  ---------  --------  ----------  --------------  -------------------
/opt/airflow/dags/sgfood_elt_dag.py                           1           0  -8.26s          2026-10-07T01:17:20
================================================================================
[2026-10-07T01:17:59.221+0000] {manager.py:879} INFO - 
================================================================================
DAG File Processing Stats

File Path                            PID    Runtime      # DAGs    # Errors  Last Runtime    Last Run
-----------------------------------  -----  ---------  --------  ----------  --------------  -------------------
/opt/airflow/dags/sgfood_elt_dag.py                           1           0  -8.28s          2026-10-07T01:17:50
================================================================================
[2026-10-07T01:18:26.372+0000] {manager.py:879} INFO - 
================================================================================
DAG File Processing Stats

File Path                            PID    Runtime      # DAGs    # Errors  Last Runtime    Last Run
-----------------------------------  -----  ---------  --------  ----------  --------------  -------------------
/opt/airflow/dags/sgfood_elt_dag.py                           1           0  0.32s           2026-10-07T01:18:21
================================================================================
[2026-10-07T01:18:54.008+0000] {manager.py:879} INFO - 
================================================================================
DAG File Processing Stats

File Path                            PID    Runtime      # DAGs    # Errors  Last Runtime    Last Run
-----------------------------------  -----  ---------  --------  ----------  --------------  -------------------
/opt/airflow/dags/sgfood_elt_dag.py                           1           0  -8.28s          2026-10-07T01:18:45
================================================================================
[2026-10-07T01:19:21.128+0000] {manager.py:879} INFO - 
================================================================================
DAG File Processing Stats

File Path                            PID    Runtime      # DAGs    # Errors  Last Runtime    Last Run
-----------------------------------  -----  ---------  --------  ----------  --------------  -------------------
/opt/airflow/dags/sgfood_elt_dag.py                           1           0  -8.28s          2026-10-07T01:19:15
================================================================================
[2026-10-07T01:19:57.885+0000] {manager.py:879} INFO - 
================================================================================
DAG File Processing Stats

File Path                            PID    Runtime      # DAGs    # Errors  Last Runtime    Last Run
-----------------------------------  -----  ---------  --------  ----------  --------------  -------------------
/opt/airflow/dags/sgfood_elt_dag.py                           1           0  0.32s           2026-10-07T01:19:49
================================================================================
[2026-10-07T01:20:15.857+0000] {manager.py:879} INFO - 
================================================================================
DAG File Processing Stats

File Path                            PID    Runtime      # DAGs    # Errors  Last Runtime    Last Run
-----------------------------------  -----  ---------  --------  ----------  --------------  -------------------
/opt/airflow/dags/sgfood_elt_dag.py                           1           0  0.35s           2026-10-07T01:20:15
================================================================================
[2026-10-07T01:20:43.516+0000] {manager.py:879} INFO - 
================================================================================
DAG File Processing Stats

File Path                            PID    Runtime      # DAGs    # Errors  Last Runtime    Last Run
-----------------------------------  -----  ---------  --------  ----------  --------------  -------------------
/opt/airflow/dags/sgfood_elt_dag.py                           1           0  0.35s           2026-10-07T01:20:15
================================================================================
[2026-10-07T01:21:10.515+0000] {manager.py:879} INFO - 
================================================================================
DAG File Processing Stats

File Path                            PID    Runtime      # DAGs    # Errors  Last Runtime    Last Run
-----------------------------------  -----  ---------  --------  ----------  --------------  -------------------
/opt/airflow/dags/sgfood_elt_dag.py                           1           0  -8.28s          2026-10-07T01:20:45
================================================================================
[2026-10-07T01:21:38.320+0000] {manager.py:879} INFO - 
================================================================================
DAG File Processing Stats

File Path                            PID    Runtime      # DAGs    # Errors  Last Runtime    Last Run
-----------------------------------  -----  ---------  --------  ----------  --------------  -------------------
/opt/airflow/dags/sgfood_elt_dag.py                           1           0  -8.28s          2026-10-07T01:21:15
================================================================================
[2026-10-07T01:22:05.462+0000] {manager.py:879} INFO - 
================================================================================
DAG File Processing Stats

File Path                            PID    Runtime      # DAGs    # Errors  Last Runtime    Last Run
-----------------------------------  -----  ---------  --------  ----------  --------------  -------------------
/opt/airflow/dags/sgfood_elt_dag.py                           1           0  0.34s           2026-10-07T01:21:46
================================================================================
[2026-10-07T01:22:28.783+0000] {manager.py:738} INFO - Searching for files in /opt/airflow/dags
[2026-10-07T01:22:28.836+0000] {manager.py:741} INFO - There are 1 files in /opt/airflow/dags
[2026-10-07T01:22:33.190+0000] {manager.py:879} INFO - 
================================================================================
DAG File Processing Stats

File Path                            PID    Runtime      # DAGs    # Errors  Last Runtime    Last Run
-----------------------------------  -----  ---------  --------  ----------  --------------  -------------------
/opt/airflow/dags/sgfood_elt_dag.py                           1           0  -8.28s          2026-10-07T01:22:10
================================================================================
[2026-10-07T01:23:00.730+0000] {manager.py:879} INFO - 
================================================================================
DAG File Processing Stats

File Path                            PID    Runtime      # DAGs    # Errors  Last Runtime    Last Run
-----------------------------------  -----  ---------  --------  ----------  --------------  -------------------
/opt/airflow/dags/sgfood_elt_dag.py                           1           0  0.32s           2026-10-07T01:22:44
================================================================================
[2026-10-07T01:23:28.741+0000] {manager.py:879} INFO - 
================================================================================
DAG File Processing Stats

File Path                            PID    Runtime      # DAGs    # Errors  Last Runtime    Last Run
-----------------------------------  -----  ---------  --------  ----------  --------------  -------------------
/opt/airflow/dags/sgfood_elt_dag.py                           1           0  0.34s           2026-10-07T01:23:15
================================================================================
[2026-10-07T01:23:56.064+0000] {manager.py:879} INFO - 
================================================================================
DAG File Processing Stats

File Path                            PID    Runtime      # DAGs    # Errors  Last Runtime    Last Run
-----------------------------------  -----  ---------  --------  ----------  --------------  -------------------
/opt/airflow/dags/sgfood_elt_dag.py                           1           0  0.33s           2026-10-07T01:23:46
================================================================================
[2026-10-07T01:24:24.477+0000] {manager.py:879} INFO - 
================================================================================
DAG File Processing Stats

File Path                            PID    Runtime      # DAGs    # Errors  Last Runtime    Last Run
-----------------------------------  -----  ---------  --------  ----------  --------------  -------------------
/opt/airflow/dags/sgfood_elt_dag.py                           1           0  -8.27s          2026-10-07T01:24:12
================================================================================
[2026-10-07T01:24:51.978+0000] {manager.py:879} INFO - 
================================================================================
DAG File Processing Stats

File Path                            PID    Runtime      # DAGs    # Errors  Last Runtime    Last Run
-----------------------------------  -----  ---------  --------  ----------  --------------  -------------------
/opt/airflow/dags/sgfood_elt_dag.py                           1           0  0.33s           2026-10-07T01:24:44
================================================================================
[2026-10-07T01:25:20.070+0000] {manager.py:879} INFO - 
================================================================================
DAG File Processing Stats

File Path                            PID    Runtime      # DAGs    # Errors  Last Runtime    Last Run
-----------------------------------  -----  ---------  --------  ----------  --------------  -------------------
/opt/airflow/dags/sgfood_elt_dag.py                           1           0  0.41s           2026-10-07T01:25:14
================================================================================
[2026-10-07T01:25:47.732+0000] {manager.py:879} INFO - 
================================================================================
DAG File Processing Stats

File Path                            PID    Runtime      # DAGs    # Errors  Last Runtime    Last Run
-----------------------------------  -----  ---------  --------  ----------  --------------  -------------------
/opt/airflow/dags/sgfood_elt_dag.py                           1           0  -8.30s          2026-10-07T01:25:41
================================================================================
[2026-10-07T01:26:15.358+0000] {manager.py:879} INFO - 
================================================================================
DAG File Processing Stats

File Path                            PID    Runtime      # DAGs    # Errors  Last Runtime    Last Run
-----------------------------------  -----  ---------  --------  ----------  --------------  -------------------
/opt/airflow/dags/sgfood_elt_dag.py                           1           0  -0.78s          2026-10-07T01:26:10
================================================================================
[2026-10-07T01:26:42.470+0000] {manager.py:879} INFO - 
================================================================================
DAG File Processing Stats

File Path                            PID    Runtime      # DAGs    # Errors  Last Runtime    Last Run
-----------------------------------  -----  ---------  --------  ----------  --------------  -------------------
/opt/airflow/dags/sgfood_elt_dag.py                           1           0  -8.30s          2026-10-07T01:26:36
================================================================================
[2026-10-07T01:27:10.087+0000] {manager.py:879} INFO - 
================================================================================
DAG File Processing Stats

File Path                            PID    Runtime      # DAGs    # Errors  Last Runtime    Last Run
-----------------------------------  -----  ---------  --------  ----------  --------------  -------------------
/opt/airflow/dags/sgfood_elt_dag.py                           1           0  -8.28s          2026-10-07T01:27:06
================================================================================
[2026-10-07T01:27:28.990+0000] {manager.py:738} INFO - Searching for files in /opt/airflow/dags
[2026-10-07T01:27:29.038+0000] {manager.py:741} INFO - There are 1 files in /opt/airflow/dags
[2026-10-07T01:27:37.397+0000] {manager.py:879} INFO - 
================================================================================
DAG File Processing Stats

File Path                            PID    Runtime      # DAGs    # Errors  Last Runtime    Last Run
-----------------------------------  -----  ---------  --------  ----------  --------------  -------------------
/opt/airflow/dags/sgfood_elt_dag.py                           1           0  0.33s           2026-10-07T01:27:37
================================================================================
[2026-10-07T01:28:04.995+0000] {manager.py:879} INFO - 
================================================================================
DAG File Processing Stats

File Path                            PID    Runtime      # DAGs    # Errors  Last Runtime    Last Run
-----------------------------------  -----  ---------  --------  ----------  --------------  -------------------
/opt/airflow/dags/sgfood_elt_dag.py                           1           0  -8.31s          2026-10-07T01:28:01
================================================================================
[2026-10-07T01:28:32.178+0000] {manager.py:879} INFO - 
================================================================================
DAG File Processing Stats

File Path                            PID    Runtime      # DAGs    # Errors  Last Runtime    Last Run
-----------------------------------  -----  ---------  --------  ----------  --------------  -------------------
/opt/airflow/dags/sgfood_elt_dag.py                           1           0  -8.32s          2026-10-07T01:28:26
================================================================================
[2026-10-07T01:28:59.837+0000] {manager.py:879} INFO - 
================================================================================
DAG File Processing Stats

File Path                            PID    Runtime      # DAGs    # Errors  Last Runtime    Last Run
-----------------------------------  -----  ---------  --------  ----------  --------------  -------------------
/opt/airflow/dags/sgfood_elt_dag.py                           1           0  -8.30s          2026-10-07T01:28:51
================================================================================
[2026-10-07T01:29:26.957+0000] {manager.py:879} INFO - 
================================================================================
DAG File Processing Stats

File Path                            PID    Runtime      # DAGs    # Errors  Last Runtime    Last Run
-----------------------------------  -----  ---------  --------  ----------  --------------  -------------------
/opt/airflow/dags/sgfood_elt_dag.py                           1           0  0.33s           2026-10-07T01:29:21
================================================================================
[2026-10-07T01:29:54.633+0000] {manager.py:879} INFO - 
================================================================================
DAG File Processing Stats

File Path                            PID    Runtime      # DAGs    # Errors  Last Runtime    Last Run
-----------------------------------  -----  ---------  --------  ----------  --------------  -------------------
/opt/airflow/dags/sgfood_elt_dag.py                           1           0  -8.31s          2026-10-07T01:29:51
================================================================================
[2026-10-07T01:30:21.770+0000] {manager.py:879} INFO - 
================================================================================
DAG File Processing Stats

File Path                            PID    Runtime      # DAGs    # Errors  Last Runtime    Last Run
-----------------------------------  -----  ---------  --------  ----------  --------------  -------------------
/opt/airflow/dags/sgfood_elt_dag.py                           1           0  -8.31s          2026-10-07T01:30:16
================================================================================
[2026-10-07T01:30:49.408+0000] {manager.py:879} INFO - 
================================================================================
DAG File Processing Stats

File Path                            PID    Runtime      # DAGs    # Errors  Last Runtime    Last Run
-----------------------------------  -----  ---------  --------  ----------  --------------  -------------------
/opt/airflow/dags/sgfood_elt_dag.py                           1           0  -8.31s          2026-10-07T01:30:46
================================================================================
[2026-10-07T01:31:16.543+0000] {manager.py:879} INFO - 
================================================================================
DAG File Processing Stats

File Path                            PID    Runtime      # DAGs    # Errors  Last Runtime    Last Run
-----------------------------------  -----  ---------  --------  ----------  --------------  -------------------
/opt/airflow/dags/sgfood_elt_dag.py                           1           0  -8.31s          2026-10-07T01:30:46
================================================================================
[2026-10-07T01:31:44.198+0000] {manager.py:879} INFO - 
================================================================================
DAG File Processing Stats

File Path                            PID    Runtime      # DAGs    # Errors  Last Runtime    Last Run
-----------------------------------  -----  ---------  --------  ----------  --------------  -------------------
/opt/airflow/dags/sgfood_elt_dag.py                           1           0  -8.29s          2026-10-07T01:31:41
================================================================================
[2026-10-07T01:32:11.621+0000] {manager.py:879} INFO - 
================================================================================
DAG File Processing Stats

File Path                            PID    Runtime      # DAGs    # Errors  Last Runtime    Last Run
-----------------------------------  -----  ---------  --------  ----------  --------------  -------------------
/opt/airflow/dags/sgfood_elt_dag.py                           1           0  -8.31s          2026-10-07T01:32:11
================================================================================
[2026-10-07T01:32:29.863+0000] {manager.py:738} INFO - Searching for files in /opt/airflow/dags
[2026-10-07T01:32:29.949+0000] {manager.py:741} INFO - There are 1 files in /opt/airflow/dags
[2026-10-07T01:32:39.255+0000] {manager.py:879} INFO - 
================================================================================
DAG File Processing Stats

File Path                            PID    Runtime      # DAGs    # Errors  Last Runtime    Last Run
-----------------------------------  -----  ---------  --------  ----------  --------------  -------------------
/opt/airflow/dags/sgfood_elt_dag.py                           1           0  -8.32s          2026-10-07T01:32:36
================================================================================
[2026-10-07T01:33:16.002+0000] {manager.py:879} INFO - 
================================================================================
DAG File Processing Stats

File Path                            PID    Runtime      # DAGs    # Errors  Last Runtime    Last Run
-----------------------------------  -----  ---------  --------  ----------  --------------  -------------------
/opt/airflow/dags/sgfood_elt_dag.py                           1           0  0.32s           2026-10-07T01:33:06
================================================================================
[2026-10-07T01:33:33.961+0000] {manager.py:879} INFO - 
================================================================================
DAG File Processing Stats

File Path                            PID    Runtime      # DAGs    # Errors  Last Runtime    Last Run
-----------------------------------  -----  ---------  --------  ----------  --------------  -------------------
/opt/airflow/dags/sgfood_elt_dag.py                           1           0  0.32s           2026-10-07T01:33:06
================================================================================
[2026-10-07T01:34:01.610+0000] {manager.py:879} INFO - 
================================================================================
DAG File Processing Stats

File Path                            PID    Runtime      # DAGs    # Errors  Last Runtime    Last Run
-----------------------------------  -----  ---------  --------  ----------  --------------  -------------------
/opt/airflow/dags/sgfood_elt_dag.py                           1           0  -8.23s          2026-10-07T01:33:36
================================================================================
[2026-10-07T01:34:28.736+0000] {manager.py:879} INFO - 
================================================================================
DAG File Processing Stats

File Path                            PID    Runtime      # DAGs    # Errors  Last Runtime    Last Run
-----------------------------------  -----  ---------  --------  ----------  --------------  -------------------
/opt/airflow/dags/sgfood_elt_dag.py                           1           0  -8.32s          2026-10-07T01:34:06
================================================================================
[2026-10-07T01:34:56.441+0000] {manager.py:879} INFO - 
================================================================================
DAG File Processing Stats

File Path                            PID    Runtime      # DAGs    # Errors  Last Runtime    Last Run
-----------------------------------  -----  ---------  --------  ----------  --------------  -------------------
/opt/airflow/dags/sgfood_elt_dag.py                           1           0  -8.30s          2026-10-07T01:34:31
================================================================================
[2026-10-07T01:35:32.718+0000] {manager.py:879} INFO - 
================================================================================
DAG File Processing Stats

File Path                            PID    Runtime      # DAGs    # Errors  Last Runtime    Last Run
-----------------------------------  -----  ---------  --------  ----------  --------------  -------------------
/opt/airflow/dags/sgfood_elt_dag.py                           1           0  0.32s           2026-10-07T01:35:03
================================================================================
[2026-10-07T01:35:51.246+0000] {manager.py:879} INFO - 
================================================================================
DAG File Processing Stats

File Path                            PID    Runtime      # DAGs    # Errors  Last Runtime    Last Run
-----------------------------------  -----  ---------  --------  ----------  --------------  -------------------
/opt/airflow/dags/sgfood_elt_dag.py                           1           0  0.33s           2026-10-07T01:35:34
================================================================================
[2026-10-07T01:36:18.398+0000] {manager.py:879} INFO - 
================================================================================
DAG File Processing Stats

File Path                            PID    Runtime      # DAGs    # Errors  Last Runtime    Last Run
-----------------------------------  -----  ---------  --------  ----------  --------------  -------------------
/opt/airflow/dags/sgfood_elt_dag.py                           1           0  0.29s           2026-10-07T01:36:10
================================================================================
[2026-10-07T01:36:46.076+0000] {manager.py:879} INFO - 
================================================================================
DAG File Processing Stats

File Path                            PID    Runtime      # DAGs    # Errors  Last Runtime    Last Run
-----------------------------------  -----  ---------  --------  ----------  --------------  -------------------
/opt/airflow/dags/sgfood_elt_dag.py                           1           0  -8.32s          2026-10-07T01:36:37
================================================================================
[2026-10-07T01:37:13.321+0000] {manager.py:879} INFO - 
================================================================================
DAG File Processing Stats

File Path                            PID    Runtime      # DAGs    # Errors  Last Runtime    Last Run
-----------------------------------  -----  ---------  --------  ----------  --------------  -------------------
/opt/airflow/dags/sgfood_elt_dag.py                           1           0  0.33s           2026-10-07T01:37:07
================================================================================
[2026-10-07T01:37:30.448+0000] {manager.py:738} INFO - Searching for files in /opt/airflow/dags
[2026-10-07T01:37:30.520+0000] {manager.py:741} INFO - There are 1 files in /opt/airflow/dags
[2026-10-07T01:37:40.921+0000] {manager.py:879} INFO - 
================================================================================
DAG File Processing Stats

File Path                            PID    Runtime      # DAGs    # Errors  Last Runtime    Last Run
-----------------------------------  -----  ---------  --------  ----------  --------------  -------------------
/opt/airflow/dags/sgfood_elt_dag.py                           1           0  -8.23s          2026-10-07T01:37:37
================================================================================
[2026-10-07T01:38:08.068+0000] {manager.py:879} INFO - 
================================================================================
DAG File Processing Stats

File Path                            PID    Runtime      # DAGs    # Errors  Last Runtime    Last Run
-----------------------------------  -----  ---------  --------  ----------  --------------  -------------------
/opt/airflow/dags/sgfood_elt_dag.py                           1           0  0.34s           2026-10-07T01:38:08
================================================================================
[2026-10-07T01:38:44.884+0000] {manager.py:879} INFO - 
================================================================================
DAG File Processing Stats

File Path                            PID    Runtime      # DAGs    # Errors  Last Runtime    Last Run
-----------------------------------  -----  ---------  --------  ----------  --------------  -------------------
/opt/airflow/dags/sgfood_elt_dag.py                           1           0  0.34s           2026-10-07T01:38:38
================================================================================
[2026-10-07T01:39:11.697+0000] {manager.py:879} INFO - 
================================================================================
DAG File Processing Stats

File Path                            PID    Runtime      # DAGs    # Errors  Last Runtime    Last Run
-----------------------------------  -----  ---------  --------  ----------  --------------  -------------------
/opt/airflow/dags/sgfood_elt_dag.py                           1           0  0.33s           2026-10-07T01:39:11
================================================================================
[2026-10-07T01:39:30.716+0000] {manager.py:879} INFO - 
================================================================================
DAG File Processing Stats

File Path                            PID    Runtime      # DAGs    # Errors  Last Runtime    Last Run
-----------------------------------  -----  ---------  --------  ----------  --------------  -------------------
/opt/airflow/dags/sgfood_elt_dag.py                           1           0  0.33s           2026-10-07T01:39:11
================================================================================
[2026-10-07T01:39:57.885+0000] {manager.py:879} INFO - 
================================================================================
DAG File Processing Stats

File Path                            PID    Runtime      # DAGs    # Errors  Last Runtime    Last Run
-----------------------------------  -----  ---------  --------  ----------  --------------  -------------------
/opt/airflow/dags/sgfood_elt_dag.py                           1           0  -8.32s          2026-10-07T01:39:40
================================================================================
[2026-10-07T01:40:35.621+0000] {manager.py:879} INFO - 
================================================================================
DAG File Processing Stats

File Path                            PID    Runtime      # DAGs    # Errors  Last Runtime    Last Run
-----------------------------------  -----  ---------  --------  ----------  --------------  -------------------
/opt/airflow/dags/sgfood_elt_dag.py                           1           0  0.33s           2026-10-07T01:40:11
================================================================================
[2026-10-07T01:40:52.536+0000] {manager.py:879} INFO - 
================================================================================
DAG File Processing Stats

File Path                            PID    Runtime      # DAGs    # Errors  Last Runtime    Last Run
-----------------------------------  -----  ---------  --------  ----------  --------------  -------------------
/opt/airflow/dags/sgfood_elt_dag.py                           1           0  -8.34s          2026-10-07T01:40:37
================================================================================
[2026-10-07T01:41:20.202+0000] {manager.py:879} INFO - 
================================================================================
DAG File Processing Stats

File Path                            PID    Runtime      # DAGs    # Errors  Last Runtime    Last Run
-----------------------------------  -----  ---------  --------  ----------  --------------  -------------------
/opt/airflow/dags/sgfood_elt_dag.py                           1           0  0.33s           2026-10-07T01:41:11
================================================================================
[2026-10-07T01:41:55.968+0000] {manager.py:879} INFO - 
================================================================================
DAG File Processing Stats

File Path                            PID    Runtime      # DAGs    # Errors  Last Runtime    Last Run
-----------------------------------  -----  ---------  --------  ----------  --------------  -------------------
/opt/airflow/dags/sgfood_elt_dag.py                           1           0  0.45s           2026-10-07T01:41:38
================================================================================
[2026-10-07T01:42:15.035+0000] {manager.py:879} INFO - 
================================================================================
DAG File Processing Stats

File Path                            PID    Runtime      # DAGs    # Errors  Last Runtime    Last Run
-----------------------------------  -----  ---------  --------  ----------  --------------  -------------------
/opt/airflow/dags/sgfood_elt_dag.py                           1           0  0.33s           2026-10-07T01:42:09
================================================================================
[2026-10-07T01:42:31.227+0000] {manager.py:738} INFO - Searching for files in /opt/airflow/dags
[2026-10-07T01:42:22.625+0000] {manager.py:741} INFO - There are 1 files in /opt/airflow/dags
[2026-10-07T01:42:42.718+0000] {manager.py:879} INFO - 
================================================================================
DAG File Processing Stats

File Path                            PID    Runtime      # DAGs    # Errors  Last Runtime    Last Run
-----------------------------------  -----  ---------  --------  ----------  --------------  -------------------
/opt/airflow/dags/sgfood_elt_dag.py                           1           0  0.32s           2026-10-07T01:42:39
================================================================================
[2026-10-07T01:43:10.189+0000] {manager.py:879} INFO - 
================================================================================
DAG File Processing Stats

File Path                            PID    Runtime      # DAGs    # Errors  Last Runtime    Last Run
-----------------------------------  -----  ---------  --------  ----------  --------------  -------------------
/opt/airflow/dags/sgfood_elt_dag.py                           1           0  0.32s           2026-10-07T01:43:10
================================================================================
[2026-10-07T01:43:37.740+0000] {manager.py:879} INFO - 
================================================================================
DAG File Processing Stats

File Path                            PID    Runtime      # DAGs    # Errors  Last Runtime    Last Run
-----------------------------------  -----  ---------  --------  ----------  --------------  -------------------
/opt/airflow/dags/sgfood_elt_dag.py                           1           0  0.32s           2026-10-07T01:43:10
================================================================================
[2026-10-07T01:44:04.948+0000] {manager.py:879} INFO - 
================================================================================
DAG File Processing Stats

File Path                            PID    Runtime      # DAGs    # Errors  Last Runtime    Last Run
-----------------------------------  -----  ---------  --------  ----------  --------------  -------------------
/opt/airflow/dags/sgfood_elt_dag.py                           1           0  0.33s           2026-10-07T01:43:41
================================================================================
[2026-10-07T01:44:32.628+0000] {manager.py:879} INFO - 
================================================================================
DAG File Processing Stats

File Path                            PID    Runtime      # DAGs    # Errors  Last Runtime    Last Run
-----------------------------------  -----  ---------  --------  ----------  --------------  -------------------
/opt/airflow/dags/sgfood_elt_dag.py                           1           0  -8.11s          2026-10-07T01:44:08
================================================================================
[2026-10-07T01:44:59.802+0000] {manager.py:879} INFO - 
================================================================================
DAG File Processing Stats

File Path                            PID    Runtime      # DAGs    # Errors  Last Runtime    Last Run
-----------------------------------  -----  ---------  --------  ----------  --------------  -------------------
/opt/airflow/dags/sgfood_elt_dag.py                           1           0  0.54s           2026-10-07T01:44:39
================================================================================
[2026-10-07T01:45:27.082+0000] {manager.py:879} INFO - 
================================================================================
DAG File Processing Stats

File Path                            PID    Runtime      # DAGs    # Errors  Last Runtime    Last Run
-----------------------------------  -----  ---------  --------  ----------  --------------  -------------------
/opt/airflow/dags/sgfood_elt_dag.py                           1           0  0.31s           2026-10-07T01:45:33
================================================================================
[2026-10-07T01:46:04.703+0000] {manager.py:879} INFO - 
================================================================================
DAG File Processing Stats

File Path                            PID    Runtime      # DAGs    # Errors  Last Runtime    Last Run
-----------------------------------  -----  ---------  --------  ----------  --------------  -------------------
/opt/airflow/dags/sgfood_elt_dag.py                           1           0  0.33s           2026-10-07T01:46:04
================================================================================
[2026-10-07T01:46:22.742+0000] {manager.py:879} INFO - 
================================================================================
DAG File Processing Stats

File Path                            PID    Runtime      # DAGs    # Errors  Last Runtime    Last Run
-----------------------------------  -----  ---------  --------  ----------  --------------  -------------------
/opt/airflow/dags/sgfood_elt_dag.py                           1           0  0.33s           2026-10-07T01:46:04
================================================================================
[2026-10-07T01:46:49.901+0000] {manager.py:879} INFO - 
================================================================================
DAG File Processing Stats

File Path                            PID    Runtime      # DAGs    # Errors  Last Runtime    Last Run
-----------------------------------  -----  ---------  --------  ----------  --------------  -------------------
/opt/airflow/dags/sgfood_elt_dag.py                           1           0  0.33s           2026-10-07T01:46:35
================================================================================
[2026-10-07T01:47:17.378+0000] {manager.py:879} INFO - 
================================================================================
DAG File Processing Stats

File Path                            PID    Runtime      # DAGs    # Errors  Last Runtime    Last Run
-----------------------------------  -----  ---------  --------  ----------  --------------  -------------------
/opt/airflow/dags/sgfood_elt_dag.py                           1           0  -0.08s          2026-10-07T01:47:05
================================================================================
[2026-10-07T01:47:31.605+0000] {manager.py:738} INFO - Searching for files in /opt/airflow/dags
[2026-10-07T01:47:31.662+0000] {manager.py:741} INFO - There are 1 files in /opt/airflow/dags
[2026-10-07T01:47:44.752+0000] {manager.py:879} INFO - 
================================================================================
DAG File Processing Stats

File Path                            PID    Runtime      # DAGs    # Errors  Last Runtime    Last Run
-----------------------------------  -----  ---------  --------  ----------  --------------  -------------------
/opt/airflow/dags/sgfood_elt_dag.py                           1           0  -8.35s          2026-10-07T01:47:33
================================================================================
[2026-10-07T01:48:12.179+0000] {manager.py:879} INFO - 
================================================================================
DAG File Processing Stats

File Path                            PID    Runtime      # DAGs    # Errors  Last Runtime    Last Run
-----------------------------------  -----  ---------  --------  ----------  --------------  -------------------
/opt/airflow/dags/sgfood_elt_dag.py                           1           0  0.54s           2026-10-07T01:48:07
================================================================================
[2026-10-07T01:48:39.700+0000] {manager.py:879} INFO - 
================================================================================
DAG File Processing Stats

File Path                            PID    Runtime      # DAGs    # Errors  Last Runtime    Last Run
-----------------------------------  -----  ---------  --------  ----------  --------------  -------------------
/opt/airflow/dags/sgfood_elt_dag.py                           1           0  0.32s           2026-10-07T01:48:38
================================================================================
[2026-10-07T01:49:07.324+0000] {manager.py:879} INFO - 
================================================================================
DAG File Processing Stats

File Path                            PID    Runtime      # DAGs    # Errors  Last Runtime    Last Run
-----------------------------------  -----  ---------  --------  ----------  --------------  -------------------
/opt/airflow/dags/sgfood_elt_dag.py                           1           0  0.33s           2026-10-07T01:49:09
================================================================================
[2026-10-07T01:49:34.490+0000] {manager.py:879} INFO - 
================================================================================
DAG File Processing Stats

File Path                            PID    Runtime      # DAGs    # Errors  Last Runtime    Last Run
-----------------------------------  -----  ---------  --------  ----------  --------------  -------------------
/opt/airflow/dags/sgfood_elt_dag.py                           1           0  -8.36s          2026-10-07T01:49:33
================================================================================
[2026-10-07T01:50:02.115+0000] {manager.py:879} INFO - 
================================================================================
DAG File Processing Stats

File Path                            PID    Runtime      # DAGs    # Errors  Last Runtime    Last Run
-----------------------------------  -----  ---------  --------  ----------  --------------  -------------------
/opt/airflow/dags/sgfood_elt_dag.py                           1           0  -8.36s          2026-10-07T01:49:33
================================================================================
[2026-10-07T01:50:29.276+0000] {manager.py:879} INFO - 
================================================================================
DAG File Processing Stats

File Path                            PID    Runtime      # DAGs    # Errors  Last Runtime    Last Run
-----------------------------------  -----  ---------  --------  ----------  --------------  -------------------
/opt/airflow/dags/sgfood_elt_dag.py                           1           0  0.33s           2026-10-07T01:50:12
================================================================================
[2026-10-07T01:50:56.914+0000] {manager.py:879} INFO - 
================================================================================
DAG File Processing Stats

File Path                            PID    Runtime      # DAGs    # Errors  Last Runtime    Last Run
-----------------------------------  -----  ---------  --------  ----------  --------------  -------------------
/opt/airflow/dags/sgfood_elt_dag.py                           1           0  0.34s           2026-10-07T01:50:47
================================================================================
[2026-10-07T01:51:24.035+0000] {manager.py:879} INFO - 
================================================================================
DAG File Processing Stats

File Path                            PID    Runtime      # DAGs    # Errors  Last Runtime    Last Run
-----------------------------------  -----  ---------  --------  ----------  --------------  -------------------
/opt/airflow/dags/sgfood_elt_dag.py                           1           0  0.32s           2026-10-07T01:51:18
================================================================================
[2026-10-07T01:52:00.333+0000] {manager.py:879} INFO - 
================================================================================
DAG File Processing Stats

File Path                            PID    Runtime      # DAGs    # Errors  Last Runtime    Last Run
-----------------------------------  -----  ---------  --------  ----------  --------------  -------------------
/opt/airflow/dags/sgfood_elt_dag.py                           1           0  0.31s           2026-10-07T01:51:57
================================================================================
[2026-10-07T01:52:18.752+0000] {manager.py:879} INFO - 
================================================================================
DAG File Processing Stats

File Path                            PID    Runtime      # DAGs    # Errors  Last Runtime    Last Run
-----------------------------------  -----  ---------  --------  ----------  --------------  -------------------
/opt/airflow/dags/sgfood_elt_dag.py                           1           0  0.31s           2026-10-07T01:51:57
================================================================================
[2026-10-07T01:52:32.679+0000] {manager.py:738} INFO - Searching for files in /opt/airflow/dags
[2026-10-07T01:52:32.729+0000] {manager.py:741} INFO - There are 1 files in /opt/airflow/dags
[2026-10-07T01:52:46.322+0000] {manager.py:879} INFO - 
================================================================================
DAG File Processing Stats

File Path                            PID    Runtime      # DAGs    # Errors  Last Runtime    Last Run
-----------------------------------  -----  ---------  --------  ----------  --------------  -------------------
/opt/airflow/dags/sgfood_elt_dag.py                           1           0  0.34s           2026-10-07T01:52:28
================================================================================
[2026-10-07T01:53:13.976+0000] {manager.py:879} INFO - 
================================================================================
DAG File Processing Stats

File Path                            PID    Runtime      # DAGs    # Errors  Last Runtime    Last Run
-----------------------------------  -----  ---------  --------  ----------  --------------  -------------------
/opt/airflow/dags/sgfood_elt_dag.py                           1           0  0.32s           2026-10-07T01:52:58
================================================================================
[2026-10-07T01:53:50.787+0000] {manager.py:879} INFO - 
================================================================================
DAG File Processing Stats

File Path                            PID    Runtime      # DAGs    # Errors  Last Runtime    Last Run
-----------------------------------  -----  ---------  --------  ----------  --------------  -------------------
/opt/airflow/dags/sgfood_elt_dag.py                           1           0  -8.37s          2026-10-07T01:53:24
================================================================================
[2026-10-07T01:54:18.179+0000] {manager.py:879} INFO - 
================================================================================
DAG File Processing Stats

File Path                            PID    Runtime      # DAGs    # Errors  Last Runtime    Last Run
-----------------------------------  -----  ---------  --------  ----------  --------------  -------------------
/opt/airflow/dags/sgfood_elt_dag.py                           1           0  1.38s           2026-10-07T01:54:18
================================================================================
[2026-10-07T01:54:36.020+0000] {manager.py:879} INFO - 
================================================================================
DAG File Processing Stats

File Path                            PID    Runtime      # DAGs    # Errors  Last Runtime    Last Run
-----------------------------------  -----  ---------  --------  ----------  --------------  -------------------
/opt/airflow/dags/sgfood_elt_dag.py                           1           0  1.38s           2026-10-07T01:54:18
================================================================================
[2026-10-07T01:55:03.797+0000] {manager.py:879} INFO - 
================================================================================
DAG File Processing Stats

File Path                            PID    Runtime      # DAGs    # Errors  Last Runtime    Last Run
-----------------------------------  -----  ---------  --------  ----------  --------------  -------------------
/opt/airflow/dags/sgfood_elt_dag.py                           1           0  -8.28s          2026-10-07T01:54:49
================================================================================
[2026-10-07T01:55:39.625+0000] {manager.py:879} INFO - 
================================================================================
DAG File Processing Stats

File Path                            PID    Runtime      # DAGs    # Errors  Last Runtime    Last Run
-----------------------------------  -----  ---------  --------  ----------  --------------  -------------------
/opt/airflow/dags/sgfood_elt_dag.py                           1           0  0.33s           2026-10-07T01:55:19
================================================================================
[2026-10-07T01:55:58.530+0000] {manager.py:879} INFO - 
================================================================================
DAG File Processing Stats

File Path                            PID    Runtime      # DAGs    # Errors  Last Runtime    Last Run
-----------------------------------  -----  ---------  --------  ----------  --------------  -------------------
/opt/airflow/dags/sgfood_elt_dag.py                           1           0  0.22s           2026-10-07T01:55:49
================================================================================
[2026-10-07T01:56:25.687+0000] {manager.py:879} INFO - 
================================================================================
DAG File Processing Stats

File Path                            PID    Runtime      # DAGs    # Errors  Last Runtime    Last Run
-----------------------------------  -----  ---------  --------  ----------  --------------  -------------------
/opt/airflow/dags/sgfood_elt_dag.py                           1           0  -8.39s          2026-10-07T01:56:19
================================================================================
[2026-10-07T01:56:53.358+0000] {manager.py:879} INFO - 
================================================================================
DAG File Processing Stats

File Path                            PID    Runtime      # DAGs    # Errors  Last Runtime    Last Run
-----------------------------------  -----  ---------  --------  ----------  --------------  -------------------
/opt/airflow/dags/sgfood_elt_dag.py                           1           0  0.32s           2026-10-07T01:56:50
================================================================================
[2026-10-07T01:57:20.465+0000] {manager.py:879} INFO - 
================================================================================
DAG File Processing Stats

File Path                            PID    Runtime      # DAGs    # Errors  Last Runtime    Last Run
-----------------------------------  -----  ---------  --------  ----------  --------------  -------------------
/opt/airflow/dags/sgfood_elt_dag.py                           1           0  -8.38s          2026-10-07T01:57:14
================================================================================
[2026-10-07T01:57:33.475+0000] {manager.py:738} INFO - Searching for files in /opt/airflow/dags
[2026-10-07T01:57:24.838+0000] {manager.py:741} INFO - There are 1 files in /opt/airflow/dags
[2026-10-07T01:57:48.097+0000] {manager.py:879} INFO - 
================================================================================
DAG File Processing Stats

File Path                            PID    Runtime      # DAGs    # Errors  Last Runtime    Last Run
-----------------------------------  -----  ---------  --------  ----------  --------------  -------------------
/opt/airflow/dags/sgfood_elt_dag.py                           1           0  0.32s           2026-10-07T01:57:44
================================================================================
[2026-10-07T01:58:15.221+0000] {manager.py:879} INFO - 
================================================================================
DAG File Processing Stats

File Path                            PID    Runtime      # DAGs    # Errors  Last Runtime    Last Run
-----------------------------------  -----  ---------  --------  ----------  --------------  -------------------
/opt/airflow/dags/sgfood_elt_dag.py                           1           0  -9.67s          2026-10-07T01:58:06
================================================================================
[2026-10-07T01:58:42.793+0000] {manager.py:879} INFO - 
================================================================================
DAG File Processing Stats

File Path                            PID    Runtime      # DAGs    # Errors  Last Runtime    Last Run
-----------------------------------  -----  ---------  --------  ----------  --------------  -------------------
/opt/airflow/dags/sgfood_elt_dag.py                           1           0  0.33s           2026-10-07T01:58:37
================================================================================
[2026-10-07T01:59:19.686+0000] {manager.py:879} INFO - 
================================================================================
DAG File Processing Stats

File Path                            PID    Runtime      # DAGs    # Errors  Last Runtime    Last Run
-----------------------------------  -----  ---------  --------  ----------  --------------  -------------------
/opt/airflow/dags/sgfood_elt_dag.py                           1           0  0.33s           2026-10-07T01:59:09
================================================================================
[2026-10-07T01:59:37.645+0000] {manager.py:879} INFO - 
================================================================================
DAG File Processing Stats

File Path                            PID    Runtime      # DAGs    # Errors  Last Runtime    Last Run
-----------------------------------  -----  ---------  --------  ----------  --------------  -------------------
/opt/airflow/dags/sgfood_elt_dag.py                           1           0  0.31s           2026-10-07T01:59:40
================================================================================
[2026-10-07T02:00:04.684+0000] {manager.py:879} INFO - 
================================================================================
DAG File Processing Stats

File Path                            PID    Runtime      # DAGs    # Errors  Last Runtime    Last Run
-----------------------------------  -----  ---------  --------  ----------  --------------  -------------------
/opt/airflow/dags/sgfood_elt_dag.py                           1           0  -8.39s          2026-10-07T02:00:04
================================================================================
[2026-10-07T02:00:32.205+0000] {manager.py:879} INFO - 
================================================================================
DAG File Processing Stats

File Path                            PID    Runtime      # DAGs    # Errors  Last Runtime    Last Run
-----------------------------------  -----  ---------  --------  ----------  --------------  -------------------
/opt/airflow/dags/sgfood_elt_dag.py                           1           0  -8.39s          2026-10-07T02:00:04
================================================================================
[2026-10-07T02:01:08.168+0000] {manager.py:879} INFO - 
================================================================================
DAG File Processing Stats

File Path                            PID    Runtime      # DAGs    # Errors  Last Runtime    Last Run
-----------------------------------  -----  ---------  --------  ----------  --------------  -------------------
/opt/airflow/dags/sgfood_elt_dag.py                           1           0  0.33s           2026-10-07T02:00:43
================================================================================
[2026-10-07T02:01:27.235+0000] {manager.py:879} INFO - 
================================================================================
DAG File Processing Stats

File Path                            PID    Runtime      # DAGs    # Errors  Last Runtime    Last Run
-----------------------------------  -----  ---------  --------  ----------  --------------  -------------------
/opt/airflow/dags/sgfood_elt_dag.py                           1           0  8.54s           2026-10-07T02:01:23
================================================================================
[2026-10-07T02:02:03.148+0000] {manager.py:879} INFO - 
================================================================================
DAG File Processing Stats

File Path                            PID    Runtime      # DAGs    # Errors  Last Runtime    Last Run
-----------------------------------  -----  ---------  --------  ----------  --------------  -------------------
/opt/airflow/dags/sgfood_elt_dag.py                           1           0  0.31s           2026-10-07T02:01:54
================================================================================
[2026-10-07T02:02:31.784+0000] {manager.py:879} INFO - 
================================================================================
DAG File Processing Stats

File Path                            PID    Runtime      # DAGs    # Errors  Last Runtime    Last Run
-----------------------------------  -----  ---------  --------  ----------  --------------  -------------------
/opt/airflow/dags/sgfood_elt_dag.py                           1           0  0.33s           2026-10-07T02:02:25
================================================================================
[2026-10-07T02:02:33.678+0000] {manager.py:738} INFO - Searching for files in /opt/airflow/dags
[2026-10-07T02:02:25.024+0000] {manager.py:741} INFO - There are 1 files in /opt/airflow/dags
[2026-10-07T02:02:58.438+0000] {manager.py:879} INFO - 
================================================================================
DAG File Processing Stats

File Path                            PID    Runtime      # DAGs    # Errors  Last Runtime    Last Run
-----------------------------------  -----  ---------  --------  ----------  --------------  -------------------
/opt/airflow/dags/sgfood_elt_dag.py                           1           0  0.35s           2026-10-07T02:02:55
================================================================================
[2026-10-07T02:03:26.580+0000] {manager.py:879} INFO - 
================================================================================
DAG File Processing Stats

File Path                            PID    Runtime      # DAGs    # Errors  Last Runtime    Last Run
-----------------------------------  -----  ---------  --------  ----------  --------------  -------------------
/opt/airflow/dags/sgfood_elt_dag.py                           1           0  0.41s           2026-10-07T02:03:26
================================================================================
[2026-10-07T02:03:44.479+0000] {manager.py:879} INFO - 
================================================================================
DAG File Processing Stats

File Path                            PID    Runtime      # DAGs    # Errors  Last Runtime    Last Run
-----------------------------------  -----  ---------  --------  ----------  --------------  -------------------
/opt/airflow/dags/sgfood_elt_dag.py                           1           0  0.41s           2026-10-07T02:03:26
================================================================================
[2026-10-07T02:04:11.591+0000] {manager.py:879} INFO - 
================================================================================
DAG File Processing Stats

File Path                            PID    Runtime      # DAGs    # Errors  Last Runtime    Last Run
-----------------------------------  -----  ---------  --------  ----------  --------------  -------------------
/opt/airflow/dags/sgfood_elt_dag.py                           1           0  -8.41s          2026-10-07T02:03:54
================================================================================
[2026-10-07T02:04:48.121+0000] {manager.py:879} INFO - 
================================================================================
DAG File Processing Stats

File Path                            PID    Runtime      # DAGs    # Errors  Last Runtime    Last Run
-----------------------------------  -----  ---------  --------  ----------  --------------  -------------------
/opt/airflow/dags/sgfood_elt_dag.py                           1           0  0.42s           2026-10-07T02:04:25
================================================================================
[2026-10-07T02:05:06.810+0000] {manager.py:879} INFO - 
================================================================================
DAG File Processing Stats

File Path                            PID    Runtime      # DAGs    # Errors  Last Runtime    Last Run
-----------------------------------  -----  ---------  --------  ----------  --------------  -------------------
/opt/airflow/dags/sgfood_elt_dag.py                           1           0  0.33s           2026-10-07T02:04:56
================================================================================
[2026-10-07T02:05:34.417+0000] {manager.py:879} INFO - 
================================================================================
DAG File Processing Stats

File Path                            PID    Runtime      # DAGs    # Errors  Last Runtime    Last Run
-----------------------------------  -----  ---------  --------  ----------  --------------  -------------------
/opt/airflow/dags/sgfood_elt_dag.py                           1           0  -8.42s          2026-10-07T02:05:20
================================================================================
[2026-10-07T02:06:01.573+0000] {manager.py:879} INFO - 
================================================================================
DAG File Processing Stats

File Path                            PID    Runtime      # DAGs    # Errors  Last Runtime    Last Run
-----------------------------------  -----  ---------  --------  ----------  --------------  -------------------
/opt/airflow/dags/sgfood_elt_dag.py                           1           0  0.34s           2026-10-07T02:05:51
================================================================================
[2026-10-07T02:06:29.325+0000] {manager.py:879} INFO - 
================================================================================
DAG File Processing Stats

File Path                            PID    Runtime      # DAGs    # Errors  Last Runtime    Last Run
-----------------------------------  -----  ---------  --------  ----------  --------------  -------------------
/opt/airflow/dags/sgfood_elt_dag.py                           1           0  -8.42s          2026-10-07T02:06:15
================================================================================
[2026-10-07T02:06:56.444+0000] {manager.py:879} INFO - 
================================================================================
DAG File Processing Stats

File Path                            PID    Runtime      # DAGs    # Errors  Last Runtime    Last Run
-----------------------------------  -----  ---------  --------  ----------  --------------  -------------------
/opt/airflow/dags/sgfood_elt_dag.py                           1           0  0.33s           2026-10-07T02:06:46
================================================================================
[2026-10-07T02:07:24.596+0000] {manager.py:879} INFO - 
================================================================================
DAG File Processing Stats

File Path                            PID    Runtime      # DAGs    # Errors  Last Runtime    Last Run
-----------------------------------  -----  ---------  --------  ----------  --------------  -------------------
/opt/airflow/dags/sgfood_elt_dag.py                           1           0  -8.32s          2026-10-07T02:07:10
================================================================================
[2026-10-07T02:07:34.528+0000] {manager.py:738} INFO - Searching for files in /opt/airflow/dags
[2026-10-07T02:07:34.580+0000] {manager.py:741} INFO - There are 1 files in /opt/airflow/dags
[2026-10-07T02:07:51.816+0000] {manager.py:879} INFO - 
================================================================================
DAG File Processing Stats

File Path                            PID    Runtime      # DAGs    # Errors  Last Runtime    Last Run
-----------------------------------  -----  ---------  --------  ----------  --------------  -------------------
/opt/airflow/dags/sgfood_elt_dag.py                           1           0  -8.32s          2026-10-07T02:07:35
================================================================================
[2026-10-07T02:08:19.455+0000] {manager.py:879} INFO - 
================================================================================
DAG File Processing Stats

File Path                            PID    Runtime      # DAGs    # Errors  Last Runtime    Last Run
-----------------------------------  -----  ---------  --------  ----------  --------------  -------------------
/opt/airflow/dags/sgfood_elt_dag.py                           1           0  0.33s           2026-10-07T02:08:06
================================================================================
[2026-10-07T02:08:46.596+0000] {manager.py:879} INFO - 
================================================================================
DAG File Processing Stats

File Path                            PID    Runtime      # DAGs    # Errors  Last Runtime    Last Run
-----------------------------------  -----  ---------  --------  ----------  --------------  -------------------
/opt/airflow/dags/sgfood_elt_dag.py                           1           0  0.32s           2026-10-07T02:08:37
================================================================================
[2026-10-07T02:09:22.903+0000] {manager.py:879} INFO - 
================================================================================
DAG File Processing Stats

File Path                            PID    Runtime      # DAGs    # Errors  Last Runtime    Last Run
-----------------------------------  -----  ---------  --------  ----------  --------------  -------------------
/opt/airflow/dags/sgfood_elt_dag.py                           1           0  -8.41s          2026-10-07T02:09:00
================================================================================
[2026-10-07T02:09:41.547+0000] {manager.py:879} INFO - 
================================================================================
DAG File Processing Stats

File Path                            PID    Runtime      # DAGs    # Errors  Last Runtime    Last Run
-----------------------------------  -----  ---------  --------  ----------  --------------  -------------------
/opt/airflow/dags/sgfood_elt_dag.py                           1           0  0.33s           2026-10-07T02:09:31
================================================================================
[2026-10-07T02:10:09.396+0000] {manager.py:879} INFO - 
================================================================================
DAG File Processing Stats

File Path                            PID    Runtime      # DAGs    # Errors  Last Runtime    Last Run
-----------------------------------  -----  ---------  --------  ----------  --------------  -------------------
/opt/airflow/dags/sgfood_elt_dag.py                           1           0  -8.33s          2026-10-07T02:09:55
================================================================================
[2026-10-07T02:10:36.802+0000] {manager.py:879} INFO - 
================================================================================
DAG File Processing Stats

File Path                            PID    Runtime      # DAGs    # Errors  Last Runtime    Last Run
-----------------------------------  -----  ---------  --------  ----------  --------------  -------------------
/opt/airflow/dags/sgfood_elt_dag.py                           1           0  0.41s           2026-10-07T02:10:26
================================================================================
[2026-10-07T02:11:04.589+0000] {manager.py:879} INFO - 
================================================================================
DAG File Processing Stats

File Path                            PID    Runtime      # DAGs    # Errors  Last Runtime    Last Run
-----------------------------------  -----  ---------  --------  ----------  --------------  -------------------
/opt/airflow/dags/sgfood_elt_dag.py                           1           0  -8.42s          2026-10-07T02:10:50
================================================================================
[2026-10-07T02:11:32.078+0000] {manager.py:879} INFO - 
================================================================================
DAG File Processing Stats

File Path                            PID    Runtime      # DAGs    # Errors  Last Runtime    Last Run
-----------------------------------  -----  ---------  --------  ----------  --------------  -------------------
/opt/airflow/dags/sgfood_elt_dag.py                           1           0  -8.43s          2026-10-07T02:11:20
================================================================================
[2026-10-07T02:11:59.499+0000] {manager.py:879} INFO - 
================================================================================
DAG File Processing Stats

File Path                            PID    Runtime      # DAGs    # Errors  Last Runtime    Last Run
-----------------------------------  -----  ---------  --------  ----------  --------------  -------------------
/opt/airflow/dags/sgfood_elt_dag.py                           1           0  0.33s           2026-10-07T02:11:51
================================================================================
[2026-10-07T02:12:26.825+0000] {manager.py:879} INFO - 
================================================================================
DAG File Processing Stats

File Path                            PID    Runtime      # DAGs    # Errors  Last Runtime    Last Run
-----------------------------------  -----  ---------  --------  ----------  --------------  -------------------
/opt/airflow/dags/sgfood_elt_dag.py                           1           0  -8.43s          2026-10-07T02:12:20
================================================================================
[2026-10-07T02:12:35.149+0000] {manager.py:738} INFO - Searching for files in /opt/airflow/dags
[2026-10-07T02:12:35.215+0000] {manager.py:741} INFO - There are 1 files in /opt/airflow/dags
[2026-10-07T02:12:54.282+0000] {manager.py:879} INFO - 
================================================================================
DAG File Processing Stats

File Path                            PID    Runtime      # DAGs    # Errors  Last Runtime    Last Run
-----------------------------------  -----  ---------  --------  ----------  --------------  -------------------
/opt/airflow/dags/sgfood_elt_dag.py                           1           0  -8.44s          2026-10-07T02:12:50
================================================================================
[2026-10-07T02:13:21.577+0000] {manager.py:879} INFO - 
================================================================================
DAG File Processing Stats

File Path                            PID    Runtime      # DAGs    # Errors  Last Runtime    Last Run
-----------------------------------  -----  ---------  --------  ----------  --------------  -------------------
/opt/airflow/dags/sgfood_elt_dag.py                           1           0  0.33s           2026-10-07T02:13:21
================================================================================
[2026-10-07T02:13:57.849+0000] {manager.py:879} INFO - 
================================================================================
DAG File Processing Stats

File Path                            PID    Runtime      # DAGs    # Errors  Last Runtime    Last Run
-----------------------------------  -----  ---------  --------  ----------  --------------  -------------------
/opt/airflow/dags/sgfood_elt_dag.py                           1           0  0.33s           2026-10-07T02:13:56
================================================================================
[2026-10-07T02:14:16.392+0000] {manager.py:879} INFO - 
================================================================================
DAG File Processing Stats

File Path                            PID    Runtime      # DAGs    # Errors  Last Runtime    Last Run
-----------------------------------  -----  ---------  --------  ----------  --------------  -------------------
/opt/airflow/dags/sgfood_elt_dag.py                           1           0  0.33s           2026-10-07T02:13:56
================================================================================
[2026-10-07T02:14:52.793+0000] {manager.py:879} INFO - 
================================================================================
DAG File Processing Stats

File Path                            PID    Runtime      # DAGs    # Errors  Last Runtime    Last Run
-----------------------------------  -----  ---------  --------  ----------  --------------  -------------------
/opt/airflow/dags/sgfood_elt_dag.py                           1           0  -8.44s          2026-10-07T02:14:26
================================================================================
[2026-10-07T02:15:20.279+0000] {manager.py:879} INFO - 
================================================================================
DAG File Processing Stats

File Path                            PID    Runtime      # DAGs    # Errors  Last Runtime    Last Run
-----------------------------------  -----  ---------  --------  ----------  --------------  -------------------
/opt/airflow/dags/sgfood_elt_dag.py                           1           0  0.33s           2026-10-07T02:14:57
================================================================================
[2026-10-07T02:15:38.931+0000] {manager.py:879} INFO - 
================================================================================
DAG File Processing Stats

File Path                            PID    Runtime      # DAGs    # Errors  Last Runtime    Last Run
-----------------------------------  -----  ---------  --------  ----------  --------------  -------------------
/opt/airflow/dags/sgfood_elt_dag.py                           1           0  0.31s           2026-10-07T02:15:27
================================================================================
[2026-10-07T02:16:14.818+0000] {manager.py:879} INFO - 
================================================================================
DAG File Processing Stats

File Path                            PID    Runtime      # DAGs    # Errors  Last Runtime    Last Run
-----------------------------------  -----  ---------  --------  ----------  --------------  -------------------
/opt/airflow/dags/sgfood_elt_dag.py                           1           0  -8.45s          2026-10-07T02:15:51
================================================================================
[2026-10-07T02:16:33.684+0000] {manager.py:879} INFO - 
================================================================================
DAG File Processing Stats

File Path                            PID    Runtime      # DAGs    # Errors  Last Runtime    Last Run
-----------------------------------  -----  ---------  --------  ----------  --------------  -------------------
/opt/airflow/dags/sgfood_elt_dag.py                           1           0  8.58s           2026-10-07T02:16:29
================================================================================
[2026-10-07T02:17:01.121+0000] {manager.py:879} INFO - 
================================================================================
DAG File Processing Stats

File Path                            PID    Runtime      # DAGs    # Errors  Last Runtime    Last Run
-----------------------------------  -----  ---------  --------  ----------  --------------  -------------------
/opt/airflow/dags/sgfood_elt_dag.py                           1           0  -8.45s          2026-10-07T02:16:56
================================================================================
[2026-10-07T02:17:28.479+0000] {manager.py:879} INFO - 
================================================================================
DAG File Processing Stats

File Path                            PID    Runtime      # DAGs    # Errors  Last Runtime    Last Run
-----------------------------------  -----  ---------  --------  ----------  --------------  -------------------
/opt/airflow/dags/sgfood_elt_dag.py                           1           0  0.34s           2026-10-07T02:17:27
================================================================================
[2026-10-07T02:17:35.298+0000] {manager.py:738} INFO - Searching for files in /opt/airflow/dags
[2026-10-07T02:17:35.356+0000] {manager.py:741} INFO - There are 1 files in /opt/airflow/dags
[2026-10-07T02:17:56.024+0000] {manager.py:879} INFO - 
================================================================================
DAG File Processing Stats

File Path                            PID    Runtime      # DAGs    # Errors  Last Runtime    Last Run
-----------------------------------  -----  ---------  --------  ----------  --------------  -------------------
/opt/airflow/dags/sgfood_elt_dag.py                           1           0  -8.33s          2026-10-07T02:17:51
================================================================================
[2026-10-07T02:18:23.281+0000] {manager.py:879} INFO - 
================================================================================
DAG File Processing Stats

File Path                            PID    Runtime      # DAGs    # Errors  Last Runtime    Last Run
-----------------------------------  -----  ---------  --------  ----------  --------------  -------------------
/opt/airflow/dags/sgfood_elt_dag.py                           1           0  -8.34s          2026-10-07T02:18:20
================================================================================
[2026-10-07T02:18:50.923+0000] {manager.py:879} INFO - 
================================================================================
DAG File Processing Stats

File Path                            PID    Runtime      # DAGs    # Errors  Last Runtime    Last Run
-----------------------------------  -----  ---------  --------  ----------  --------------  -------------------
/opt/airflow/dags/sgfood_elt_dag.py                           1           0  0.33s           2026-10-07T02:18:50
================================================================================
[2026-10-07T02:19:18.135+0000] {manager.py:879} INFO - 
================================================================================
DAG File Processing Stats

File Path                            PID    Runtime      # DAGs    # Errors  Last Runtime    Last Run
-----------------------------------  -----  ---------  --------  ----------  --------------  -------------------
/opt/airflow/dags/sgfood_elt_dag.py                           1           0  0.33s           2026-10-07T02:18:50
================================================================================
[2026-10-07T02:19:45.803+0000] {manager.py:879} INFO - 
================================================================================
DAG File Processing Stats

File Path                            PID    Runtime      # DAGs    # Errors  Last Runtime    Last Run
-----------------------------------  -----  ---------  --------  ----------  --------------  -------------------
/opt/airflow/dags/sgfood_elt_dag.py                           1           0  8.58s           2026-10-07T02:19:30
================================================================================
[2026-10-07T02:20:12.951+0000] {manager.py:879} INFO - 
================================================================================
DAG File Processing Stats

File Path                            PID    Runtime      # DAGs    # Errors  Last Runtime    Last Run
-----------------------------------  -----  ---------  --------  ----------  --------------  -------------------
/opt/airflow/dags/sgfood_elt_dag.py                           1           0  0.34s           2026-10-07T02:20:00
================================================================================
[2026-10-07T02:20:41.022+0000] {manager.py:879} INFO - 
================================================================================
DAG File Processing Stats

File Path                            PID    Runtime      # DAGs    # Errors  Last Runtime    Last Run
-----------------------------------  -----  ---------  --------  ----------  --------------  -------------------
/opt/airflow/dags/sgfood_elt_dag.py                           1           0  -8.36s          2026-10-07T02:20:26
================================================================================
[2026-10-07T02:21:08.158+0000] {manager.py:879} INFO - 
================================================================================
DAG File Processing Stats

File Path                            PID    Runtime      # DAGs    # Errors  Last Runtime    Last Run
-----------------------------------  -----  ---------  --------  ----------  --------------  -------------------
/opt/airflow/dags/sgfood_elt_dag.py                           1           0  0.42s           2026-10-07T02:20:57
================================================================================
[2026-10-07T02:21:36.043+0000] {manager.py:879} INFO - 
================================================================================
DAG File Processing Stats

File Path                            PID    Runtime      # DAGs    # Errors  Last Runtime    Last Run
-----------------------------------  -----  ---------  --------  ----------  --------------  -------------------
/opt/airflow/dags/sgfood_elt_dag.py                           1           0  0.33s           2026-10-07T02:21:22
================================================================================
[2026-10-07T02:22:03.326+0000] {manager.py:879} INFO - 
================================================================================
DAG File Processing Stats

File Path                            PID    Runtime      # DAGs    # Errors  Last Runtime    Last Run
-----------------------------------  -----  ---------  --------  ----------  --------------  -------------------
/opt/airflow/dags/sgfood_elt_dag.py                           1           0  0.34s           2026-10-07T02:21:52
================================================================================
[2026-10-07T02:22:30.952+0000] {manager.py:879} INFO - 
================================================================================
DAG File Processing Stats

File Path                            PID    Runtime      # DAGs    # Errors  Last Runtime    Last Run
-----------------------------------  -----  ---------  --------  ----------  --------------  -------------------
/opt/airflow/dags/sgfood_elt_dag.py                           1           0  0.33s           2026-10-07T02:22:24
================================================================================
[2026-10-07T02:22:41.354+0000] {manager.py:738} INFO - Searching for files in /opt/airflow/dags
[2026-10-07T02:22:41.405+0000] {manager.py:741} INFO - There are 1 files in /opt/airflow/dags
[2026-10-07T02:23:07.164+0000] {manager.py:879} INFO - 
================================================================================
DAG File Processing Stats

File Path                            PID    Runtime      # DAGs    # Errors  Last Runtime    Last Run
-----------------------------------  -----  ---------  --------  ----------  --------------  -------------------
/opt/airflow/dags/sgfood_elt_dag.py                           1           0  0.32s           2026-10-07T02:22:54
================================================================================
[2026-10-07T02:23:26.019+0000] {manager.py:879} INFO - 
================================================================================
DAG File Processing Stats

File Path                            PID    Runtime      # DAGs    # Errors  Last Runtime    Last Run
-----------------------------------  -----  ---------  --------  ----------  --------------  -------------------
/opt/airflow/dags/sgfood_elt_dag.py                           1           0  -8.47s          2026-10-07T02:23:17
================================================================================
[2026-10-07T02:23:53.133+0000] {manager.py:879} INFO - 
================================================================================
DAG File Processing Stats

File Path                            PID    Runtime      # DAGs    # Errors  Last Runtime    Last Run
-----------------------------------  -----  ---------  --------  ----------  --------------  -------------------
/opt/airflow/dags/sgfood_elt_dag.py                           1           0  -8.45s          2026-10-07T02:23:47
================================================================================
[2026-10-07T02:24:20.688+0000] {manager.py:879} INFO - 
================================================================================
DAG File Processing Stats

File Path                            PID    Runtime      # DAGs    # Errors  Last Runtime    Last Run
-----------------------------------  -----  ---------  --------  ----------  --------------  -------------------
/opt/airflow/dags/sgfood_elt_dag.py                           1           0  -8.53s          2026-10-07T02:24:12
================================================================================
[2026-10-07T02:24:47.855+0000] {manager.py:879} INFO - 
================================================================================
DAG File Processing Stats

File Path                            PID    Runtime      # DAGs    # Errors  Last Runtime    Last Run
-----------------------------------  -----  ---------  --------  ----------  --------------  -------------------
/opt/airflow/dags/sgfood_elt_dag.py                           1           0  0.33s           2026-10-07T02:24:43
================================================================================
[2026-10-07T02:25:15.495+0000] {manager.py:879} INFO - 
================================================================================
DAG File Processing Stats

File Path                            PID    Runtime      # DAGs    # Errors  Last Runtime    Last Run
-----------------------------------  -----  ---------  --------  ----------  --------------  -------------------
/opt/airflow/dags/sgfood_elt_dag.py                           1           0  0.32s           2026-10-07T02:25:14
================================================================================
[2026-10-07T02:25:42.545+0000] {manager.py:879} INFO - 
================================================================================
DAG File Processing Stats

File Path                            PID    Runtime      # DAGs    # Errors  Last Runtime    Last Run
-----------------------------------  -----  ---------  --------  ----------  --------------  -------------------
/opt/airflow/dags/sgfood_elt_dag.py                           1           0  0.33s           2026-10-07T02:25:42
================================================================================
[2026-10-07T02:26:10.097+0000] {manager.py:879} INFO - 
================================================================================
DAG File Processing Stats

File Path                            PID    Runtime      # DAGs    # Errors  Last Runtime    Last Run
-----------------------------------  -----  ---------  --------  ----------  --------------  -------------------
/opt/airflow/dags/sgfood_elt_dag.py                           1           0  0.33s           2026-10-07T02:25:42
================================================================================
[2026-10-07T02:26:37.671+0000] {manager.py:879} INFO - 
================================================================================
DAG File Processing Stats

File Path                            PID    Runtime      # DAGs    # Errors  Last Runtime    Last Run
-----------------------------------  -----  ---------  --------  ----------  --------------  -------------------
/opt/airflow/dags/sgfood_elt_dag.py                           1           0  0.33s           2026-10-07T02:26:37
================================================================================
[2026-10-07T02:27:05.275+0000] {manager.py:879} INFO - 
================================================================================
DAG File Processing Stats

File Path                            PID    Runtime      # DAGs    # Errors  Last Runtime    Last Run
-----------------------------------  -----  ---------  --------  ----------  --------------  -------------------
/opt/airflow/dags/sgfood_elt_dag.py                           1           0  0.33s           2026-10-07T02:26:37
================================================================================
[2026-10-07T02:27:41.551+0000] {manager.py:879} INFO - 
================================================================================
DAG File Processing Stats

File Path                            PID    Runtime      # DAGs    # Errors  Last Runtime    Last Run
-----------------------------------  -----  ---------  --------  ----------  --------------  -------------------
/opt/airflow/dags/sgfood_elt_dag.py                           1           0  0.36s           2026-10-07T02:27:41
================================================================================
[2026-10-07T02:27:42.587+0000] {manager.py:738} INFO - Searching for files in /opt/airflow/dags
[2026-10-07T02:27:42.641+0000] {manager.py:741} INFO - There are 1 files in /opt/airflow/dags
[2026-10-07T02:28:00.301+0000] {manager.py:879} INFO - 
================================================================================
DAG File Processing Stats

File Path                            PID    Runtime      # DAGs    # Errors  Last Runtime    Last Run
-----------------------------------  -----  ---------  --------  ----------  --------------  -------------------
/opt/airflow/dags/sgfood_elt_dag.py                           1           0  0.36s           2026-10-07T02:27:41
================================================================================
[2026-10-07T02:28:36.284+0000] {manager.py:879} INFO - 
================================================================================
DAG File Processing Stats

File Path                            PID    Runtime      # DAGs    # Errors  Last Runtime    Last Run
-----------------------------------  -----  ---------  --------  ----------  --------------  -------------------
/opt/airflow/dags/sgfood_elt_dag.py                           1           0  0.34s           2026-10-07T02:28:16
================================================================================
[2026-10-07T02:28:55.158+0000] {manager.py:879} INFO - 
================================================================================
DAG File Processing Stats

File Path                            PID    Runtime      # DAGs    # Errors  Last Runtime    Last Run
-----------------------------------  -----  ---------  --------  ----------  --------------  -------------------
/opt/airflow/dags/sgfood_elt_dag.py                           1           0  0.33s           2026-10-07T02:28:47
================================================================================
[2026-10-07T02:29:22.806+0000] {manager.py:879} INFO - 
================================================================================
DAG File Processing Stats

File Path                            PID    Runtime      # DAGs    # Errors  Last Runtime    Last Run
-----------------------------------  -----  ---------  --------  ----------  --------------  -------------------
/opt/airflow/dags/sgfood_elt_dag.py                           1           0  -8.45s          2026-10-07T02:29:12
================================================================================
[2026-10-07T02:29:49.935+0000] {manager.py:879} INFO - 
================================================================================
DAG File Processing Stats

File Path                            PID    Runtime      # DAGs    # Errors  Last Runtime    Last Run
-----------------------------------  -----  ---------  --------  ----------  --------------  -------------------
/opt/airflow/dags/sgfood_elt_dag.py                           1           0  -8.38s          2026-10-07T02:29:42
================================================================================
[2026-10-07T02:30:17.571+0000] {manager.py:879} INFO - 
================================================================================
DAG File Processing Stats

File Path                            PID    Runtime      # DAGs    # Errors  Last Runtime    Last Run
-----------------------------------  -----  ---------  --------  ----------  --------------  -------------------
/opt/airflow/dags/sgfood_elt_dag.py                           1           0  0.33s           2026-10-07T02:30:13
================================================================================
[2026-10-07T02:30:44.777+0000] {manager.py:879} INFO - 
================================================================================
DAG File Processing Stats

File Path                            PID    Runtime      # DAGs    # Errors  Last Runtime    Last Run
-----------------------------------  -----  ---------  --------  ----------  --------------  -------------------
/opt/airflow/dags/sgfood_elt_dag.py                           1           0  -8.47s          2026-10-07T02:30:43
================================================================================
[2026-10-07T02:31:12.447+0000] {manager.py:879} INFO - 
================================================================================
DAG File Processing Stats

File Path                            PID    Runtime      # DAGs    # Errors  Last Runtime    Last Run
-----------------------------------  -----  ---------  --------  ----------  --------------  -------------------
/opt/airflow/dags/sgfood_elt_dag.py                           1           0  -8.47s          2026-10-07T02:31:07
================================================================================
[2026-10-07T02:31:48.861+0000] {manager.py:879} INFO - 
================================================================================
DAG File Processing Stats

File Path                            PID    Runtime      # DAGs    # Errors  Last Runtime    Last Run
-----------------------------------  -----  ---------  --------  ----------  --------------  -------------------
/opt/airflow/dags/sgfood_elt_dag.py                           1           0  0.34s           2026-10-07T02:31:38
================================================================================
[2026-10-07T02:32:16.385+0000] {manager.py:879} INFO - 
================================================================================
DAG File Processing Stats

File Path                            PID    Runtime      # DAGs    # Errors  Last Runtime    Last Run
-----------------------------------  -----  ---------  --------  ----------  --------------  -------------------
/opt/airflow/dags/sgfood_elt_dag.py                           1           0  0.33s           2026-10-07T02:32:09
================================================================================
[2026-10-07T02:32:35.963+0000] {manager.py:879} INFO - 
================================================================================
DAG File Processing Stats

File Path                            PID    Runtime      # DAGs    # Errors  Last Runtime    Last Run
-----------------------------------  -----  ---------  --------  ----------  --------------  -------------------
/opt/airflow/dags/sgfood_elt_dag.py                           1           0  -8.48s          2026-10-07T02:32:33
================================================================================
[2026-10-07T02:32:43.140+0000] {manager.py:738} INFO - Searching for files in /opt/airflow/dags
[2026-10-07T02:32:51.518+0000] {manager.py:741} INFO - There are 1 files in /opt/airflow/dags
[2026-10-07T02:33:03.600+0000] {manager.py:879} INFO - 
================================================================================
DAG File Processing Stats

File Path                            PID    Runtime      # DAGs    # Errors  Last Runtime    Last Run
-----------------------------------  -----  ---------  --------  ----------  --------------  -------------------
/opt/airflow/dags/sgfood_elt_dag.py                           1           0  0.32s           2026-10-07T02:33:03
================================================================================
[2026-10-07T02:33:31.297+0000] {manager.py:879} INFO - 
================================================================================
DAG File Processing Stats

File Path                            PID    Runtime      # DAGs    # Errors  Last Runtime    Last Run
-----------------------------------  -----  ---------  --------  ----------  --------------  -------------------
/opt/airflow/dags/sgfood_elt_dag.py                           1           0  -8.49s          2026-10-07T02:33:28
================================================================================
[2026-10-07T02:33:58.540+0000] {manager.py:879} INFO - 
================================================================================
DAG File Processing Stats

File Path                            PID    Runtime      # DAGs    # Errors  Last Runtime    Last Run
-----------------------------------  -----  ---------  --------  ----------  --------------  -------------------
/opt/airflow/dags/sgfood_elt_dag.py                           1           0  -8.48s          2026-10-07T02:33:53
================================================================================
[2026-10-07T02:34:26.209+0000] {manager.py:879} INFO - 
================================================================================
DAG File Processing Stats

File Path                            PID    Runtime      # DAGs    # Errors  Last Runtime    Last Run
-----------------------------------  -----  ---------  --------  ----------  --------------  -------------------
/opt/airflow/dags/sgfood_elt_dag.py                           1           0  0.32s           2026-10-07T02:34:24
================================================================================
[2026-10-07T02:35:03.078+0000] {manager.py:879} INFO - 
================================================================================
DAG File Processing Stats

File Path                            PID    Runtime      # DAGs    # Errors  Last Runtime    Last Run
-----------------------------------  -----  ---------  --------  ----------  --------------  -------------------
/opt/airflow/dags/sgfood_elt_dag.py                           1           0  0.33s           2026-10-07T02:34:54
================================================================================
[2026-10-07T02:35:21.026+0000] {manager.py:879} INFO - 
================================================================================
DAG File Processing Stats

File Path                            PID    Runtime      # DAGs    # Errors  Last Runtime    Last Run
-----------------------------------  -----  ---------  --------  ----------  --------------  -------------------
/opt/airflow/dags/sgfood_elt_dag.py                           1           0  0.33s           2026-10-07T02:34:54
================================================================================
[2026-10-07T02:35:48.571+0000] {manager.py:879} INFO - 
================================================================================
DAG File Processing Stats

File Path                            PID    Runtime      # DAGs    # Errors  Last Runtime    Last Run
-----------------------------------  -----  ---------  --------  ----------  --------------  -------------------
/opt/airflow/dags/sgfood_elt_dag.py                           1           0  -8.48s          2026-10-07T02:35:48
================================================================================
[2026-10-07T02:36:24.987+0000] {manager.py:879} INFO - 
================================================================================
DAG File Processing Stats

File Path                            PID    Runtime      # DAGs    # Errors  Last Runtime    Last Run
-----------------------------------  -----  ---------  --------  ----------  --------------  -------------------
/opt/airflow/dags/sgfood_elt_dag.py                           1           0  0.33s           2026-10-07T02:36:23
================================================================================
[2026-10-07T02:36:52.119+0000] {manager.py:879} INFO - 
================================================================================
DAG File Processing Stats

File Path                            PID    Runtime      # DAGs    # Errors  Last Runtime    Last Run
-----------------------------------  -----  ---------  --------  ----------  --------------  -------------------
/opt/airflow/dags/sgfood_elt_dag.py                           1           0  0.33s           2026-10-07T02:36:23
================================================================================
[2026-10-07T02:37:10.945+0000] {manager.py:879} INFO - 
================================================================================
DAG File Processing Stats

File Path                            PID    Runtime      # DAGs    # Errors  Last Runtime    Last Run
-----------------------------------  -----  ---------  --------  ----------  --------------  -------------------
/opt/airflow/dags/sgfood_elt_dag.py                           1           0  8.64s           2026-10-07T02:37:02
================================================================================
[2026-10-07T02:37:38.572+0000] {manager.py:879} INFO - 
================================================================================
DAG File Processing Stats

File Path                            PID    Runtime      # DAGs    # Errors  Last Runtime    Last Run
-----------------------------------  -----  ---------  --------  ----------  --------------  -------------------
/opt/airflow/dags/sgfood_elt_dag.py                           1           0  0.31s           2026-10-07T02:37:32
================================================================================
[2026-10-07T02:37:43.689+0000] {manager.py:738} INFO - Searching for files in /opt/airflow/dags
[2026-10-07T02:37:43.739+0000] {manager.py:741} INFO - There are 1 files in /opt/airflow/dags
[2026-10-07T02:38:05.740+0000] {manager.py:879} INFO - 
================================================================================
DAG File Processing Stats

File Path                            PID    Runtime      # DAGs    # Errors  Last Runtime    Last Run
-----------------------------------  -----  ---------  --------  ----------  --------------  -------------------
/opt/airflow/dags/sgfood_elt_dag.py                           1           0  0.33s           2026-10-07T02:38:03
================================================================================
[2026-10-07T02:38:33.374+0000] {manager.py:879} INFO - 
================================================================================
DAG File Processing Stats

File Path                            PID    Runtime      # DAGs    # Errors  Last Runtime    Last Run
-----------------------------------  -----  ---------  --------  ----------  --------------  -------------------
/opt/airflow/dags/sgfood_elt_dag.py                           1           0  0.33s           2026-10-07T02:38:03
================================================================================
[2026-10-07T02:39:00.496+0000] {manager.py:879} INFO - 
================================================================================
DAG File Processing Stats

File Path                            PID    Runtime      # DAGs    # Errors  Last Runtime    Last Run
-----------------------------------  -----  ---------  --------  ----------  --------------  -------------------
/opt/airflow/dags/sgfood_elt_dag.py                           1           0  0.32s           2026-10-07T02:38:34
================================================================================
[2026-10-07T02:39:28.096+0000] {manager.py:879} INFO - 
================================================================================
DAG File Processing Stats

File Path                            PID    Runtime      # DAGs    # Errors  Last Runtime    Last Run
-----------------------------------  -----  ---------  --------  ----------  --------------  -------------------
/opt/airflow/dags/sgfood_elt_dag.py                           1           0  0.33s           2026-10-07T02:39:04
================================================================================
[2026-10-07T02:39:55.226+0000] {manager.py:879} INFO - 
================================================================================
DAG File Processing Stats

File Path                            PID    Runtime      # DAGs    # Errors  Last Runtime    Last Run
-----------------------------------  -----  ---------  --------  ----------  --------------  -------------------
/opt/airflow/dags/sgfood_elt_dag.py                           1           0  -8.51s          2026-10-07T02:39:33
================================================================================
[2026-10-07T02:40:22.875+0000] {manager.py:879} INFO - 
================================================================================
DAG File Processing Stats

File Path                            PID    Runtime      # DAGs    # Errors  Last Runtime    Last Run
-----------------------------------  -----  ---------  --------  ----------  --------------  -------------------
/opt/airflow/dags/sgfood_elt_dag.py                           1           0  -8.51s          2026-10-07T02:39:58
================================================================================
[2026-10-07T02:40:49.887+0000] {manager.py:879} INFO - 
================================================================================
DAG File Processing Stats

File Path                            PID    Runtime      # DAGs    # Errors  Last Runtime    Last Run
-----------------------------------  -----  ---------  --------  ----------  --------------  -------------------
/opt/airflow/dags/sgfood_elt_dag.py                           1           0  -8.51s          2026-10-07T02:40:29
================================================================================
[2026-10-07T02:41:17.581+0000] {manager.py:879} INFO - 
================================================================================
DAG File Processing Stats

File Path                            PID    Runtime      # DAGs    # Errors  Last Runtime    Last Run
-----------------------------------  -----  ---------  --------  ----------  --------------  -------------------
/opt/airflow/dags/sgfood_elt_dag.py                           1           0  -8.50s          2026-10-07T02:40:54
================================================================================
[2026-10-07T02:41:44.734+0000] {manager.py:879} INFO - 
================================================================================
DAG File Processing Stats

File Path                            PID    Runtime      # DAGs    # Errors  Last Runtime    Last Run
-----------------------------------  -----  ---------  --------  ----------  --------------  -------------------
/opt/airflow/dags/sgfood_elt_dag.py                           1           0  0.31s           2026-10-07T02:41:24
================================================================================
[2026-10-07T02:42:12.349+0000] {manager.py:879} INFO - 
================================================================================
DAG File Processing Stats

File Path                            PID    Runtime      # DAGs    # Errors  Last Runtime    Last Run
-----------------------------------  -----  ---------  --------  ----------  --------------  -------------------
/opt/airflow/dags/sgfood_elt_dag.py                           1           0  -8.52s          2026-10-07T02:41:54
================================================================================
[2026-10-07T02:42:47.742+0000] {manager.py:738} INFO - Searching for files in /opt/airflow/dags
[2026-10-07T02:42:47.797+0000] {manager.py:741} INFO - There are 1 files in /opt/airflow/dags
[2026-10-07T02:42:39.482+0000] {manager.py:879} INFO - 
================================================================================
DAG File Processing Stats

File Path                            PID    Runtime      # DAGs    # Errors  Last Runtime    Last Run
-----------------------------------  -----  ---------  --------  ----------  --------------  -------------------
/opt/airflow/dags/sgfood_elt_dag.py                           1           0  0.32s           2026-10-07T02:42:28
================================================================================
[2026-10-07T02:43:07.130+0000] {manager.py:879} INFO - 
================================================================================
DAG File Processing Stats

File Path                            PID    Runtime      # DAGs    # Errors  Last Runtime    Last Run
-----------------------------------  -----  ---------  --------  ----------  --------------  -------------------
/opt/airflow/dags/sgfood_elt_dag.py                           1           0  0.45s           2026-10-07T02:42:59
================================================================================
[2026-10-07T02:43:34.230+0000] {manager.py:879} INFO - 
================================================================================
DAG File Processing Stats

File Path                            PID    Runtime      # DAGs    # Errors  Last Runtime    Last Run
-----------------------------------  -----  ---------  --------  ----------  --------------  -------------------
/opt/airflow/dags/sgfood_elt_dag.py                           1           0  -8.41s          2026-10-07T02:43:29
================================================================================
[2026-10-07T02:44:01.881+0000] {manager.py:879} INFO - 
================================================================================
DAG File Processing Stats

File Path                            PID    Runtime      # DAGs    # Errors  Last Runtime    Last Run
-----------------------------------  -----  ---------  --------  ----------  --------------  -------------------
/opt/airflow/dags/sgfood_elt_dag.py                           1           0  0.34s           2026-10-07T02:43:54
================================================================================
[2026-10-07T02:44:39.045+0000] {manager.py:879} INFO - 
================================================================================
DAG File Processing Stats

File Path                            PID    Runtime      # DAGs    # Errors  Last Runtime    Last Run
-----------------------------------  -----  ---------  --------  ----------  --------------  -------------------
/opt/airflow/dags/sgfood_elt_dag.py                           1           0  0.31s           2026-10-07T02:44:26
================================================================================
[2026-10-07T02:44:56.575+0000] {manager.py:879} INFO - 
================================================================================
DAG File Processing Stats

File Path                            PID    Runtime      # DAGs    # Errors  Last Runtime    Last Run
-----------------------------------  -----  ---------  --------  ----------  --------------  -------------------
/opt/airflow/dags/sgfood_elt_dag.py                           1           0  -8.53s          2026-10-07T02:44:49
================================================================================
[2026-10-07T02:45:24.253+0000] {manager.py:879} INFO - 
================================================================================
DAG File Processing Stats

File Path                            PID    Runtime      # DAGs    # Errors  Last Runtime    Last Run
-----------------------------------  -----  ---------  --------  ----------  --------------  -------------------
/opt/airflow/dags/sgfood_elt_dag.py                           1           0  0.33s           2026-10-07T02:45:20
================================================================================
[2026-10-07T02:45:51.365+0000] {manager.py:879} INFO - 
================================================================================
DAG File Processing Stats

File Path                            PID    Runtime      # DAGs    # Errors  Last Runtime    Last Run
-----------------------------------  -----  ---------  --------  ----------  --------------  -------------------
/opt/airflow/dags/sgfood_elt_dag.py                           1           0  -8.52s          2026-10-07T02:45:44
================================================================================
[2026-10-07T02:46:18.998+0000] {manager.py:879} INFO - 
================================================================================
DAG File Processing Stats

File Path                            PID    Runtime      # DAGs    # Errors  Last Runtime    Last Run
-----------------------------------  -----  ---------  --------  ----------  --------------  -------------------
/opt/airflow/dags/sgfood_elt_dag.py                           1           0  0.32s           2026-10-07T02:46:15
================================================================================
[2026-10-07T02:46:55.968+0000] {manager.py:879} INFO - 
================================================================================
DAG File Processing Stats

File Path                            PID    Runtime      # DAGs    # Errors  Last Runtime    Last Run
-----------------------------------  -----  ---------  --------  ----------  --------------  -------------------
/opt/airflow/dags/sgfood_elt_dag.py                           1           0  0.32s           2026-10-07T02:46:46
================================================================================
[2026-10-07T02:47:13.713+0000] {manager.py:879} INFO - 
================================================================================
DAG File Processing Stats

File Path                            PID    Runtime      # DAGs    # Errors  Last Runtime    Last Run
-----------------------------------  -----  ---------  --------  ----------  --------------  -------------------
/opt/airflow/dags/sgfood_elt_dag.py                           1           0  -8.53s          2026-10-07T02:47:09
================================================================================
[2026-10-07T02:47:48.803+0000] {manager.py:738} INFO - Searching for files in /opt/airflow/dags
[2026-10-07T02:47:48.853+0000] {manager.py:741} INFO - There are 1 files in /opt/airflow/dags
[2026-10-07T02:47:49.763+0000] {manager.py:879} INFO - 
================================================================================
DAG File Processing Stats

File Path                            PID    Runtime      # DAGs    # Errors  Last Runtime    Last Run
-----------------------------------  -----  ---------  --------  ----------  --------------  -------------------
/opt/airflow/dags/sgfood_elt_dag.py                           1           0  8.66s           2026-10-07T02:47:48
================================================================================
[2026-10-07T02:48:18.273+0000] {manager.py:879} INFO - 
================================================================================
DAG File Processing Stats

File Path                            PID    Runtime      # DAGs    # Errors  Last Runtime    Last Run
-----------------------------------  -----  ---------  --------  ----------  --------------  -------------------
/opt/airflow/dags/sgfood_elt_dag.py                           1           0  8.66s           2026-10-07T02:47:48
================================================================================
[2026-10-07T02:48:44.535+0000] {manager.py:879} INFO - 
================================================================================
DAG File Processing Stats

File Path                            PID    Runtime      # DAGs    # Errors  Last Runtime    Last Run
-----------------------------------  -----  ---------  --------  ----------  --------------  -------------------
/opt/airflow/dags/sgfood_elt_dag.py                           1           0  0.32s           2026-10-07T02:48:43
================================================================================
[2026-10-07T02:49:03.347+0000] {manager.py:879} INFO - 
================================================================================
DAG File Processing Stats

File Path                            PID    Runtime      # DAGs    # Errors  Last Runtime    Last Run
-----------------------------------  -----  ---------  --------  ----------  --------------  -------------------
/opt/airflow/dags/sgfood_elt_dag.py                           1           0  0.32s           2026-10-07T02:48:43
================================================================================
[2026-10-07T02:49:39.340+0000] {manager.py:879} INFO - 
================================================================================
DAG File Processing Stats

File Path                            PID    Runtime      # DAGs    # Errors  Last Runtime    Last Run
-----------------------------------  -----  ---------  --------  ----------  --------------  -------------------
/opt/airflow/dags/sgfood_elt_dag.py                           1           0  -8.53s          2026-10-07T02:49:09
================================================================================
[2026-10-07T02:49:58.116+0000] {manager.py:879} INFO - 
================================================================================
DAG File Processing Stats

File Path                            PID    Runtime      # DAGs    # Errors  Last Runtime    Last Run
-----------------------------------  -----  ---------  --------  ----------  --------------  -------------------
/opt/airflow/dags/sgfood_elt_dag.py                           1           0  0.32s           2026-10-07T02:49:40
================================================================================
[2026-10-07T02:50:35.139+0000] {manager.py:879} INFO - 
================================================================================
DAG File Processing Stats

File Path                            PID    Runtime      # DAGs    # Errors  Last Runtime    Last Run
-----------------------------------  -----  ---------  --------  ----------  --------------  -------------------
/opt/airflow/dags/sgfood_elt_dag.py                           1           0  -8.43s          2026-10-07T02:50:10
================================================================================
[2026-10-07T02:50:52.909+0000] {manager.py:879} INFO - 
================================================================================
DAG File Processing Stats

File Path                            PID    Runtime      # DAGs    # Errors  Last Runtime    Last Run
-----------------------------------  -----  ---------  --------  ----------  --------------  -------------------
/opt/airflow/dags/sgfood_elt_dag.py                           1           0  0.31s           2026-10-07T02:50:41
================================================================================
[2026-10-07T02:51:20.018+0000] {manager.py:879} INFO - 
================================================================================
DAG File Processing Stats

File Path                            PID    Runtime      # DAGs    # Errors  Last Runtime    Last Run
-----------------------------------  -----  ---------  --------  ----------  --------------  -------------------
/opt/airflow/dags/sgfood_elt_dag.py                           1           0  0.33s           2026-10-07T02:51:12
================================================================================
[2026-10-07T02:51:47.623+0000] {manager.py:879} INFO - 
================================================================================
DAG File Processing Stats

File Path                            PID    Runtime      # DAGs    # Errors  Last Runtime    Last Run
-----------------------------------  -----  ---------  --------  ----------  --------------  -------------------
/opt/airflow/dags/sgfood_elt_dag.py                           1           0  -8.54s          2026-10-07T02:51:34
================================================================================
[2026-10-07T02:52:23.645+0000] {manager.py:879} INFO - 
================================================================================
DAG File Processing Stats

File Path                            PID    Runtime      # DAGs    # Errors  Last Runtime    Last Run
-----------------------------------  -----  ---------  --------  ----------  --------------  -------------------
/opt/airflow/dags/sgfood_elt_dag.py                           1           0  -8.53s          2026-10-07T02:52:00
================================================================================
[2026-10-07T02:52:49.387+0000] {manager.py:738} INFO - Searching for files in /opt/airflow/dags
[2026-10-07T02:52:49.444+0000] {manager.py:741} INFO - There are 1 files in /opt/airflow/dags
[2026-10-07T02:52:52.285+0000] {manager.py:879} INFO - 
================================================================================
DAG File Processing Stats

File Path                            PID    Runtime      # DAGs    # Errors  Last Runtime    Last Run
-----------------------------------  -----  ---------  --------  ----------  --------------  -------------------
/opt/airflow/dags/sgfood_elt_dag.py                           1           0  -8.55s          2026-10-07T02:52:25
================================================================================
[2026-10-07T02:53:10.077+0000] {manager.py:879} INFO - 
================================================================================
DAG File Processing Stats

File Path                            PID    Runtime      # DAGs    # Errors  Last Runtime    Last Run
-----------------------------------  -----  ---------  --------  ----------  --------------  -------------------
/opt/airflow/dags/sgfood_elt_dag.py                           1           0  0.32s           2026-10-07T02:52:59
================================================================================
[2026-10-07T02:53:46.050+0000] {manager.py:879} INFO - 
================================================================================
DAG File Processing Stats

File Path                            PID    Runtime      # DAGs    # Errors  Last Runtime    Last Run
-----------------------------------  -----  ---------  --------  ----------  --------------  -------------------
/opt/airflow/dags/sgfood_elt_dag.py                           1           0  0.33s           2026-10-07T02:53:30
================================================================================
[2026-10-07T02:54:04.815+0000] {manager.py:879} INFO - 
================================================================================
DAG File Processing Stats

File Path                            PID    Runtime      # DAGs    # Errors  Last Runtime    Last Run
-----------------------------------  -----  ---------  --------  ----------  --------------  -------------------
/opt/airflow/dags/sgfood_elt_dag.py                           1           0  0.33s           2026-10-07T02:54:01
================================================================================
[2026-10-07T02:54:41.824+0000] {manager.py:879} INFO - 
================================================================================
DAG File Processing Stats

File Path                            PID    Runtime      # DAGs    # Errors  Last Runtime    Last Run
-----------------------------------  -----  ---------  --------  ----------  --------------  -------------------
/opt/airflow/dags/sgfood_elt_dag.py                           1           0  0.33s           2026-10-07T02:54:31
================================================================================
[2026-10-07T02:54:59.595+0000] {manager.py:879} INFO - 
================================================================================
DAG File Processing Stats

File Path                            PID    Runtime      # DAGs    # Errors  Last Runtime    Last Run
-----------------------------------  -----  ---------  --------  ----------  --------------  -------------------
/opt/airflow/dags/sgfood_elt_dag.py                           1           0  -8.55s          2026-10-07T02:54:55
================================================================================
[2026-10-07T02:55:36.633+0000] {manager.py:879} INFO - 
================================================================================
DAG File Processing Stats

File Path                            PID    Runtime      # DAGs    # Errors  Last Runtime    Last Run
-----------------------------------  -----  ---------  --------  ----------  --------------  -------------------
/opt/airflow/dags/sgfood_elt_dag.py                           1           0  0.33s           2026-10-07T02:55:26
================================================================================
[2026-10-07T02:55:54.433+0000] {manager.py:879} INFO - 
================================================================================
DAG File Processing Stats

File Path                            PID    Runtime      # DAGs    # Errors  Last Runtime    Last Run
-----------------------------------  -----  ---------  --------  ----------  --------------  -------------------
/opt/airflow/dags/sgfood_elt_dag.py                           1           0  0.33s           2026-10-07T02:55:26
================================================================================
[2026-10-07T02:56:21.577+0000] {manager.py:879} INFO - 
================================================================================
DAG File Processing Stats

File Path                            PID    Runtime      # DAGs    # Errors  Last Runtime    Last Run
-----------------------------------  -----  ---------  --------  ----------  --------------  -------------------
/opt/airflow/dags/sgfood_elt_dag.py                           1           0  -8.55s          2026-10-07T02:56:20
================================================================================
[2026-10-07T02:56:49.173+0000] {manager.py:879} INFO - 
================================================================================
DAG File Processing Stats

File Path                            PID    Runtime      # DAGs    # Errors  Last Runtime    Last Run
-----------------------------------  -----  ---------  --------  ----------  --------------  -------------------
/opt/airflow/dags/sgfood_elt_dag.py                           1           0  -8.54s          2026-10-07T02:56:45
================================================================================
[2026-10-07T02:57:16.313+0000] {manager.py:879} INFO - 
================================================================================
DAG File Processing Stats

File Path                            PID    Runtime      # DAGs    # Errors  Last Runtime    Last Run
-----------------------------------  -----  ---------  --------  ----------  --------------  -------------------
/opt/airflow/dags/sgfood_elt_dag.py                           1           0  0.44s           2026-10-07T02:57:16
================================================================================
[2026-10-07T02:57:43.919+0000] {manager.py:879} INFO - 
================================================================================
DAG File Processing Stats

File Path                            PID    Runtime      # DAGs    # Errors  Last Runtime    Last Run
-----------------------------------  -----  ---------  --------  ----------  --------------  -------------------
/opt/airflow/dags/sgfood_elt_dag.py                           1           0  0.44s           2026-10-07T02:57:16
================================================================================
[2026-10-07T02:57:50.138+0000] {manager.py:738} INFO - Searching for files in /opt/airflow/dags
[2026-10-07T02:57:50.187+0000] {manager.py:741} INFO - There are 1 files in /opt/airflow/dags
[2026-10-07T02:58:11.048+0000] {manager.py:879} INFO - 
================================================================================
DAG File Processing Stats

File Path                            PID    Runtime      # DAGs    # Errors  Last Runtime    Last Run
-----------------------------------  -----  ---------  --------  ----------  --------------  -------------------
/opt/airflow/dags/sgfood_elt_dag.py                           1           0  0.34s           2026-10-07T02:57:46
================================================================================
[2026-10-07T02:58:38.704+0000] {manager.py:879} INFO - 
================================================================================
DAG File Processing Stats

File Path                            PID    Runtime      # DAGs    # Errors  Last Runtime    Last Run
-----------------------------------  -----  ---------  --------  ----------  --------------  -------------------
/opt/airflow/dags/sgfood_elt_dag.py                           1           0  -8.55s          2026-10-07T02:58:15
================================================================================
[2026-10-07T02:59:05.826+0000] {manager.py:879} INFO - 
================================================================================
DAG File Processing Stats

File Path                            PID    Runtime      # DAGs    # Errors  Last Runtime    Last Run
-----------------------------------  -----  ---------  --------  ----------  --------------  -------------------
/opt/airflow/dags/sgfood_elt_dag.py                           1           0  0.34s           2026-10-07T02:58:46
================================================================================
[2026-10-07T02:59:33.471+0000] {manager.py:879} INFO - 
================================================================================
DAG File Processing Stats

File Path                            PID    Runtime      # DAGs    # Errors  Last Runtime    Last Run
-----------------------------------  -----  ---------  --------  ----------  --------------  -------------------
/opt/airflow/dags/sgfood_elt_dag.py                           1           0  0.31s           2026-10-07T02:59:11
================================================================================
[2026-10-07T03:00:01.000+0000] {manager.py:879} INFO - 
================================================================================
DAG File Processing Stats

File Path                            PID    Runtime      # DAGs    # Errors  Last Runtime    Last Run
-----------------------------------  -----  ---------  --------  ----------  --------------  -------------------
/opt/airflow/dags/sgfood_elt_dag.py                           1           0  0.34s           2026-10-07T02:59:41
================================================================================
[2026-10-07T03:00:29.515+0000] {manager.py:879} INFO - 
================================================================================
DAG File Processing Stats

File Path                            PID    Runtime      # DAGs    # Errors  Last Runtime    Last Run
-----------------------------------  -----  ---------  --------  ----------  --------------  -------------------
/opt/airflow/dags/sgfood_elt_dag.py                           1           0  0.33s           2026-10-07T03:00:22
================================================================================
[2026-10-07T03:01:09.759+0000] {manager.py:879} INFO - 
================================================================================
DAG File Processing Stats

File Path                            PID    Runtime      # DAGs    # Errors  Last Runtime    Last Run
-----------------------------------  -----  ---------  --------  ----------  --------------  -------------------
/opt/airflow/dags/sgfood_elt_dag.py                           1           0  0.33s           2026-10-07T03:01:09
================================================================================
[2026-10-07T03:01:37.912+0000] {manager.py:879} INFO - 
================================================================================
DAG File Processing Stats

File Path                            PID    Runtime      # DAGs    # Errors  Last Runtime    Last Run
-----------------------------------  -----  ---------  --------  ----------  --------------  -------------------
/opt/airflow/dags/sgfood_elt_dag.py                           1           0  0.33s           2026-10-07T03:01:09
================================================================================
[2026-10-07T03:01:55.760+0000] {manager.py:879} INFO - 
================================================================================
DAG File Processing Stats

File Path                            PID    Runtime      # DAGs    # Errors  Last Runtime    Last Run
-----------------------------------  -----  ---------  --------  ----------  --------------  -------------------
/opt/airflow/dags/sgfood_elt_dag.py                           1           0  0.34s           2026-10-07T03:01:40
================================================================================
[2026-10-07T03:02:23.252+0000] {manager.py:879} INFO - 
================================================================================
DAG File Processing Stats

File Path                            PID    Runtime      # DAGs    # Errors  Last Runtime    Last Run
-----------------------------------  -----  ---------  --------  ----------  --------------  -------------------
/opt/airflow/dags/sgfood_elt_dag.py                           1           0  -8.44s          2026-10-07T03:02:06
================================================================================
[2026-10-07T03:02:50.835+0000] {manager.py:738} INFO - Searching for files in /opt/airflow/dags
[2026-10-07T03:02:50.883+0000] {manager.py:741} INFO - There are 1 files in /opt/airflow/dags
[2026-10-07T03:02:50.912+0000] {manager.py:879} INFO - 
================================================================================
DAG File Processing Stats

File Path                            PID    Runtime      # DAGs    # Errors  Last Runtime    Last Run
-----------------------------------  -----  ---------  --------  ----------  --------------  -------------------
/opt/airflow/dags/sgfood_elt_dag.py                           1           0  -8.46s          2026-10-07T03:02:31
================================================================================
[2026-10-07T03:03:18.046+0000] {manager.py:879} INFO - 
================================================================================
DAG File Processing Stats

File Path                            PID    Runtime      # DAGs    # Errors  Last Runtime    Last Run
-----------------------------------  -----  ---------  --------  ----------  --------------  -------------------
/opt/airflow/dags/sgfood_elt_dag.py                           1           0  0.33s           2026-10-07T03:03:02
================================================================================
[2026-10-07T03:03:55.093+0000] {manager.py:879} INFO - 
================================================================================
DAG File Processing Stats

File Path                            PID    Runtime      # DAGs    # Errors  Last Runtime    Last Run
-----------------------------------  -----  ---------  --------  ----------  --------------  -------------------
/opt/airflow/dags/sgfood_elt_dag.py                           1           0  0.33s           2026-10-07T03:03:34
================================================================================
[2026-10-07T03:04:13.068+0000] {manager.py:879} INFO - 
================================================================================
DAG File Processing Stats

File Path                            PID    Runtime      # DAGs    # Errors  Last Runtime    Last Run
-----------------------------------  -----  ---------  --------  ----------  --------------  -------------------
/opt/airflow/dags/sgfood_elt_dag.py                           1           0  -8.57s          2026-10-07T03:04:01
================================================================================
[2026-10-07T03:04:40.630+0000] {manager.py:879} INFO - 
================================================================================
DAG File Processing Stats

File Path                            PID    Runtime      # DAGs    # Errors  Last Runtime    Last Run
-----------------------------------  -----  ---------  --------  ----------  --------------  -------------------
/opt/airflow/dags/sgfood_elt_dag.py                           1           0  -8.58s          2026-10-07T03:04:26
================================================================================
[2026-10-07T03:05:07.810+0000] {manager.py:879} INFO - 
================================================================================
DAG File Processing Stats

File Path                            PID    Runtime      # DAGs    # Errors  Last Runtime    Last Run
-----------------------------------  -----  ---------  --------  ----------  --------------  -------------------
/opt/airflow/dags/sgfood_elt_dag.py                           1           0  0.34s           2026-10-07T03:04:57
================================================================================
[2026-10-07T03:05:35.792+0000] {manager.py:879} INFO - 
================================================================================
DAG File Processing Stats

File Path                            PID    Runtime      # DAGs    # Errors  Last Runtime    Last Run
-----------------------------------  -----  ---------  --------  ----------  --------------  -------------------
/opt/airflow/dags/sgfood_elt_dag.py                           1           0  -8.57s          2026-10-07T03:05:21
================================================================================
[2026-10-07T03:06:02.855+0000] {manager.py:879} INFO - 
================================================================================
DAG File Processing Stats

File Path                            PID    Runtime      # DAGs    # Errors  Last Runtime    Last Run
-----------------------------------  -----  ---------  --------  ----------  --------------  -------------------
/opt/airflow/dags/sgfood_elt_dag.py                           1           0  0.34s           2026-10-07T03:05:52
================================================================================
[2026-10-07T03:06:30.704+0000] {manager.py:879} INFO - 
================================================================================
DAG File Processing Stats

File Path                            PID    Runtime      # DAGs    # Errors  Last Runtime    Last Run
-----------------------------------  -----  ---------  --------  ----------  --------------  -------------------
/opt/airflow/dags/sgfood_elt_dag.py                           1           0  -8.58s          2026-10-07T03:06:16
================================================================================
[2026-10-07T03:06:57.988+0000] {manager.py:879} INFO - 
================================================================================
DAG File Processing Stats

File Path                            PID    Runtime      # DAGs    # Errors  Last Runtime    Last Run
-----------------------------------  -----  ---------  --------  ----------  --------------  -------------------
/opt/airflow/dags/sgfood_elt_dag.py                           1           0  0.32s           2026-10-07T03:06:47
================================================================================
[2026-10-07T03:07:25.714+0000] {manager.py:879} INFO - 
================================================================================
DAG File Processing Stats

File Path                            PID    Runtime      # DAGs    # Errors  Last Runtime    Last Run
-----------------------------------  -----  ---------  --------  ----------  --------------  -------------------
/opt/airflow/dags/sgfood_elt_dag.py                           1           0  -8.58s          2026-10-07T03:07:11
================================================================================
[2026-10-07T03:07:50.867+0000] {manager.py:738} INFO - Searching for files in /opt/airflow/dags
[2026-10-07T03:07:50.919+0000] {manager.py:741} INFO - There are 1 files in /opt/airflow/dags
[2026-10-07T03:07:52.928+0000] {manager.py:879} INFO - 
================================================================================
DAG File Processing Stats

File Path                            PID    Runtime      # DAGs    # Errors  Last Runtime    Last Run
-----------------------------------  -----  ---------  --------  ----------  --------------  -------------------
/opt/airflow/dags/sgfood_elt_dag.py                           1           0  -8.59s          2026-10-07T03:07:36
================================================================================
[2026-10-07T03:08:30.512+0000] {manager.py:879} INFO - 
================================================================================
DAG File Processing Stats

File Path                            PID    Runtime      # DAGs    # Errors  Last Runtime    Last Run
-----------------------------------  -----  ---------  --------  ----------  --------------  -------------------
/opt/airflow/dags/sgfood_elt_dag.py                           1           0  8.73s           2026-10-07T03:08:15
================================================================================
[2026-10-07T03:08:56.736+0000] {manager.py:879} INFO - 
================================================================================
DAG File Processing Stats

File Path                            PID    Runtime      # DAGs    # Errors  Last Runtime    Last Run
-----------------------------------  -----  ---------  --------  ----------  --------------  -------------------
/opt/airflow/dags/sgfood_elt_dag.py                           1           0  0.33s           2026-10-07T03:08:46
================================================================================
[2026-10-07T03:09:15.329+0000] {manager.py:879} INFO - 
================================================================================
DAG File Processing Stats

File Path                            PID    Runtime      # DAGs    # Errors  Last Runtime    Last Run
-----------------------------------  -----  ---------  --------  ----------  --------------  -------------------
/opt/airflow/dags/sgfood_elt_dag.py                           1           0  0.33s           2026-10-07T03:08:46
================================================================================
[2026-10-07T03:09:52.077+0000] {manager.py:879} INFO - 
================================================================================
DAG File Processing Stats

File Path                            PID    Runtime      # DAGs    # Errors  Last Runtime    Last Run
-----------------------------------  -----  ---------  --------  ----------  --------------  -------------------
/opt/airflow/dags/sgfood_elt_dag.py                           1           0  0.33s           2026-10-07T03:09:48
================================================================================
[2026-10-07T03:10:20.250+0000] {manager.py:879} INFO - 
================================================================================
DAG File Processing Stats

File Path                            PID    Runtime      # DAGs    # Errors  Last Runtime    Last Run
-----------------------------------  -----  ---------  --------  ----------  --------------  -------------------
/opt/airflow/dags/sgfood_elt_dag.py                           1           0  0.31s           2026-10-07T03:10:19
================================================================================
[2026-10-07T03:10:37.486+0000] {manager.py:879} INFO - 
================================================================================
DAG File Processing Stats

File Path                            PID    Runtime      # DAGs    # Errors  Last Runtime    Last Run
-----------------------------------  -----  ---------  --------  ----------  --------------  -------------------
/opt/airflow/dags/sgfood_elt_dag.py                           1           0  0.31s           2026-10-07T03:10:19
================================================================================
[2026-10-07T03:11:14.951+0000] {manager.py:879} INFO - 
================================================================================
DAG File Processing Stats

File Path                            PID    Runtime      # DAGs    # Errors  Last Runtime    Last Run
-----------------------------------  -----  ---------  --------  ----------  --------------  -------------------
/opt/airflow/dags/sgfood_elt_dag.py                           1           0  0.34s           2026-10-07T03:11:12
================================================================================
[2026-10-07T03:11:32.153+0000] {manager.py:879} INFO - 
================================================================================
DAG File Processing Stats

File Path                            PID    Runtime      # DAGs    # Errors  Last Runtime    Last Run
-----------------------------------  -----  ---------  --------  ----------  --------------  -------------------
/opt/airflow/dags/sgfood_elt_dag.py                           1           0  0.34s           2026-10-07T03:11:12
================================================================================
[2026-10-07T03:11:59.886+0000] {manager.py:879} INFO - 
================================================================================
DAG File Processing Stats

File Path                            PID    Runtime      # DAGs    # Errors  Last Runtime    Last Run
-----------------------------------  -----  ---------  --------  ----------  --------------  -------------------
/opt/airflow/dags/sgfood_elt_dag.py                           1           0  -8.59s          2026-10-07T03:11:35
================================================================================
[2026-10-07T03:12:27.292+0000] {manager.py:879} INFO - 
================================================================================
DAG File Processing Stats

File Path                            PID    Runtime      # DAGs    # Errors  Last Runtime    Last Run
-----------------------------------  -----  ---------  --------  ----------  --------------  -------------------
/opt/airflow/dags/sgfood_elt_dag.py                           1           0  -8.60s          2026-10-07T03:12:27
================================================================================
[2026-10-07T03:12:50.875+0000] {manager.py:738} INFO - Searching for files in /opt/airflow/dags
[2026-10-07T03:12:50.927+0000] {manager.py:741} INFO - There are 1 files in /opt/airflow/dags
[2026-10-07T03:12:54.948+0000] {manager.py:879} INFO - 
================================================================================
DAG File Processing Stats

File Path                            PID    Runtime      # DAGs    # Errors  Last Runtime    Last Run
-----------------------------------  -----  ---------  --------  ----------  --------------  -------------------
/opt/airflow/dags/sgfood_elt_dag.py                           1           0  -8.60s          2026-10-07T03:12:27
================================================================================
[2026-10-07T03:13:22.347+0000] {manager.py:879} INFO - 
================================================================================
DAG File Processing Stats

File Path                            PID    Runtime      # DAGs    # Errors  Last Runtime    Last Run
-----------------------------------  -----  ---------  --------  ----------  --------------  -------------------
/opt/airflow/dags/sgfood_elt_dag.py                           1           0  -8.60s          2026-10-07T03:13:22
================================================================================
[2026-10-07T03:13:49.952+0000] {manager.py:879} INFO - 
================================================================================
DAG File Processing Stats

File Path                            PID    Runtime      # DAGs    # Errors  Last Runtime    Last Run
-----------------------------------  -----  ---------  --------  ----------  --------------  -------------------
/opt/airflow/dags/sgfood_elt_dag.py                           1           0  -8.60s          2026-10-07T03:13:22
================================================================================
[2026-10-07T03:14:17.412+0000] {manager.py:879} INFO - 
================================================================================
DAG File Processing Stats

File Path                            PID    Runtime      # DAGs    # Errors  Last Runtime    Last Run
-----------------------------------  -----  ---------  --------  ----------  --------------  -------------------
/opt/airflow/dags/sgfood_elt_dag.py                           1           0  -8.60s          2026-10-07T03:14:17
================================================================================
[2026-10-07T03:14:45.083+0000] {manager.py:879} INFO - 
================================================================================
DAG File Processing Stats

File Path                            PID    Runtime      # DAGs    # Errors  Last Runtime    Last Run
-----------------------------------  -----  ---------  --------  ----------  --------------  -------------------
/opt/airflow/dags/sgfood_elt_dag.py                           1           0  -8.60s          2026-10-07T03:14:17
================================================================================
[2026-10-07T03:15:12.603+0000] {manager.py:879} INFO - 
================================================================================
DAG File Processing Stats

File Path                            PID    Runtime      # DAGs    # Errors  Last Runtime    Last Run
-----------------------------------  -----  ---------  --------  ----------  --------------  -------------------
/opt/airflow/dags/sgfood_elt_dag.py                           1           0  0.33s           2026-10-07T03:14:48
================================================================================
[2026-10-07T03:15:39.839+0000] {manager.py:879} INFO - 
================================================================================
DAG File Processing Stats

File Path                            PID    Runtime      # DAGs    # Errors  Last Runtime    Last Run
-----------------------------------  -----  ---------  --------  ----------  --------------  -------------------
/opt/airflow/dags/sgfood_elt_dag.py                           1           0  0.32s           2026-10-07T03:15:43
================================================================================
[2026-10-07T03:16:16.559+0000] {manager.py:879} INFO - 
================================================================================
DAG File Processing Stats

File Path                            PID    Runtime      # DAGs    # Errors  Last Runtime    Last Run
-----------------------------------  -----  ---------  --------  ----------  --------------  -------------------
/opt/airflow/dags/sgfood_elt_dag.py                           1           0  0.30s           2026-10-07T03:16:16
================================================================================
[2026-10-07T03:16:35.074+0000] {manager.py:879} INFO - 
================================================================================
DAG File Processing Stats

File Path                            PID    Runtime      # DAGs    # Errors  Last Runtime    Last Run
-----------------------------------  -----  ---------  --------  ----------  --------------  -------------------
/opt/airflow/dags/sgfood_elt_dag.py                           1           0  0.30s           2026-10-07T03:16:16
================================================================================
[2026-10-07T03:17:11.352+0000] {manager.py:879} INFO - 
================================================================================
DAG File Processing Stats

File Path                            PID    Runtime      # DAGs    # Errors  Last Runtime    Last Run
-----------------------------------  -----  ---------  --------  ----------  --------------  -------------------
/opt/airflow/dags/sgfood_elt_dag.py                           1           0  -8.61s          2026-10-07T03:16:42
================================================================================
[2026-10-07T03:17:29.861+0000] {manager.py:879} INFO - 
================================================================================
DAG File Processing Stats

File Path                            PID    Runtime      # DAGs    # Errors  Last Runtime    Last Run
-----------------------------------  -----  ---------  --------  ----------  --------------  -------------------
/opt/airflow/dags/sgfood_elt_dag.py                           1           0  0.33s           2026-10-07T03:17:16
================================================================================
[2026-10-07T03:17:51.397+0000] {manager.py:738} INFO - Searching for files in /opt/airflow/dags
[2026-10-07T03:17:51.448+0000] {manager.py:741} INFO - There are 1 files in /opt/airflow/dags
[2026-10-07T03:17:57.261+0000] {manager.py:879} INFO - 
================================================================================
DAG File Processing Stats

File Path                            PID    Runtime      # DAGs    # Errors  Last Runtime    Last Run
-----------------------------------  -----  ---------  --------  ----------  --------------  -------------------
/opt/airflow/dags/sgfood_elt_dag.py                           1           0  -8.60s          2026-10-07T03:17:42
================================================================================
[2026-10-07T03:18:24.647+0000] {manager.py:879} INFO - 
================================================================================
DAG File Processing Stats

File Path                            PID    Runtime      # DAGs    # Errors  Last Runtime    Last Run
-----------------------------------  -----  ---------  --------  ----------  --------------  -------------------
/opt/airflow/dags/sgfood_elt_dag.py                           1           0  -8.61s          2026-10-07T03:18:07
================================================================================
[2026-10-07T03:18:52.292+0000] {manager.py:879} INFO - 
================================================================================
DAG File Processing Stats

File Path                            PID    Runtime      # DAGs    # Errors  Last Runtime    Last Run
-----------------------------------  -----  ---------  --------  ----------  --------------  -------------------
/opt/airflow/dags/sgfood_elt_dag.py                           1           0  0.33s           2026-10-07T03:18:38
================================================================================
[2026-10-07T03:19:19.706+0000] {manager.py:879} INFO - 
================================================================================
DAG File Processing Stats

File Path                            PID    Runtime      # DAGs    # Errors  Last Runtime    Last Run
-----------------------------------  -----  ---------  --------  ----------  --------------  -------------------
/opt/airflow/dags/sgfood_elt_dag.py                           1           0  0.42s           2026-10-07T03:19:09
================================================================================
[2026-10-07T03:19:47.094+0000] {manager.py:879} INFO - 
================================================================================
DAG File Processing Stats

File Path                            PID    Runtime      # DAGs    # Errors  Last Runtime    Last Run
-----------------------------------  -----  ---------  --------  ----------  --------------  -------------------
/opt/airflow/dags/sgfood_elt_dag.py                           1           0  -8.61s          2026-10-07T03:19:33
================================================================================
[2026-10-07T03:20:14.415+0000] {manager.py:879} INFO - 
================================================================================
DAG File Processing Stats

File Path                            PID    Runtime      # DAGs    # Errors  Last Runtime    Last Run
-----------------------------------  -----  ---------  --------  ----------  --------------  -------------------
/opt/airflow/dags/sgfood_elt_dag.py                           1           0  0.31s           2026-10-07T03:20:04
================================================================================
[2026-10-07T03:20:42.148+0000] {manager.py:879} INFO - 
================================================================================
DAG File Processing Stats

File Path                            PID    Runtime      # DAGs    # Errors  Last Runtime    Last Run
-----------------------------------  -----  ---------  --------  ----------  --------------  -------------------
/opt/airflow/dags/sgfood_elt_dag.py                           1           0  0.34s           2026-10-07T03:20:35
================================================================================
[2026-10-07T03:21:09.314+0000] {manager.py:879} INFO - 
================================================================================
DAG File Processing Stats

File Path                            PID    Runtime      # DAGs    # Errors  Last Runtime    Last Run
-----------------------------------  -----  ---------  --------  ----------  --------------  -------------------
/opt/airflow/dags/sgfood_elt_dag.py                           1           0  0.33s           2026-10-07T03:21:03
================================================================================
[2026-10-07T03:21:36.746+0000] {manager.py:879} INFO - 
================================================================================
DAG File Processing Stats

File Path                            PID    Runtime      # DAGs    # Errors  Last Runtime    Last Run
-----------------------------------  -----  ---------  --------  ----------  --------------  -------------------
/opt/airflow/dags/sgfood_elt_dag.py                           1           0  -8.60s          2026-10-07T03:21:28
================================================================================
[2026-10-07T03:22:04.120+0000] {manager.py:879} INFO - 
================================================================================
DAG File Processing Stats

File Path                            PID    Runtime      # DAGs    # Errors  Last Runtime    Last Run
-----------------------------------  -----  ---------  --------  ----------  --------------  -------------------
/opt/airflow/dags/sgfood_elt_dag.py                           1           0  0.33s           2026-10-07T03:21:58
================================================================================
[2026-10-07T03:22:31.589+0000] {manager.py:879} INFO - 
================================================================================
DAG File Processing Stats

File Path                            PID    Runtime      # DAGs    # Errors  Last Runtime    Last Run
-----------------------------------  -----  ---------  --------  ----------  --------------  -------------------
/opt/airflow/dags/sgfood_elt_dag.py                           1           0  9.09s           2026-10-07T03:22:38
================================================================================
[2026-10-07T03:22:56.922+0000] {manager.py:738} INFO - Searching for files in /opt/airflow/dags
[2026-10-07T03:22:56.980+0000] {manager.py:741} INFO - There are 1 files in /opt/airflow/dags
[2026-10-07T03:22:58.933+0000] {manager.py:879} INFO - 
================================================================================
DAG File Processing Stats

File Path                            PID    Runtime      # DAGs    # Errors  Last Runtime    Last Run
-----------------------------------  -----  ---------  --------  ----------  --------------  -------------------
/opt/airflow/dags/sgfood_elt_dag.py                           1           0  9.09s           2026-10-07T03:22:38
================================================================================
[2026-10-07T03:23:26.456+0000] {manager.py:879} INFO - 
================================================================================
DAG File Processing Stats

File Path                            PID    Runtime      # DAGs    # Errors  Last Runtime    Last Run
-----------------------------------  -----  ---------  --------  ----------  --------------  -------------------
/opt/airflow/dags/sgfood_elt_dag.py                           1           0  0.32s           2026-10-07T03:23:09
================================================================================
[2026-10-07T03:23:53.671+0000] {manager.py:879} INFO - 
================================================================================
DAG File Processing Stats

File Path                            PID    Runtime      # DAGs    # Errors  Last Runtime    Last Run
-----------------------------------  -----  ---------  --------  ----------  --------------  -------------------
/opt/airflow/dags/sgfood_elt_dag.py                           1           0  -8.62s          2026-10-07T03:23:33
================================================================================
[2026-10-07T03:24:21.281+0000] {manager.py:879} INFO - 
================================================================================
DAG File Processing Stats

File Path                            PID    Runtime      # DAGs    # Errors  Last Runtime    Last Run
-----------------------------------  -----  ---------  --------  ----------  --------------  -------------------
/opt/airflow/dags/sgfood_elt_dag.py                           1           0  0.32s           2026-10-07T03:24:13
================================================================================
[2026-10-07T03:24:48.469+0000] {manager.py:879} INFO - 
================================================================================
DAG File Processing Stats

File Path                            PID    Runtime      # DAGs    # Errors  Last Runtime    Last Run
-----------------------------------  -----  ---------  --------  ----------  --------------  -------------------
/opt/airflow/dags/sgfood_elt_dag.py                           1           0  0.33s           2026-10-07T03:24:43
================================================================================
[2026-10-07T03:25:16.068+0000] {manager.py:879} INFO - 
================================================================================
DAG File Processing Stats

File Path                            PID    Runtime      # DAGs    # Errors  Last Runtime    Last Run
-----------------------------------  -----  ---------  --------  ----------  --------------  -------------------
/opt/airflow/dags/sgfood_elt_dag.py                           1           0  0.33s           2026-10-07T03:25:15
================================================================================
[2026-10-07T03:25:43.502+0000] {manager.py:879} INFO - 
================================================================================
DAG File Processing Stats

File Path                            PID    Runtime      # DAGs    # Errors  Last Runtime    Last Run
-----------------------------------  -----  ---------  --------  ----------  --------------  -------------------
/opt/airflow/dags/sgfood_elt_dag.py                           1           0  -8.64s          2026-10-07T03:25:43
================================================================================
[2026-10-07T03:26:11.149+0000] {manager.py:879} INFO - 
================================================================================
DAG File Processing Stats

File Path                            PID    Runtime      # DAGs    # Errors  Last Runtime    Last Run
-----------------------------------  -----  ---------  --------  ----------  --------------  -------------------
/opt/airflow/dags/sgfood_elt_dag.py                           1           0  -8.64s          2026-10-07T03:25:43
================================================================================
[2026-10-07T03:26:38.666+0000] {manager.py:879} INFO - 
================================================================================
DAG File Processing Stats

File Path                            PID    Runtime      # DAGs    # Errors  Last Runtime    Last Run
-----------------------------------  -----  ---------  --------  ----------  --------------  -------------------
/opt/airflow/dags/sgfood_elt_dag.py                           1           0  -8.64s          2026-10-07T03:26:38
================================================================================
[2026-10-07T03:27:06.303+0000] {manager.py:879} INFO - 
================================================================================
DAG File Processing Stats

File Path                            PID    Runtime      # DAGs    # Errors  Last Runtime    Last Run
-----------------------------------  -----  ---------  --------  ----------  --------------  -------------------
/opt/airflow/dags/sgfood_elt_dag.py                           1           0  -8.63s          2026-10-07T03:27:03
================================================================================
[2026-10-07T03:27:42.364+0000] {manager.py:879} INFO - 
================================================================================
DAG File Processing Stats

File Path                            PID    Runtime      # DAGs    # Errors  Last Runtime    Last Run
-----------------------------------  -----  ---------  --------  ----------  --------------  -------------------
/opt/airflow/dags/sgfood_elt_dag.py                           1           0  0.31s           2026-10-07T03:27:28
================================================================================
[2026-10-07T03:27:57.489+0000] {manager.py:738} INFO - Searching for files in /opt/airflow/dags
[2026-10-07T03:27:57.538+0000] {manager.py:741} INFO - There are 1 files in /opt/airflow/dags
[2026-10-07T03:28:00.984+0000] {manager.py:879} INFO - 
================================================================================
DAG File Processing Stats

File Path                            PID    Runtime      # DAGs    # Errors  Last Runtime    Last Run
-----------------------------------  -----  ---------  --------  ----------  --------------  -------------------
/opt/airflow/dags/sgfood_elt_dag.py                           1           0  -8.63s          2026-10-07T03:27:58
================================================================================
[2026-10-07T03:28:37.481+0000] {manager.py:879} INFO - 
================================================================================
DAG File Processing Stats

File Path                            PID    Runtime      # DAGs    # Errors  Last Runtime    Last Run
-----------------------------------  -----  ---------  --------  ----------  --------------  -------------------
/opt/airflow/dags/sgfood_elt_dag.py                           1           0  -8.63s          2026-10-07T03:28:23
================================================================================
[2026-10-07T03:30:29.718+0000] {manager.py:469} INFO - Processing files using up to 1 processes at a time 
[2026-10-07T03:30:29.723+0000] {manager.py:470} INFO - Process each file at most once every 30 seconds
[2026-10-07T03:30:29.727+0000] {manager.py:471} INFO - Checking for new files in /opt/airflow/dags every 300 seconds
[2026-10-07T03:30:29.731+0000] {manager.py:738} INFO - Searching for files in /opt/airflow/dags
[2026-10-07T03:30:29.834+0000] {manager.py:741} INFO - There are 1 files in /opt/airflow/dags
[2026-10-07T03:30:32.851+0000] {manager.py:879} INFO - 
================================================================================
DAG File Processing Stats

File Path                            PID    Runtime      # DAGs    # Errors  Last Runtime    Last Run
-----------------------------------  -----  ---------  --------  ----------  --------------  -------------------
/opt/airflow/dags/sgfood_elt_dag.py                           1           0  1.31s           2026-10-07T03:30:32
================================================================================
[2026-10-07T03:31:00.709+0000] {manager.py:879} INFO - 
================================================================================
DAG File Processing Stats

File Path                            PID    Runtime      # DAGs    # Errors  Last Runtime    Last Run
-----------------------------------  -----  ---------  --------  ----------  --------------  -------------------
/opt/airflow/dags/sgfood_elt_dag.py                           1           0  1.31s           2026-10-07T03:30:32
================================================================================
[2026-10-07T03:31:28.614+0000] {manager.py:879} INFO - 
================================================================================
DAG File Processing Stats

File Path                            PID    Runtime      # DAGs    # Errors  Last Runtime    Last Run
-----------------------------------  -----  ---------  --------  ----------  --------------  -------------------
/opt/airflow/dags/sgfood_elt_dag.py                           1           0  0.34s           2026-10-07T03:31:03
================================================================================
[2026-10-07T03:32:12.485+0000] {manager.py:879} INFO - 
================================================================================
DAG File Processing Stats

File Path                            PID    Runtime      # DAGs    # Errors  Last Runtime    Last Run
-----------------------------------  -----  ---------  --------  ----------  --------------  -------------------
/opt/airflow/dags/sgfood_elt_dag.py                           1           0  0.34s           2026-10-07T03:32:12
================================================================================
[2026-10-07T03:33:24.398+0000] {manager.py:469} INFO - Processing files using up to 1 processes at a time 
[2026-10-07T03:33:24.401+0000] {manager.py:470} INFO - Process each file at most once every 30 seconds
[2026-10-07T03:33:24.404+0000] {manager.py:471} INFO - Checking for new files in /opt/airflow/dags every 300 seconds
[2026-10-07T03:33:24.406+0000] {manager.py:738} INFO - Searching for files in /opt/airflow/dags
[2026-10-07T03:33:24.459+0000] {manager.py:741} INFO - There are 1 files in /opt/airflow/dags
[2026-10-07T03:33:24.968+0000] {manager.py:879} INFO - 
================================================================================
DAG File Processing Stats

File Path                            PID    Runtime      # DAGs    # Errors  Last Runtime    Last Run
-----------------------------------  -----  ---------  --------  ----------  --------------  -------------------
/opt/airflow/dags/sgfood_elt_dag.py                           1           0  0.56s           2026-10-07T03:33:24
================================================================================
[2026-10-07T03:33:52.989+0000] {manager.py:879} INFO - 
================================================================================
DAG File Processing Stats

File Path                            PID    Runtime      # DAGs    # Errors  Last Runtime    Last Run
-----------------------------------  -----  ---------  --------  ----------  --------------  -------------------
/opt/airflow/dags/sgfood_elt_dag.py                           1           0  0.45s           2026-10-07T03:33:49
================================================================================
[2026-10-07T03:34:20.928+0000] {manager.py:879} INFO - 
================================================================================
DAG File Processing Stats

File Path                            PID    Runtime      # DAGs    # Errors  Last Runtime    Last Run
-----------------------------------  -----  ---------  --------  ----------  --------------  -------------------
/opt/airflow/dags/sgfood_elt_dag.py                           1           0  0.31s           2026-10-07T03:34:20
================================================================================
[2026-10-07T03:34:48.228+0000] {manager.py:879} INFO - 
================================================================================
DAG File Processing Stats

File Path                            PID    Runtime      # DAGs    # Errors  Last Runtime    Last Run
-----------------------------------  -----  ---------  --------  ----------  --------------  -------------------
/opt/airflow/dags/sgfood_elt_dag.py                           1           0  0.31s           2026-10-07T03:34:20
================================================================================
[2026-10-07T03:35:15.857+0000] {manager.py:879} INFO - 
================================================================================
DAG File Processing Stats

File Path                            PID    Runtime      # DAGs    # Errors  Last Runtime    Last Run
-----------------------------------  -----  ---------  --------  ----------  --------------  -------------------
/opt/airflow/dags/sgfood_elt_dag.py                           1           0  -8.64s          2026-10-07T03:35:14
================================================================================
[2026-10-07T03:35:43.457+0000] {manager.py:879} INFO - 
================================================================================
DAG File Processing Stats

File Path                            PID    Runtime      # DAGs    # Errors  Last Runtime    Last Run
-----------------------------------  -----  ---------  --------  ----------  --------------  -------------------
/opt/airflow/dags/sgfood_elt_dag.py                           1           0  -8.64s          2026-10-07T03:35:14
================================================================================
[2026-10-07T03:36:10.742+0000] {manager.py:879} INFO - 
================================================================================
DAG File Processing Stats

File Path                            PID    Runtime      # DAGs    # Errors  Last Runtime    Last Run
-----------------------------------  -----  ---------  --------  ----------  --------------  -------------------
/opt/airflow/dags/sgfood_elt_dag.py                           1           0  -8.64s          2026-10-07T03:35:44
================================================================================
[2026-10-07T03:38:14.074+0000] {manager.py:469} INFO - Processing files using up to 1 processes at a time 
[2026-10-07T03:38:14.077+0000] {manager.py:470} INFO - Process each file at most once every 30 seconds
[2026-10-07T03:38:14.080+0000] {manager.py:471} INFO - Checking for new files in /opt/airflow/dags every 300 seconds
[2026-10-07T03:38:14.083+0000] {manager.py:738} INFO - Searching for files in /opt/airflow/dags
[2026-10-07T03:38:14.136+0000] {manager.py:741} INFO - There are 1 files in /opt/airflow/dags
[2026-10-07T03:38:23.781+0000] {manager.py:879} INFO - 
================================================================================
DAG File Processing Stats

File Path                            PID    Runtime      # DAGs    # Errors  Last Runtime    Last Run
-----------------------------------  -----  ---------  --------  ----------  --------------  -------------------
/opt/airflow/dags/sgfood_elt_dag.py                           1           0  9.16s           2026-10-07T03:38:23
================================================================================
[2026-10-07T03:38:43.336+0000] {manager.py:879} INFO - 
================================================================================
DAG File Processing Stats

File Path                            PID    Runtime      # DAGs    # Errors  Last Runtime    Last Run
-----------------------------------  -----  ---------  --------  ----------  --------------  -------------------
/opt/airflow/dags/sgfood_elt_dag.py                           1           0  9.16s           2026-10-07T03:38:23
================================================================================
[2026-10-07T03:41:40.301+0000] {manager.py:469} INFO - Processing files using up to 1 processes at a time 
[2026-10-07T03:41:40.305+0000] {manager.py:470} INFO - Process each file at most once every 30 seconds
[2026-10-07T03:41:40.309+0000] {manager.py:471} INFO - Checking for new files in /opt/airflow/dags every 300 seconds
[2026-10-07T03:41:40.314+0000] {manager.py:738} INFO - Searching for files in /opt/airflow/dags
[2026-10-07T03:41:40.425+0000] {manager.py:741} INFO - There are 1 files in /opt/airflow/dags
[2026-10-07T03:41:41.850+0000] {manager.py:879} INFO - 
================================================================================
DAG File Processing Stats

File Path                            PID    Runtime      # DAGs    # Errors  Last Runtime    Last Run
-----------------------------------  -----  ---------  --------  ----------  --------------  -------------------
/opt/airflow/dags/sgfood_elt_dag.py                           1           0  0.83s           2026-10-07T03:41:41
================================================================================
[2026-10-07T04:02:35.704+0000] {manager.py:469} INFO - Processing files using up to 1 processes at a time 
[2026-10-07T04:02:35.709+0000] {manager.py:470} INFO - Process each file at most once every 30 seconds
[2026-10-07T04:02:35.712+0000] {manager.py:471} INFO - Checking for new files in /opt/airflow/dags every 300 seconds
[2026-10-07T04:02:35.715+0000] {manager.py:738} INFO - Searching for files in /opt/airflow/dags
[2026-10-07T04:02:35.778+0000] {manager.py:741} INFO - There are 1 files in /opt/airflow/dags
[2026-10-07T04:02:36.994+0000] {manager.py:879} INFO - 
================================================================================
DAG File Processing Stats

File Path                            PID    Runtime      # DAGs    # Errors  Last Runtime    Last Run
-----------------------------------  -----  ---------  --------  ----------  --------------  -------------------
/opt/airflow/dags/sgfood_elt_dag.py                           1           0  0.73s           2026-10-07T04:02:36
================================================================================
[2026-10-07T04:12:03.044+0000] {manager.py:469} INFO - Processing files using up to 1 processes at a time 
[2026-10-07T04:12:03.048+0000] {manager.py:470} INFO - Process each file at most once every 30 seconds
[2026-10-07T04:12:03.053+0000] {manager.py:471} INFO - Checking for new files in /opt/airflow/dags every 300 seconds
[2026-10-07T04:12:03.058+0000] {manager.py:738} INFO - Searching for files in /opt/airflow/dags
[2026-10-07T04:12:03.114+0000] {manager.py:741} INFO - There are 1 files in /opt/airflow/dags
[2026-10-07T04:12:12.805+0000] {manager.py:879} INFO - 
================================================================================
DAG File Processing Stats

File Path                            PID    Runtime      # DAGs    # Errors  Last Runtime    Last Run
-----------------------------------  -----  ---------  --------  ----------  --------------  -------------------
/opt/airflow/dags/sgfood_elt_dag.py                           1           0  9.15s           2026-10-07T04:12:12
================================================================================
[2026-10-07T04:12:58.230+0000] {manager.py:879} INFO - 
================================================================================
DAG File Processing Stats

File Path                            PID    Runtime      # DAGs    # Errors  Last Runtime    Last Run
-----------------------------------  -----  ---------  --------  ----------  --------------  -------------------
/opt/airflow/dags/sgfood_elt_dag.py                           1           0  0.32s           2026-10-07T04:12:58
================================================================================
[2026-10-07T04:13:26.321+0000] {manager.py:879} INFO - 
================================================================================
DAG File Processing Stats

File Path                            PID    Runtime      # DAGs    # Errors  Last Runtime    Last Run
-----------------------------------  -----  ---------  --------  ----------  --------------  -------------------
/opt/airflow/dags/sgfood_elt_dag.py                           1           0  0.32s           2026-10-07T04:12:58
================================================================================
[2026-10-07T04:13:45.812+0000] {manager.py:879} INFO - 
================================================================================
DAG File Processing Stats

File Path                            PID    Runtime      # DAGs    # Errors  Last Runtime    Last Run
-----------------------------------  -----  ---------  --------  ----------  --------------  -------------------
/opt/airflow/dags/sgfood_elt_dag.py                           1           0  0.34s           2026-10-07T04:13:29
================================================================================
[2026-10-07T04:14:14.429+0000] {manager.py:879} INFO - 
================================================================================
DAG File Processing Stats

File Path                            PID    Runtime      # DAGs    # Errors  Last Runtime    Last Run
-----------------------------------  -----  ---------  --------  ----------  --------------  -------------------
/opt/airflow/dags/sgfood_elt_dag.py                           1           0  -8.69s          2026-10-07T04:13:53
================================================================================
[2026-10-07T04:14:42.264+0000] {manager.py:879} INFO - 
================================================================================
DAG File Processing Stats

File Path                            PID    Runtime      # DAGs    # Errors  Last Runtime    Last Run
-----------------------------------  -----  ---------  --------  ----------  --------------  -------------------
/opt/airflow/dags/sgfood_elt_dag.py                           1           0  -8.70s          2026-10-07T04:14:23
================================================================================
[2026-10-07T04:15:09.378+0000] {manager.py:879} INFO - 
================================================================================
DAG File Processing Stats

File Path                            PID    Runtime      # DAGs    # Errors  Last Runtime    Last Run
-----------------------------------  -----  ---------  --------  ----------  --------------  -------------------
/opt/airflow/dags/sgfood_elt_dag.py                           1           0  -8.69s          2026-10-07T04:14:48
================================================================================
[2026-10-07T04:15:37.318+0000] {manager.py:879} INFO - 
================================================================================
DAG File Processing Stats

File Path                            PID    Runtime      # DAGs    # Errors  Last Runtime    Last Run
-----------------------------------  -----  ---------  --------  ----------  --------------  -------------------
/opt/airflow/dags/sgfood_elt_dag.py                           1           0  -0.18s          2026-10-07T04:15:18
================================================================================
[2026-10-07T04:26:42.774+0000] {manager.py:469} INFO - Processing files using up to 1 processes at a time 
[2026-10-07T04:26:42.779+0000] {manager.py:470} INFO - Process each file at most once every 30 seconds
[2026-10-07T04:26:42.783+0000] {manager.py:471} INFO - Checking for new files in /opt/airflow/dags every 300 seconds
[2026-10-07T04:26:42.788+0000] {manager.py:738} INFO - Searching for files in /opt/airflow/dags
[2026-10-07T04:26:42.906+0000] {manager.py:741} INFO - There are 1 files in /opt/airflow/dags
[2026-10-07T04:26:43.991+0000] {manager.py:879} INFO - 
================================================================================
DAG File Processing Stats

File Path                            PID    Runtime      # DAGs    # Errors  Last Runtime    Last Run
-----------------------------------  -----  ---------  --------  ----------  --------------  -------------------
/opt/airflow/dags/sgfood_elt_dag.py                           1           0  0.66s           2026-10-07T04:26:43
================================================================================
[2026-10-07T04:27:29.508+0000] {manager.py:879} INFO - 
================================================================================
DAG File Processing Stats

File Path                            PID    Runtime      # DAGs    # Errors  Last Runtime    Last Run
-----------------------------------  -----  ---------  --------  ----------  --------------  -------------------
/opt/airflow/dags/sgfood_elt_dag.py                           1           0  0.34s           2026-10-07T04:27:29
================================================================================
[2026-10-07T04:27:56.535+0000] {manager.py:879} INFO - 
================================================================================
DAG File Processing Stats

File Path                            PID    Runtime      # DAGs    # Errors  Last Runtime    Last Run
-----------------------------------  -----  ---------  --------  ----------  --------------  -------------------
/opt/airflow/dags/sgfood_elt_dag.py                           1           0  -8.71s          2026-10-07T04:27:55
================================================================================
[2026-10-07T04:28:24.047+0000] {manager.py:879} INFO - 
================================================================================
DAG File Processing Stats

File Path                            PID    Runtime      # DAGs    # Errors  Last Runtime    Last Run
-----------------------------------  -----  ---------  --------  ----------  --------------  -------------------
/opt/airflow/dags/sgfood_elt_dag.py                           1           0  -8.72s          2026-10-07T04:28:20
================================================================================
[2026-10-07T04:28:52.072+0000] {manager.py:879} INFO - 
================================================================================
DAG File Processing Stats

File Path                            PID    Runtime      # DAGs    # Errors  Last Runtime    Last Run
-----------------------------------  -----  ---------  --------  ----------  --------------  -------------------
/opt/airflow/dags/sgfood_elt_dag.py                           1           0  0.45s           2026-10-07T04:28:50
================================================================================
[2026-10-07T04:29:19.671+0000] {manager.py:879} INFO - 
================================================================================
DAG File Processing Stats

File Path                            PID    Runtime      # DAGs    # Errors  Last Runtime    Last Run
-----------------------------------  -----  ---------  --------  ----------  --------------  -------------------
/opt/airflow/dags/sgfood_elt_dag.py                           1           0  0.45s           2026-10-07T04:28:50
================================================================================
[2026-10-07T04:29:47.473+0000] {manager.py:879} INFO - 
================================================================================
DAG File Processing Stats

File Path                            PID    Runtime      # DAGs    # Errors  Last Runtime    Last Run
-----------------------------------  -----  ---------  --------  ----------  --------------  -------------------
/opt/airflow/dags/sgfood_elt_dag.py                           1           0  0.34s           2026-10-07T04:29:22
================================================================================
[2026-10-07T04:30:15.431+0000] {manager.py:879} INFO - 
================================================================================
DAG File Processing Stats

File Path                            PID    Runtime      # DAGs    # Errors  Last Runtime    Last Run
-----------------------------------  -----  ---------  --------  ----------  --------------  -------------------
/opt/airflow/dags/sgfood_elt_dag.py                           1           0  0.32s           2026-10-07T04:29:53
================================================================================
[2026-10-07T04:30:42.826+0000] {manager.py:879} INFO - 
================================================================================
DAG File Processing Stats

File Path                            PID    Runtime      # DAGs    # Errors  Last Runtime    Last Run
-----------------------------------  -----  ---------  --------  ----------  --------------  -------------------
/opt/airflow/dags/sgfood_elt_dag.py                           1           0  0.34s           2026-10-07T04:30:23
================================================================================
[2026-10-07T04:31:10.502+0000] {manager.py:879} INFO - 
================================================================================
DAG File Processing Stats

File Path                            PID    Runtime      # DAGs    # Errors  Last Runtime    Last Run
-----------------------------------  -----  ---------  --------  ----------  --------------  -------------------
/opt/airflow/dags/sgfood_elt_dag.py                           1           0  0.33s           2026-10-07T04:30:55
================================================================================
[2026-10-07T04:31:44.540+0000] {manager.py:738} INFO - Searching for files in /opt/airflow/dags
[2026-10-07T04:31:35.541+0000] {manager.py:741} INFO - There are 1 files in /opt/airflow/dags
[2026-10-07T04:31:38.388+0000] {manager.py:879} INFO - 
================================================================================
DAG File Processing Stats

File Path                            PID    Runtime      # DAGs    # Errors  Last Runtime    Last Run
-----------------------------------  -----  ---------  --------  ----------  --------------  -------------------
/opt/airflow/dags/sgfood_elt_dag.py                           1           0  0.20s           2026-10-07T04:31:25
================================================================================
[2026-10-07T04:34:07.499+0000] {manager.py:469} INFO - Processing files using up to 1 processes at a time 
[2026-10-07T04:34:07.503+0000] {manager.py:470} INFO - Process each file at most once every 30 seconds
[2026-10-07T04:34:07.506+0000] {manager.py:471} INFO - Checking for new files in /opt/airflow/dags every 300 seconds
[2026-10-07T04:34:07.509+0000] {manager.py:738} INFO - Searching for files in /opt/airflow/dags
[2026-10-07T04:34:07.571+0000] {manager.py:741} INFO - There are 1 files in /opt/airflow/dags
[2026-10-07T04:34:08.469+0000] {manager.py:879} INFO - 
================================================================================
DAG File Processing Stats

File Path                            PID    Runtime      # DAGs    # Errors  Last Runtime    Last Run
-----------------------------------  -----  ---------  --------  ----------  --------------  -------------------
/opt/airflow/dags/sgfood_elt_dag.py                           1           0  -8.42s          2026-10-07T04:34:08
================================================================================
[2026-10-07T04:34:52.691+0000] {manager.py:879} INFO - 
================================================================================
DAG File Processing Stats

File Path                            PID    Runtime      # DAGs    # Errors  Last Runtime    Last Run
-----------------------------------  -----  ---------  --------  ----------  --------------  -------------------
/opt/airflow/dags/sgfood_elt_dag.py                           1           0  0.32s           2026-10-07T04:34:52
================================================================================
[2026-10-07T04:35:21.202+0000] {manager.py:879} INFO - 
================================================================================
DAG File Processing Stats

File Path                            PID    Runtime      # DAGs    # Errors  Last Runtime    Last Run
-----------------------------------  -----  ---------  --------  ----------  --------------  -------------------
/opt/airflow/dags/sgfood_elt_dag.py                           1           0  -8.65s          2026-10-07T04:35:21
================================================================================
[2026-10-07T04:35:48.833+0000] {manager.py:879} INFO - 
================================================================================
DAG File Processing Stats

File Path                            PID    Runtime      # DAGs    # Errors  Last Runtime    Last Run
-----------------------------------  -----  ---------  --------  ----------  --------------  -------------------
/opt/airflow/dags/sgfood_elt_dag.py                           1           0  -8.73s          2026-10-07T04:35:46
================================================================================
[2026-10-07T04:36:17.109+0000] {manager.py:879} INFO - 
================================================================================
DAG File Processing Stats

File Path                            PID    Runtime      # DAGs    # Errors  Last Runtime    Last Run
-----------------------------------  -----  ---------  --------  ----------  --------------  -------------------
/opt/airflow/dags/sgfood_elt_dag.py                           1           0  0.34s           2026-10-07T04:36:17
================================================================================
[2026-10-07T04:36:45.711+0000] {manager.py:879} INFO - 
================================================================================
DAG File Processing Stats

File Path                            PID    Runtime      # DAGs    # Errors  Last Runtime    Last Run
-----------------------------------  -----  ---------  --------  ----------  --------------  -------------------
/opt/airflow/dags/sgfood_elt_dag.py                           1           0  0.34s           2026-10-07T04:36:17
================================================================================
[2026-10-07T04:37:33.244+0000] {manager.py:879} INFO - 
================================================================================
DAG File Processing Stats

File Path                            PID    Runtime      # DAGs    # Errors  Last Runtime    Last Run
-----------------------------------  -----  ---------  --------  ----------  --------------  -------------------
/opt/airflow/dags/sgfood_elt_dag.py                           1           0  0.33s           2026-10-07T04:37:33
================================================================================
[2026-10-07T04:38:01.196+0000] {manager.py:879} INFO - 
================================================================================
DAG File Processing Stats

File Path                            PID    Runtime      # DAGs    # Errors  Last Runtime    Last Run
-----------------------------------  -----  ---------  --------  ----------  --------------  -------------------
/opt/airflow/dags/sgfood_elt_dag.py                           1           0  0.33s           2026-10-07T04:37:33
================================================================================
[2026-10-07T04:38:29.099+0000] {manager.py:879} INFO - 
================================================================================
DAG File Processing Stats

File Path                            PID    Runtime      # DAGs    # Errors  Last Runtime    Last Run
-----------------------------------  -----  ---------  --------  ----------  --------------  -------------------
/opt/airflow/dags/sgfood_elt_dag.py                           1           0  0.33s           2026-10-07T04:38:26
================================================================================
[2026-10-07T04:38:56.508+0000] {manager.py:879} INFO - 
================================================================================
DAG File Processing Stats

File Path                            PID    Runtime      # DAGs    # Errors  Last Runtime    Last Run
-----------------------------------  -----  ---------  --------  ----------  --------------  -------------------
/opt/airflow/dags/sgfood_elt_dag.py                           1           0  0.33s           2026-10-07T04:38:26
================================================================================
[2026-10-07T04:39:07.795+0000] {manager.py:738} INFO - Searching for files in /opt/airflow/dags
[2026-10-07T04:39:07.841+0000] {manager.py:741} INFO - There are 1 files in /opt/airflow/dags
[2026-10-07T04:39:24.427+0000] {manager.py:879} INFO - 
================================================================================
DAG File Processing Stats

File Path                            PID    Runtime      # DAGs    # Errors  Last Runtime    Last Run
-----------------------------------  -----  ---------  --------  ----------  --------------  -------------------
/opt/airflow/dags/sgfood_elt_dag.py                           1           0  0.34s           2026-10-07T04:38:57
================================================================================
[2026-10-07T04:39:51.850+0000] {manager.py:879} INFO - 
================================================================================
DAG File Processing Stats

File Path                            PID    Runtime      # DAGs    # Errors  Last Runtime    Last Run
-----------------------------------  -----  ---------  --------  ----------  --------------  -------------------
/opt/airflow/dags/sgfood_elt_dag.py                           1           0  0.33s           2026-10-07T04:39:29
================================================================================
[2026-10-07T04:40:19.883+0000] {manager.py:879} INFO - 
================================================================================
DAG File Processing Stats

File Path                            PID    Runtime      # DAGs    # Errors  Last Runtime    Last Run
-----------------------------------  -----  ---------  --------  ----------  --------------  -------------------
/opt/airflow/dags/sgfood_elt_dag.py                           1           0  0.32s           2026-10-07T04:39:56
================================================================================
[2026-10-07T04:40:47.501+0000] {manager.py:879} INFO - 
================================================================================
DAG File Processing Stats

File Path                            PID    Runtime      # DAGs    # Errors  Last Runtime    Last Run
-----------------------------------  -----  ---------  --------  ----------  --------------  -------------------
/opt/airflow/dags/sgfood_elt_dag.py                           1           0  0.33s           2026-10-07T04:40:28
================================================================================
[2026-10-07T04:41:15.446+0000] {manager.py:879} INFO - 
================================================================================
DAG File Processing Stats

File Path                            PID    Runtime      # DAGs    # Errors  Last Runtime    Last Run
-----------------------------------  -----  ---------  --------  ----------  --------------  -------------------
/opt/airflow/dags/sgfood_elt_dag.py                           1           0  0.33s           2026-10-07T04:40:58
================================================================================
[2026-10-07T04:41:43.140+0000] {manager.py:879} INFO - 
================================================================================
DAG File Processing Stats

File Path                            PID    Runtime      # DAGs    # Errors  Last Runtime    Last Run
-----------------------------------  -----  ---------  --------  ----------  --------------  -------------------
/opt/airflow/dags/sgfood_elt_dag.py                           1           0  -8.77s          2026-10-07T04:41:21
================================================================================
[2026-10-07T04:42:11.125+0000] {manager.py:879} INFO - 
================================================================================
DAG File Processing Stats

File Path                            PID    Runtime      # DAGs    # Errors  Last Runtime    Last Run
-----------------------------------  -----  ---------  --------  ----------  --------------  -------------------
/opt/airflow/dags/sgfood_elt_dag.py                           1           0  0.33s           2026-10-07T04:41:52
================================================================================
[2026-10-07T04:42:38.534+0000] {manager.py:879} INFO - 
================================================================================
DAG File Processing Stats

File Path                            PID    Runtime      # DAGs    # Errors  Last Runtime    Last Run
-----------------------------------  -----  ---------  --------  ----------  --------------  -------------------
/opt/airflow/dags/sgfood_elt_dag.py                           1           0  0.22s           2026-10-07T04:42:23
================================================================================
[2026-10-07T04:43:06.904+0000] {manager.py:879} INFO - 
================================================================================
DAG File Processing Stats

File Path                            PID    Runtime      # DAGs    # Errors  Last Runtime    Last Run
-----------------------------------  -----  ---------  --------  ----------  --------------  -------------------
/opt/airflow/dags/sgfood_elt_dag.py                           1           0  -8.76s          2026-10-07T04:42:46
================================================================================
[2026-10-07T04:43:34.468+0000] {manager.py:879} INFO - 
================================================================================
DAG File Processing Stats

File Path                            PID    Runtime      # DAGs    # Errors  Last Runtime    Last Run
-----------------------------------  -----  ---------  --------  ----------  --------------  -------------------
/opt/airflow/dags/sgfood_elt_dag.py                           1           0  0.34s           2026-10-07T04:43:17
================================================================================
[2026-10-07T04:44:10.926+0000] {manager.py:738} INFO - Searching for files in /opt/airflow/dags
[2026-10-07T04:44:01.888+0000] {manager.py:741} INFO - There are 1 files in /opt/airflow/dags
[2026-10-07T04:44:01.919+0000] {manager.py:879} INFO - 
================================================================================
DAG File Processing Stats

File Path                            PID    Runtime      # DAGs    # Errors  Last Runtime    Last Run
-----------------------------------  -----  ---------  --------  ----------  --------------  -------------------
/opt/airflow/dags/sgfood_elt_dag.py                           1           0  0.33s           2026-10-07T04:43:48
================================================================================
[2026-10-07T04:44:29.827+0000] {manager.py:879} INFO - 
================================================================================
DAG File Processing Stats

File Path                            PID    Runtime      # DAGs    # Errors  Last Runtime    Last Run
-----------------------------------  -----  ---------  --------  ----------  --------------  -------------------
/opt/airflow/dags/sgfood_elt_dag.py                           1           0  -8.76s          2026-10-07T04:44:17
================================================================================
[2026-10-07T04:44:57.206+0000] {manager.py:879} INFO - 
================================================================================
DAG File Processing Stats

File Path                            PID    Runtime      # DAGs    # Errors  Last Runtime    Last Run
-----------------------------------  -----  ---------  --------  ----------  --------------  -------------------
/opt/airflow/dags/sgfood_elt_dag.py                           1           0  0.33s           2026-10-07T04:44:48
================================================================================
[2026-10-07T04:45:25.067+0000] {manager.py:879} INFO - 
================================================================================
DAG File Processing Stats

File Path                            PID    Runtime      # DAGs    # Errors  Last Runtime    Last Run
-----------------------------------  -----  ---------  --------  ----------  --------------  -------------------
/opt/airflow/dags/sgfood_elt_dag.py                           1           0  -8.77s          2026-10-07T04:45:12
================================================================================
[2026-10-07T04:45:52.563+0000] {manager.py:879} INFO - 
================================================================================
DAG File Processing Stats

File Path                            PID    Runtime      # DAGs    # Errors  Last Runtime    Last Run
-----------------------------------  -----  ---------  --------  ----------  --------------  -------------------
/opt/airflow/dags/sgfood_elt_dag.py                           1           0  -8.65s          2026-10-07T04:45:37
================================================================================
[2026-10-07T04:46:20.578+0000] {manager.py:879} INFO - 
================================================================================
DAG File Processing Stats

File Path                            PID    Runtime      # DAGs    # Errors  Last Runtime    Last Run
-----------------------------------  -----  ---------  --------  ----------  --------------  -------------------
/opt/airflow/dags/sgfood_elt_dag.py                           1           0  0.34s           2026-10-07T04:46:08
================================================================================
[2026-10-07T04:46:48.063+0000] {manager.py:879} INFO - 
================================================================================
DAG File Processing Stats

File Path                            PID    Runtime      # DAGs    # Errors  Last Runtime    Last Run
-----------------------------------  -----  ---------  --------  ----------  --------------  -------------------
/opt/airflow/dags/sgfood_elt_dag.py                           1           0  -8.77s          2026-10-07T04:46:37
================================================================================
[2026-10-07T04:47:16.013+0000] {manager.py:879} INFO - 
================================================================================
DAG File Processing Stats

File Path                            PID    Runtime      # DAGs    # Errors  Last Runtime    Last Run
-----------------------------------  -----  ---------  --------  ----------  --------------  -------------------
/opt/airflow/dags/sgfood_elt_dag.py                           1           0  0.33s           2026-10-07T04:47:08
================================================================================
[2026-10-07T04:47:43.479+0000] {manager.py:879} INFO - 
================================================================================
DAG File Processing Stats

File Path                            PID    Runtime      # DAGs    # Errors  Last Runtime    Last Run
-----------------------------------  -----  ---------  --------  ----------  --------------  -------------------
/opt/airflow/dags/sgfood_elt_dag.py                           1           0  -8.77s          2026-10-07T04:47:37
================================================================================
[2026-10-07T04:48:11.519+0000] {manager.py:879} INFO - 
================================================================================
DAG File Processing Stats

File Path                            PID    Runtime      # DAGs    # Errors  Last Runtime    Last Run
-----------------------------------  -----  ---------  --------  ----------  --------------  -------------------
/opt/airflow/dags/sgfood_elt_dag.py                           1           0  0.43s           2026-10-07T04:48:09
================================================================================
[2026-10-07T04:48:39.010+0000] {manager.py:879} INFO - 
================================================================================
DAG File Processing Stats

File Path                            PID    Runtime      # DAGs    # Errors  Last Runtime    Last Run
-----------------------------------  -----  ---------  --------  ----------  --------------  -------------------
/opt/airflow/dags/sgfood_elt_dag.py                           1           0  0.43s           2026-10-07T04:48:09
================================================================================
[2026-10-07T04:49:07.020+0000] {manager.py:879} INFO - 
================================================================================
DAG File Processing Stats

File Path                            PID    Runtime      # DAGs    # Errors  Last Runtime    Last Run
-----------------------------------  -----  ---------  --------  ----------  --------------  -------------------
/opt/airflow/dags/sgfood_elt_dag.py                           1           0  0.33s           2026-10-07T04:48:40
================================================================================
[2026-10-07T04:49:11.427+0000] {manager.py:738} INFO - Searching for files in /opt/airflow/dags
[2026-10-07T04:49:11.482+0000] {manager.py:741} INFO - There are 1 files in /opt/airflow/dags
[2026-10-07T04:49:34.425+0000] {manager.py:879} INFO - 
================================================================================
DAG File Processing Stats

File Path                            PID    Runtime      # DAGs    # Errors  Last Runtime    Last Run
-----------------------------------  -----  ---------  --------  ----------  --------------  -------------------
/opt/airflow/dags/sgfood_elt_dag.py                           1           0  0.52s           2026-10-07T04:49:12
================================================================================
[2026-10-07T04:50:11.502+0000] {manager.py:879} INFO - 
================================================================================
DAG File Processing Stats

File Path                            PID    Runtime      # DAGs    # Errors  Last Runtime    Last Run
-----------------------------------  -----  ---------  --------  ----------  --------------  -------------------
/opt/airflow/dags/sgfood_elt_dag.py                           1           0  -8.69s          2026-10-07T04:49:42
================================================================================
[2026-10-07T04:50:30.258+0000] {manager.py:879} INFO - 
================================================================================
DAG File Processing Stats

File Path                            PID    Runtime      # DAGs    # Errors  Last Runtime    Last Run
-----------------------------------  -----  ---------  --------  ----------  --------------  -------------------
/opt/airflow/dags/sgfood_elt_dag.py                           1           0  0.43s           2026-10-07T04:50:22
================================================================================
[2026-10-07T04:51:06.740+0000] {manager.py:879} INFO - 
================================================================================
DAG File Processing Stats

File Path                            PID    Runtime      # DAGs    # Errors  Last Runtime    Last Run
-----------------------------------  -----  ---------  --------  ----------  --------------  -------------------
/opt/airflow/dags/sgfood_elt_dag.py                           1           0  -8.79s          2026-10-07T04:50:47
================================================================================
[2026-10-07T04:51:25.375+0000] {manager.py:879} INFO - 
================================================================================
DAG File Processing Stats

File Path                            PID    Runtime      # DAGs    # Errors  Last Runtime    Last Run
-----------------------------------  -----  ---------  --------  ----------  --------------  -------------------
/opt/airflow/dags/sgfood_elt_dag.py                           1           0  0.33s           2026-10-07T04:51:19
================================================================================
[2026-10-07T04:51:53.049+0000] {manager.py:879} INFO - 
================================================================================
DAG File Processing Stats

File Path                            PID    Runtime      # DAGs    # Errors  Last Runtime    Last Run
-----------------------------------  -----  ---------  --------  ----------  --------------  -------------------
/opt/airflow/dags/sgfood_elt_dag.py                           1           0  -8.69s          2026-10-07T04:51:47
================================================================================
[2026-10-07T04:52:21.231+0000] {manager.py:879} INFO - 
================================================================================
DAG File Processing Stats

File Path                            PID    Runtime      # DAGs    # Errors  Last Runtime    Last Run
-----------------------------------  -----  ---------  --------  ----------  --------------  -------------------
/opt/airflow/dags/sgfood_elt_dag.py                           1           0  0.34s           2026-10-07T04:52:19
================================================================================
[2026-10-07T04:52:48.465+0000] {manager.py:879} INFO - 
================================================================================
DAG File Processing Stats

File Path                            PID    Runtime      # DAGs    # Errors  Last Runtime    Last Run
-----------------------------------  -----  ---------  --------  ----------  --------------  -------------------
/opt/airflow/dags/sgfood_elt_dag.py                           1           0  0.32s           2026-10-07T04:52:43
================================================================================
[2026-10-07T04:53:16.491+0000] {manager.py:879} INFO - 
================================================================================
DAG File Processing Stats

File Path                            PID    Runtime      # DAGs    # Errors  Last Runtime    Last Run
-----------------------------------  -----  ---------  --------  ----------  --------------  -------------------
/opt/airflow/dags/sgfood_elt_dag.py                           1           0  -8.78s          2026-10-07T04:53:14
================================================================================
[2026-10-07T04:53:43.627+0000] {manager.py:879} INFO - 
================================================================================
DAG File Processing Stats

File Path                            PID    Runtime      # DAGs    # Errors  Last Runtime    Last Run
-----------------------------------  -----  ---------  --------  ----------  --------------  -------------------
/opt/airflow/dags/sgfood_elt_dag.py                           1           0  -8.78s          2026-10-07T04:53:14
================================================================================
[2026-10-07T04:54:17.005+0000] {manager.py:738} INFO - Searching for files in /opt/airflow/dags
[2026-10-07T04:54:07.947+0000] {manager.py:741} INFO - There are 1 files in /opt/airflow/dags
[2026-10-07T04:54:11.600+0000] {manager.py:879} INFO - 
================================================================================
DAG File Processing Stats

File Path                            PID    Runtime      # DAGs    # Errors  Last Runtime    Last Run
-----------------------------------  -----  ---------  --------  ----------  --------------  -------------------
/opt/airflow/dags/sgfood_elt_dag.py                           1           0  0.31s           2026-10-07T04:53:45
================================================================================
[2026-10-07T04:54:38.989+0000] {manager.py:879} INFO - 
================================================================================
DAG File Processing Stats

File Path                            PID    Runtime      # DAGs    # Errors  Last Runtime    Last Run
-----------------------------------  -----  ---------  --------  ----------  --------------  -------------------
/opt/airflow/dags/sgfood_elt_dag.py                           1           0  0.34s           2026-10-07T04:54:16
================================================================================
[2026-10-07T04:55:06.662+0000] {manager.py:879} INFO - 
================================================================================
DAG File Processing Stats

File Path                            PID    Runtime      # DAGs    # Errors  Last Runtime    Last Run
-----------------------------------  -----  ---------  --------  ----------  --------------  -------------------
/opt/airflow/dags/sgfood_elt_dag.py                           1           0  0.32s           2026-10-07T04:54:46
================================================================================
[2026-10-07T04:55:33.952+0000] {manager.py:879} INFO - 
================================================================================
DAG File Processing Stats

File Path                            PID    Runtime      # DAGs    # Errors  Last Runtime    Last Run
-----------------------------------  -----  ---------  --------  ----------  --------------  -------------------
/opt/airflow/dags/sgfood_elt_dag.py                           1           0  -8.78s          2026-10-07T04:55:13
================================================================================
[2026-10-07T04:56:01.845+0000] {manager.py:879} INFO - 
================================================================================
DAG File Processing Stats

File Path                            PID    Runtime      # DAGs    # Errors  Last Runtime    Last Run
-----------------------------------  -----  ---------  --------  ----------  --------------  -------------------
/opt/airflow/dags/sgfood_elt_dag.py                           1           0  -8.80s          2026-10-07T04:55:43
================================================================================
[2026-10-07T04:56:29.297+0000] {manager.py:879} INFO - 
================================================================================
DAG File Processing Stats

File Path                            PID    Runtime      # DAGs    # Errors  Last Runtime    Last Run
-----------------------------------  -----  ---------  --------  ----------  --------------  -------------------
/opt/airflow/dags/sgfood_elt_dag.py                           1           0  0.31s           2026-10-07T04:56:14
================================================================================
[2026-10-07T04:56:57.104+0000] {manager.py:879} INFO - 
================================================================================
DAG File Processing Stats

File Path                            PID    Runtime      # DAGs    # Errors  Last Runtime    Last Run
-----------------------------------  -----  ---------  --------  ----------  --------------  -------------------
/opt/airflow/dags/sgfood_elt_dag.py                           1           0  -8.80s          2026-10-07T04:56:43
================================================================================
[2026-10-07T04:57:24.315+0000] {manager.py:879} INFO - 
================================================================================
DAG File Processing Stats

File Path                            PID    Runtime      # DAGs    # Errors  Last Runtime    Last Run
-----------------------------------  -----  ---------  --------  ----------  --------------  -------------------
/opt/airflow/dags/sgfood_elt_dag.py                           1           0  -0.08s          2026-10-07T04:57:13
================================================================================
[2026-10-07T04:57:52.074+0000] {manager.py:879} INFO - 
================================================================================
DAG File Processing Stats

File Path                            PID    Runtime      # DAGs    # Errors  Last Runtime    Last Run
-----------------------------------  -----  ---------  --------  ----------  --------------  -------------------
/opt/airflow/dags/sgfood_elt_dag.py                           1           0  0.32s           2026-10-07T04:57:44
================================================================================
[2026-10-07T04:58:19.169+0000] {manager.py:879} INFO - 
================================================================================
DAG File Processing Stats

File Path                            PID    Runtime      # DAGs    # Errors  Last Runtime    Last Run
-----------------------------------  -----  ---------  --------  ----------  --------------  -------------------
/opt/airflow/dags/sgfood_elt_dag.py                           1           0  0.32s           2026-10-07T04:58:15
================================================================================
[2026-10-07T04:58:46.954+0000] {manager.py:879} INFO - 
================================================================================
DAG File Processing Stats

File Path                            PID    Runtime      # DAGs    # Errors  Last Runtime    Last Run
-----------------------------------  -----  ---------  --------  ----------  --------------  -------------------
/opt/airflow/dags/sgfood_elt_dag.py                           1           0  0.31s           2026-10-07T04:58:46
================================================================================
[2026-10-07T04:59:17.910+0000] {manager.py:738} INFO - Searching for files in /opt/airflow/dags
[2026-10-07T04:59:17.961+0000] {manager.py:741} INFO - There are 1 files in /opt/airflow/dags
[2026-10-07T04:59:14.193+0000] {manager.py:879} INFO - 
================================================================================
DAG File Processing Stats

File Path                            PID    Runtime      # DAGs    # Errors  Last Runtime    Last Run
-----------------------------------  -----  ---------  --------  ----------  --------------  -------------------
/opt/airflow/dags/sgfood_elt_dag.py                           1           0  -8.81s          2026-10-07T04:59:09
================================================================================
[2026-10-07T04:59:41.889+0000] {manager.py:879} INFO - 
================================================================================
DAG File Processing Stats

File Path                            PID    Runtime      # DAGs    # Errors  Last Runtime    Last Run
-----------------------------------  -----  ---------  --------  ----------  --------------  -------------------
/opt/airflow/dags/sgfood_elt_dag.py                           1           0  -8.80s          2026-10-07T04:59:33
================================================================================
[2026-10-07T05:00:09.111+0000] {manager.py:879} INFO - 
================================================================================
DAG File Processing Stats

File Path                            PID    Runtime      # DAGs    # Errors  Last Runtime    Last Run
-----------------------------------  -----  ---------  --------  ----------  --------------  -------------------
/opt/airflow/dags/sgfood_elt_dag.py                           1           0  -8.82s          2026-10-07T04:59:58
================================================================================
[2026-10-07T05:00:36.803+0000] {manager.py:879} INFO - 
================================================================================
DAG File Processing Stats

File Path                            PID    Runtime      # DAGs    # Errors  Last Runtime    Last Run
-----------------------------------  -----  ---------  --------  ----------  --------------  -------------------
/opt/airflow/dags/sgfood_elt_dag.py                           1           0  0.33s           2026-10-07T05:00:30
================================================================================
[2026-10-07T05:01:03.910+0000] {manager.py:879} INFO - 
================================================================================
DAG File Processing Stats

File Path                            PID    Runtime      # DAGs    # Errors  Last Runtime    Last Run
-----------------------------------  -----  ---------  --------  ----------  --------------  -------------------
/opt/airflow/dags/sgfood_elt_dag.py                           1           0  -8.81s          2026-10-07T05:00:53
================================================================================
[2026-10-07T05:01:31.790+0000] {manager.py:879} INFO - 
================================================================================
DAG File Processing Stats

File Path                            PID    Runtime      # DAGs    # Errors  Last Runtime    Last Run
-----------------------------------  -----  ---------  --------  ----------  --------------  -------------------
/opt/airflow/dags/sgfood_elt_dag.py                           1           0  0.34s           2026-10-07T05:01:24
================================================================================
[2026-10-07T05:01:59.002+0000] {manager.py:879} INFO - 
================================================================================
DAG File Processing Stats

File Path                            PID    Runtime      # DAGs    # Errors  Last Runtime    Last Run
-----------------------------------  -----  ---------  --------  ----------  --------------  -------------------
/opt/airflow/dags/sgfood_elt_dag.py                           1           0  0.33s           2026-10-07T05:01:49
================================================================================
[2026-10-07T05:02:26.752+0000] {manager.py:879} INFO - 
================================================================================
DAG File Processing Stats

File Path                            PID    Runtime      # DAGs    # Errors  Last Runtime    Last Run
-----------------------------------  -----  ---------  --------  ----------  --------------  -------------------
/opt/airflow/dags/sgfood_elt_dag.py                           1           0  0.34s           2026-10-07T05:02:19
================================================================================
[2026-10-07T05:02:53.968+0000] {manager.py:879} INFO - 
================================================================================
DAG File Processing Stats

File Path                            PID    Runtime      # DAGs    # Errors  Last Runtime    Last Run
-----------------------------------  -----  ---------  --------  ----------  --------------  -------------------
/opt/airflow/dags/sgfood_elt_dag.py                           1           0  0.34s           2026-10-07T05:02:50
================================================================================
[2026-10-07T05:03:21.641+0000] {manager.py:879} INFO - 
================================================================================
DAG File Processing Stats

File Path                            PID    Runtime      # DAGs    # Errors  Last Runtime    Last Run
-----------------------------------  -----  ---------  --------  ----------  --------------  -------------------
/opt/airflow/dags/sgfood_elt_dag.py                           1           0  0.33s           2026-10-07T05:03:20
================================================================================
[2026-10-07T05:03:49.106+0000] {manager.py:879} INFO - 
================================================================================
DAG File Processing Stats

File Path                            PID    Runtime      # DAGs    # Errors  Last Runtime    Last Run
-----------------------------------  -----  ---------  --------  ----------  --------------  -------------------
/opt/airflow/dags/sgfood_elt_dag.py                           1           0  -8.82s          2026-10-07T05:03:49
================================================================================
[2026-10-07T05:04:16.862+0000] {manager.py:879} INFO - 
================================================================================
DAG File Processing Stats

File Path                            PID    Runtime      # DAGs    # Errors  Last Runtime    Last Run
-----------------------------------  -----  ---------  --------  ----------  --------------  -------------------
/opt/airflow/dags/sgfood_elt_dag.py                           1           0  -8.82s          2026-10-07T05:03:49
================================================================================
[2026-10-07T05:04:17.955+0000] {manager.py:738} INFO - Searching for files in /opt/airflow/dags
[2026-10-07T05:04:18.004+0000] {manager.py:741} INFO - There are 1 files in /opt/airflow/dags
[2026-10-07T05:04:53.076+0000] {manager.py:879} INFO - 
================================================================================
DAG File Processing Stats

File Path                            PID    Runtime      # DAGs    # Errors  Last Runtime    Last Run
-----------------------------------  -----  ---------  --------  ----------  --------------  -------------------
/opt/airflow/dags/sgfood_elt_dag.py                           1           0  8.96s           2026-10-07T05:04:28
================================================================================
[2026-10-07T05:05:11.776+0000] {manager.py:879} INFO - 
================================================================================
DAG File Processing Stats

File Path                            PID    Runtime      # DAGs    # Errors  Last Runtime    Last Run
-----------------------------------  -----  ---------  --------  ----------  --------------  -------------------
/opt/airflow/dags/sgfood_elt_dag.py                           1           0  0.33s           2026-10-07T05:04:58
================================================================================
[2026-10-07T05:05:48.141+0000] {manager.py:879} INFO - 
================================================================================
DAG File Processing Stats

File Path                            PID    Runtime      # DAGs    # Errors  Last Runtime    Last Run
-----------------------------------  -----  ---------  --------  ----------  --------------  -------------------
/opt/airflow/dags/sgfood_elt_dag.py                           1           0  0.33s           2026-10-07T05:05:28
================================================================================
[2026-10-07T05:06:12.000+0000] {manager.py:879} INFO - 
================================================================================
DAG File Processing Stats

File Path                            PID    Runtime      # DAGs    # Errors  Last Runtime    Last Run
-----------------------------------  -----  ---------  --------  ----------  --------------  -------------------
/opt/airflow/dags/sgfood_elt_dag.py                           1           0  0.35s           2026-10-07T05:06:11
================================================================================
[2026-10-07T05:06:40.107+0000] {manager.py:879} INFO - 
================================================================================
DAG File Processing Stats

File Path                            PID    Runtime      # DAGs    # Errors  Last Runtime    Last Run
-----------------------------------  -----  ---------  --------  ----------  --------------  -------------------
/opt/airflow/dags/sgfood_elt_dag.py                           1           0  0.35s           2026-10-07T05:06:11
================================================================================
[2026-10-07T05:07:07.873+0000] {manager.py:879} INFO - 
================================================================================
DAG File Processing Stats

File Path                            PID    Runtime      # DAGs    # Errors  Last Runtime    Last Run
-----------------------------------  -----  ---------  --------  ----------  --------------  -------------------
/opt/airflow/dags/sgfood_elt_dag.py                           1           0  0.33s           2026-10-07T05:06:42
================================================================================
[2026-10-07T05:07:35.841+0000] {manager.py:879} INFO - 
================================================================================
DAG File Processing Stats

File Path                            PID    Runtime      # DAGs    # Errors  Last Runtime    Last Run
-----------------------------------  -----  ---------  --------  ----------  --------------  -------------------
/opt/airflow/dags/sgfood_elt_dag.py                           1           0  0.32s           2026-10-07T05:07:13
================================================================================
[2026-10-07T05:08:04.252+0000] {manager.py:879} INFO - 
================================================================================
DAG File Processing Stats

File Path                            PID    Runtime      # DAGs    # Errors  Last Runtime    Last Run
-----------------------------------  -----  ---------  --------  ----------  --------------  -------------------
/opt/airflow/dags/sgfood_elt_dag.py                           1           0  -8.84s          2026-10-07T05:07:44
================================================================================
[2026-10-07T05:08:31.483+0000] {manager.py:879} INFO - 
================================================================================
DAG File Processing Stats

File Path                            PID    Runtime      # DAGs    # Errors  Last Runtime    Last Run
-----------------------------------  -----  ---------  --------  ----------  --------------  -------------------
/opt/airflow/dags/sgfood_elt_dag.py                           1           0  -8.83s          2026-10-07T05:08:09
================================================================================
[2026-10-07T05:08:59.639+0000] {manager.py:879} INFO - 
================================================================================
DAG File Processing Stats

File Path                            PID    Runtime      # DAGs    # Errors  Last Runtime    Last Run
-----------------------------------  -----  ---------  --------  ----------  --------------  -------------------
/opt/airflow/dags/sgfood_elt_dag.py                           1           0  0.33s           2026-10-07T05:08:40
================================================================================
[2026-10-07T05:09:17.977+0000] {manager.py:738} INFO - Searching for files in /opt/airflow/dags
[2026-10-07T05:09:18.028+0000] {manager.py:741} INFO - There are 1 files in /opt/airflow/dags
[2026-10-07T05:09:27.176+0000] {manager.py:879} INFO - 
================================================================================
DAG File Processing Stats

File Path                            PID    Runtime      # DAGs    # Errors  Last Runtime    Last Run
-----------------------------------  -----  ---------  --------  ----------  --------------  -------------------
/opt/airflow/dags/sgfood_elt_dag.py                           1           0  -8.84s          2026-10-07T05:09:04
================================================================================
[2026-10-07T05:09:56.383+0000] {manager.py:879} INFO - 
================================================================================
DAG File Processing Stats

File Path                            PID    Runtime      # DAGs    # Errors  Last Runtime    Last Run
-----------------------------------  -----  ---------  --------  ----------  --------------  -------------------
/opt/airflow/dags/sgfood_elt_dag.py                           1           0  0.33s           2026-10-07T05:09:35
================================================================================
[2026-10-07T05:10:23.997+0000] {manager.py:879} INFO - 
================================================================================
DAG File Processing Stats

File Path                            PID    Runtime      # DAGs    # Errors  Last Runtime    Last Run
-----------------------------------  -----  ---------  --------  ----------  --------------  -------------------
/opt/airflow/dags/sgfood_elt_dag.py                           1           0  0.33s           2026-10-07T05:10:05
================================================================================
[2026-10-07T05:10:51.943+0000] {manager.py:879} INFO - 
================================================================================
DAG File Processing Stats

File Path                            PID    Runtime      # DAGs    # Errors  Last Runtime    Last Run
-----------------------------------  -----  ---------  --------  ----------  --------------  -------------------
/opt/airflow/dags/sgfood_elt_dag.py                           1           0  0.31s           2026-10-07T05:10:36
================================================================================
[2026-10-07T05:11:20.900+0000] {manager.py:879} INFO - 
================================================================================
DAG File Processing Stats

File Path                            PID    Runtime      # DAGs    # Errors  Last Runtime    Last Run
-----------------------------------  -----  ---------  --------  ----------  --------------  -------------------
/opt/airflow/dags/sgfood_elt_dag.py                           1           0  0.33s           2026-10-07T05:11:07
================================================================================
[2026-10-07T05:11:49.722+0000] {manager.py:879} INFO - 
================================================================================
DAG File Processing Stats

File Path                            PID    Runtime      # DAGs    # Errors  Last Runtime    Last Run
-----------------------------------  -----  ---------  --------  ----------  --------------  -------------------
/opt/airflow/dags/sgfood_elt_dag.py                           1           0  0.32s           2026-10-07T05:11:38
================================================================================
[2026-10-07T05:12:18.407+0000] {manager.py:879} INFO - 
================================================================================
DAG File Processing Stats

File Path                            PID    Runtime      # DAGs    # Errors  Last Runtime    Last Run
-----------------------------------  -----  ---------  --------  ----------  --------------  -------------------
/opt/airflow/dags/sgfood_elt_dag.py                           1           0  0.33s           2026-10-07T05:12:09
================================================================================
[2026-10-07T05:12:47.475+0000] {manager.py:879} INFO - 
================================================================================
DAG File Processing Stats

File Path                            PID    Runtime      # DAGs    # Errors  Last Runtime    Last Run
-----------------------------------  -----  ---------  --------  ----------  --------------  -------------------
/opt/airflow/dags/sgfood_elt_dag.py                           1           0  0.22s           2026-10-07T05:12:40
================================================================================
[2026-10-07T05:13:16.321+0000] {manager.py:879} INFO - 
================================================================================
DAG File Processing Stats

File Path                            PID    Runtime      # DAGs    # Errors  Last Runtime    Last Run
-----------------------------------  -----  ---------  --------  ----------  --------------  -------------------
/opt/airflow/dags/sgfood_elt_dag.py                           1           0  0.31s           2026-10-07T05:13:11
================================================================================
[2026-10-07T05:13:45.436+0000] {manager.py:879} INFO - 
================================================================================
DAG File Processing Stats

File Path                            PID    Runtime      # DAGs    # Errors  Last Runtime    Last Run
-----------------------------------  -----  ---------  --------  ----------  --------------  -------------------
/opt/airflow/dags/sgfood_elt_dag.py                           1           0  0.33s           2026-10-07T05:13:42
================================================================================
[2026-10-07T05:14:14.421+0000] {manager.py:879} INFO - 
================================================================================
DAG File Processing Stats

File Path                            PID    Runtime      # DAGs    # Errors  Last Runtime    Last Run
-----------------------------------  -----  ---------  --------  ----------  --------------  -------------------
/opt/airflow/dags/sgfood_elt_dag.py                           1           0  0.31s           2026-10-07T05:14:13
================================================================================
[2026-10-07T05:14:18.151+0000] {manager.py:738} INFO - Searching for files in /opt/airflow/dags
[2026-10-07T05:14:18.198+0000] {manager.py:741} INFO - There are 1 files in /opt/airflow/dags
[2026-10-07T05:14:43.824+0000] {manager.py:879} INFO - 
================================================================================
DAG File Processing Stats

File Path                            PID    Runtime      # DAGs    # Errors  Last Runtime    Last Run
-----------------------------------  -----  ---------  --------  ----------  --------------  -------------------
/opt/airflow/dags/sgfood_elt_dag.py                           1           0  0.31s           2026-10-07T05:14:43
================================================================================
[2026-10-07T05:15:12.735+0000] {manager.py:879} INFO - 
================================================================================
DAG File Processing Stats

File Path                            PID    Runtime      # DAGs    # Errors  Last Runtime    Last Run
-----------------------------------  -----  ---------  --------  ----------  --------------  -------------------
/opt/airflow/dags/sgfood_elt_dag.py                           1           0  0.31s           2026-10-07T05:14:43
================================================================================
[2026-10-07T05:15:41.994+0000] {manager.py:879} INFO - 
================================================================================
DAG File Processing Stats

File Path                            PID    Runtime      # DAGs    # Errors  Last Runtime    Last Run
-----------------------------------  -----  ---------  --------  ----------  --------------  -------------------
/opt/airflow/dags/sgfood_elt_dag.py                           1           0  0.33s           2026-10-07T05:15:14
================================================================================
[2026-10-07T05:16:11.023+0000] {manager.py:879} INFO - 
================================================================================
DAG File Processing Stats

File Path                            PID    Runtime      # DAGs    # Errors  Last Runtime    Last Run
-----------------------------------  -----  ---------  --------  ----------  --------------  -------------------
/opt/airflow/dags/sgfood_elt_dag.py                           1           0  0.43s           2026-10-07T05:15:45
================================================================================
[2026-10-07T05:16:40.137+0000] {manager.py:879} INFO - 
================================================================================
DAG File Processing Stats

File Path                            PID    Runtime      # DAGs    # Errors  Last Runtime    Last Run
-----------------------------------  -----  ---------  --------  ----------  --------------  -------------------
/opt/airflow/dags/sgfood_elt_dag.py                           1           0  0.31s           2026-10-07T05:16:16
================================================================================
[2026-10-07T05:17:09.153+0000] {manager.py:879} INFO - 
================================================================================
DAG File Processing Stats

File Path                            PID    Runtime      # DAGs    # Errors  Last Runtime    Last Run
-----------------------------------  -----  ---------  --------  ----------  --------------  -------------------
/opt/airflow/dags/sgfood_elt_dag.py                           1           0  -0.84s          2026-10-07T05:16:46
================================================================================
[2026-10-07T05:17:38.257+0000] {manager.py:879} INFO - 
================================================================================
DAG File Processing Stats

File Path                            PID    Runtime      # DAGs    # Errors  Last Runtime    Last Run
-----------------------------------  -----  ---------  --------  ----------  --------------  -------------------
/opt/airflow/dags/sgfood_elt_dag.py                           1           0  0.34s           2026-10-07T05:17:17
================================================================================
[2026-10-07T05:18:07.336+0000] {manager.py:879} INFO - 
================================================================================
DAG File Processing Stats

File Path                            PID    Runtime      # DAGs    # Errors  Last Runtime    Last Run
-----------------------------------  -----  ---------  --------  ----------  --------------  -------------------
/opt/airflow/dags/sgfood_elt_dag.py                           1           0  0.33s           2026-10-07T05:17:48
================================================================================
[2026-10-07T05:18:36.439+0000] {manager.py:879} INFO - 
================================================================================
DAG File Processing Stats

File Path                            PID    Runtime      # DAGs    # Errors  Last Runtime    Last Run
-----------------------------------  -----  ---------  --------  ----------  --------------  -------------------
/opt/airflow/dags/sgfood_elt_dag.py                           1           0  0.22s           2026-10-07T05:18:19
================================================================================
[2026-10-07T05:19:05.488+0000] {manager.py:879} INFO - 
================================================================================
DAG File Processing Stats

File Path                            PID    Runtime      # DAGs    # Errors  Last Runtime    Last Run
-----------------------------------  -----  ---------  --------  ----------  --------------  -------------------
/opt/airflow/dags/sgfood_elt_dag.py                           1           0  0.22s           2026-10-07T05:18:50
================================================================================
[2026-10-07T05:19:19.063+0000] {manager.py:738} INFO - Searching for files in /opt/airflow/dags
[2026-10-07T05:19:19.129+0000] {manager.py:741} INFO - There are 1 files in /opt/airflow/dags
[2026-10-07T05:19:34.571+0000] {manager.py:879} INFO - 
================================================================================
DAG File Processing Stats

File Path                            PID    Runtime      # DAGs    # Errors  Last Runtime    Last Run
-----------------------------------  -----  ---------  --------  ----------  --------------  -------------------
/opt/airflow/dags/sgfood_elt_dag.py                           1           0  0.32s           2026-10-07T05:19:21
================================================================================
[2026-10-07T05:20:03.979+0000] {manager.py:879} INFO - 
================================================================================
DAG File Processing Stats

File Path                            PID    Runtime      # DAGs    # Errors  Last Runtime    Last Run
-----------------------------------  -----  ---------  --------  ----------  --------------  -------------------
/opt/airflow/dags/sgfood_elt_dag.py                           1           0  0.32s           2026-10-07T05:19:52
================================================================================
[2026-10-07T05:20:33.483+0000] {manager.py:879} INFO - 
================================================================================
DAG File Processing Stats

File Path                            PID    Runtime      # DAGs    # Errors  Last Runtime    Last Run
-----------------------------------  -----  ---------  --------  ----------  --------------  -------------------
/opt/airflow/dags/sgfood_elt_dag.py                           1           0  0.31s           2026-10-07T05:20:23
================================================================================
[2026-10-07T05:21:03.285+0000] {manager.py:879} INFO - 
================================================================================
DAG File Processing Stats

File Path                            PID    Runtime      # DAGs    # Errors  Last Runtime    Last Run
-----------------------------------  -----  ---------  --------  ----------  --------------  -------------------
/opt/airflow/dags/sgfood_elt_dag.py                           1           0  0.31s           2026-10-07T05:20:54
================================================================================
[2026-10-07T05:21:33.014+0000] {manager.py:879} INFO - 
================================================================================
DAG File Processing Stats

File Path                            PID    Runtime      # DAGs    # Errors  Last Runtime    Last Run
-----------------------------------  -----  ---------  --------  ----------  --------------  -------------------
/opt/airflow/dags/sgfood_elt_dag.py                           1           0  0.31s           2026-10-07T05:21:24
================================================================================
[2026-10-07T05:22:03.002+0000] {manager.py:879} INFO - 
================================================================================
DAG File Processing Stats

File Path                            PID    Runtime      # DAGs    # Errors  Last Runtime    Last Run
-----------------------------------  -----  ---------  --------  ----------  --------------  -------------------
/opt/airflow/dags/sgfood_elt_dag.py                           1           0  0.32s           2026-10-07T05:21:55
================================================================================
[2026-10-07T05:22:32.909+0000] {manager.py:879} INFO - 
================================================================================
DAG File Processing Stats

File Path                            PID    Runtime      # DAGs    # Errors  Last Runtime    Last Run
-----------------------------------  -----  ---------  --------  ----------  --------------  -------------------
/opt/airflow/dags/sgfood_elt_dag.py                           1           0  0.31s           2026-10-07T05:22:25
================================================================================
[2026-10-07T05:23:02.794+0000] {manager.py:879} INFO - 
================================================================================
DAG File Processing Stats

File Path                            PID    Runtime      # DAGs    # Errors  Last Runtime    Last Run
-----------------------------------  -----  ---------  --------  ----------  --------------  -------------------
/opt/airflow/dags/sgfood_elt_dag.py                           1           0  0.32s           2026-10-07T05:22:55
================================================================================
[2026-10-07T05:23:32.643+0000] {manager.py:879} INFO - 
================================================================================
DAG File Processing Stats

File Path                            PID    Runtime      # DAGs    # Errors  Last Runtime    Last Run
-----------------------------------  -----  ---------  --------  ----------  --------------  -------------------
/opt/airflow/dags/sgfood_elt_dag.py                           1           0  0.31s           2026-10-07T05:23:27
================================================================================
[2026-10-07T05:24:02.557+0000] {manager.py:879} INFO - 
================================================================================
DAG File Processing Stats

File Path                            PID    Runtime      # DAGs    # Errors  Last Runtime    Last Run
-----------------------------------  -----  ---------  --------  ----------  --------------  -------------------
/opt/airflow/dags/sgfood_elt_dag.py                           1           0  0.31s           2026-10-07T05:23:58
================================================================================
[2026-10-07T05:24:19.311+0000] {manager.py:738} INFO - Searching for files in /opt/airflow/dags
[2026-10-07T05:24:19.365+0000] {manager.py:741} INFO - There are 1 files in /opt/airflow/dags
[2026-10-07T05:24:32.342+0000] {manager.py:879} INFO - 
================================================================================
DAG File Processing Stats

File Path                            PID    Runtime      # DAGs    # Errors  Last Runtime    Last Run
-----------------------------------  -----  ---------  --------  ----------  --------------  -------------------
/opt/airflow/dags/sgfood_elt_dag.py                           1           0  0.32s           2026-10-07T05:24:29
================================================================================
[2026-10-07T05:25:02.392+0000] {manager.py:879} INFO - 
================================================================================
DAG File Processing Stats

File Path                            PID    Runtime      # DAGs    # Errors  Last Runtime    Last Run
-----------------------------------  -----  ---------  --------  ----------  --------------  -------------------
/opt/airflow/dags/sgfood_elt_dag.py                           1           0  0.22s           2026-10-07T05:25:00
================================================================================
[2026-10-07T05:25:32.393+0000] {manager.py:879} INFO - 
================================================================================
DAG File Processing Stats

File Path                            PID    Runtime      # DAGs    # Errors  Last Runtime    Last Run
-----------------------------------  -----  ---------  --------  ----------  --------------  -------------------
/opt/airflow/dags/sgfood_elt_dag.py                           1           0  0.31s           2026-10-07T05:25:31
================================================================================
[2026-10-07T05:26:02.467+0000] {manager.py:879} INFO - 
================================================================================
DAG File Processing Stats

File Path                            PID    Runtime      # DAGs    # Errors  Last Runtime    Last Run
-----------------------------------  -----  ---------  --------  ----------  --------------  -------------------
/opt/airflow/dags/sgfood_elt_dag.py                           1           0  0.31s           2026-10-07T05:26:02
================================================================================
[2026-10-07T05:26:32.825+0000] {manager.py:879} INFO - 
================================================================================
DAG File Processing Stats

File Path                            PID    Runtime      # DAGs    # Errors  Last Runtime    Last Run
-----------------------------------  -----  ---------  --------  ----------  --------------  -------------------
/opt/airflow/dags/sgfood_elt_dag.py                           1           0  0.31s           2026-10-07T05:26:32
================================================================================
[2026-10-07T05:27:03.354+0000] {manager.py:879} INFO - 
================================================================================
DAG File Processing Stats

File Path                            PID    Runtime      # DAGs    # Errors  Last Runtime    Last Run
-----------------------------------  -----  ---------  --------  ----------  --------------  -------------------
/opt/airflow/dags/sgfood_elt_dag.py                           1           0  0.41s           2026-10-07T05:27:03
================================================================================
[2026-10-07T05:27:33.725+0000] {manager.py:879} INFO - 
================================================================================
DAG File Processing Stats

File Path                            PID    Runtime      # DAGs    # Errors  Last Runtime    Last Run
-----------------------------------  -----  ---------  --------  ----------  --------------  -------------------
/opt/airflow/dags/sgfood_elt_dag.py                           1           0  0.31s           2026-10-07T05:27:33
================================================================================
[2026-10-07T05:28:04.103+0000] {manager.py:879} INFO - 
================================================================================
DAG File Processing Stats

File Path                            PID    Runtime      # DAGs    # Errors  Last Runtime    Last Run
-----------------------------------  -----  ---------  --------  ----------  --------------  -------------------
/opt/airflow/dags/sgfood_elt_dag.py                           1           0  0.31s           2026-10-07T05:28:04
================================================================================
[2026-10-07T05:28:34.535+0000] {manager.py:879} INFO - 
================================================================================
DAG File Processing Stats

File Path                            PID    Runtime      # DAGs    # Errors  Last Runtime    Last Run
-----------------------------------  -----  ---------  --------  ----------  --------------  -------------------
/opt/airflow/dags/sgfood_elt_dag.py                           1           0  0.31s           2026-10-07T05:28:34
================================================================================
[2026-10-07T05:29:04.975+0000] {manager.py:879} INFO - 
================================================================================
DAG File Processing Stats

File Path                            PID    Runtime      # DAGs    # Errors  Last Runtime    Last Run
-----------------------------------  -----  ---------  --------  ----------  --------------  -------------------
/opt/airflow/dags/sgfood_elt_dag.py                           1           0  0.31s           2026-10-07T05:29:04
================================================================================
[2026-10-07T05:29:20.014+0000] {manager.py:738} INFO - Searching for files in /opt/airflow/dags
[2026-10-07T05:29:20.105+0000] {manager.py:741} INFO - There are 1 files in /opt/airflow/dags
[2026-10-07T16:42:51.669+0000] {manager.py:469} INFO - Processing files using up to 1 processes at a time 
[2026-10-07T16:42:51.673+0000] {manager.py:470} INFO - Process each file at most once every 30 seconds
[2026-10-07T16:42:51.677+0000] {manager.py:471} INFO - Checking for new files in /opt/airflow/dags every 300 seconds
[2026-10-07T16:42:51.680+0000] {manager.py:738} INFO - Searching for files in /opt/airflow/dags
[2026-10-07T16:42:51.771+0000] {manager.py:741} INFO - There are 1 files in /opt/airflow/dags
[2026-10-07T16:42:53.337+0000] {manager.py:879} INFO - 
================================================================================
DAG File Processing Stats

File Path                            PID    Runtime      # DAGs    # Errors  Last Runtime    Last Run
-----------------------------------  -----  ---------  --------  ----------  --------------  -------------------
/opt/airflow/dags/sgfood_elt_dag.py                           1           0  0.53s           2026-10-07T16:42:53
================================================================================
[2026-10-07T16:43:21.150+0000] {manager.py:879} INFO - 
================================================================================
DAG File Processing Stats

File Path                            PID    Runtime      # DAGs    # Errors  Last Runtime    Last Run
-----------------------------------  -----  ---------  --------  ----------  --------------  -------------------
/opt/airflow/dags/sgfood_elt_dag.py                           1           0  0.53s           2026-10-07T16:42:53
================================================================================
[2026-10-07T16:43:49.123+0000] {manager.py:879} INFO - 
================================================================================
DAG File Processing Stats

File Path                            PID    Runtime      # DAGs    # Errors  Last Runtime    Last Run
-----------------------------------  -----  ---------  --------  ----------  --------------  -------------------
/opt/airflow/dags/sgfood_elt_dag.py                           1           0  0.72s           2026-10-07T16:43:24
================================================================================
[2026-10-07T16:44:17.326+0000] {manager.py:879} INFO - 
================================================================================
DAG File Processing Stats

File Path                            PID    Runtime      # DAGs    # Errors  Last Runtime    Last Run
-----------------------------------  -----  ---------  --------  ----------  --------------  -------------------
/opt/airflow/dags/sgfood_elt_dag.py                           1           0  0.54s           2026-10-07T16:43:55
================================================================================
[2026-10-07T16:44:45.397+0000] {manager.py:879} INFO - 
================================================================================
DAG File Processing Stats

File Path                            PID    Runtime      # DAGs    # Errors  Last Runtime    Last Run
-----------------------------------  -----  ---------  --------  ----------  --------------  -------------------
/opt/airflow/dags/sgfood_elt_dag.py                           1           0  0.53s           2026-10-07T16:44:26
================================================================================
[2026-10-07T16:45:11.192+0000] {manager.py:879} INFO - 
================================================================================
DAG File Processing Stats

File Path                            PID    Runtime      # DAGs    # Errors  Last Runtime    Last Run
-----------------------------------  -----  ---------  --------  ----------  --------------  -------------------
/opt/airflow/dags/sgfood_elt_dag.py                           1           0  0.43s           2026-10-07T16:44:57
================================================================================
[2026-10-07T16:45:39.184+0000] {manager.py:879} INFO - 
================================================================================
DAG File Processing Stats

File Path                            PID    Runtime      # DAGs    # Errors  Last Runtime    Last Run
-----------------------------------  -----  ---------  --------  ----------  --------------  -------------------
/opt/airflow/dags/sgfood_elt_dag.py                           1           0  0.33s           2026-10-07T16:45:27
================================================================================
[2026-10-07T16:46:06.766+0000] {manager.py:879} INFO - 
================================================================================
DAG File Processing Stats

File Path                            PID    Runtime      # DAGs    # Errors  Last Runtime    Last Run
-----------------------------------  -----  ---------  --------  ----------  --------------  -------------------
/opt/airflow/dags/sgfood_elt_dag.py                           1           0  0.46s           2026-10-07T16:45:59
================================================================================
[2026-10-07T16:46:35.063+0000] {manager.py:879} INFO - 
================================================================================
DAG File Processing Stats

File Path                            PID    Runtime      # DAGs    # Errors  Last Runtime    Last Run
-----------------------------------  -----  ---------  --------  ----------  --------------  -------------------
/opt/airflow/dags/sgfood_elt_dag.py                           1           0  0.57s           2026-10-07T16:46:30
================================================================================
[2026-10-07T16:47:03.004+0000] {manager.py:879} INFO - 
================================================================================
DAG File Processing Stats

File Path                            PID    Runtime      # DAGs    # Errors  Last Runtime    Last Run
-----------------------------------  -----  ---------  --------  ----------  --------------  -------------------
/opt/airflow/dags/sgfood_elt_dag.py                           1           0  0.43s           2026-10-07T16:47:01
================================================================================
[2026-10-07T16:47:30.932+0000] {manager.py:879} INFO - 
================================================================================
DAG File Processing Stats

File Path                            PID    Runtime      # DAGs    # Errors  Last Runtime    Last Run
-----------------------------------  -----  ---------  --------  ----------  --------------  -------------------
/opt/airflow/dags/sgfood_elt_dag.py                           1           0  0.43s           2026-10-07T16:47:01
================================================================================
[2026-10-07T16:47:52.002+0000] {manager.py:738} INFO - Searching for files in /opt/airflow/dags
[2026-10-07T16:47:52.172+0000] {manager.py:741} INFO - There are 1 files in /opt/airflow/dags
[2026-10-07T16:47:58.548+0000] {manager.py:879} INFO - 
================================================================================
DAG File Processing Stats

File Path                            PID    Runtime      # DAGs    # Errors  Last Runtime    Last Run
-----------------------------------  -----  ---------  --------  ----------  --------------  -------------------
/opt/airflow/dags/sgfood_elt_dag.py                           1           0  0.44s           2026-10-07T16:47:31
================================================================================
[2026-10-07T16:48:26.003+0000] {manager.py:879} INFO - 
================================================================================
DAG File Processing Stats

File Path                            PID    Runtime      # DAGs    # Errors  Last Runtime    Last Run
-----------------------------------  -----  ---------  --------  ----------  --------------  -------------------
/opt/airflow/dags/sgfood_elt_dag.py                           1           0  0.55s           2026-10-07T16:48:02
================================================================================
[2026-10-07T16:48:54.267+0000] {manager.py:879} INFO - 
================================================================================
DAG File Processing Stats

File Path                            PID    Runtime      # DAGs    # Errors  Last Runtime    Last Run
-----------------------------------  -----  ---------  --------  ----------  --------------  -------------------
/opt/airflow/dags/sgfood_elt_dag.py                           1           0  0.54s           2026-10-07T16:48:33
================================================================================
[2026-10-07T16:49:22.499+0000] {manager.py:879} INFO - 
================================================================================
DAG File Processing Stats

File Path                            PID    Runtime      # DAGs    # Errors  Last Runtime    Last Run
-----------------------------------  -----  ---------  --------  ----------  --------------  -------------------
/opt/airflow/dags/sgfood_elt_dag.py                           1           0  0.52s           2026-10-07T16:49:03
================================================================================
[2026-10-07T16:53:01.288+0000] {manager.py:469} INFO - Processing files using up to 1 processes at a time 
[2026-10-07T16:53:01.292+0000] {manager.py:470} INFO - Process each file at most once every 30 seconds
[2026-10-07T16:53:01.296+0000] {manager.py:471} INFO - Checking for new files in /opt/airflow/dags every 300 seconds
[2026-10-07T16:53:01.300+0000] {manager.py:738} INFO - Searching for files in /opt/airflow/dags
[2026-10-07T16:53:01.386+0000] {manager.py:741} INFO - There are 1 files in /opt/airflow/dags
[2026-10-07T16:53:03.300+0000] {manager.py:879} INFO - 
================================================================================
DAG File Processing Stats

File Path                            PID    Runtime      # DAGs    # Errors  Last Runtime    Last Run
-----------------------------------  -----  ---------  --------  ----------  --------------  -------------------
/opt/airflow/dags/sgfood_elt_dag.py                           1           0  0.95s           2026-10-07T16:53:03
================================================================================
[2026-10-07T16:53:37.850+0000] {manager.py:879} INFO - 
================================================================================
DAG File Processing Stats

File Path                            PID    Runtime      # DAGs    # Errors  Last Runtime    Last Run
-----------------------------------  -----  ---------  --------  ----------  --------------  -------------------
/opt/airflow/dags/sgfood_elt_dag.py                           1           0  0.44s           2026-10-07T16:53:37
================================================================================
[2026-10-07T16:54:12.845+0000] {manager.py:879} INFO - 
================================================================================
DAG File Processing Stats

File Path                            PID    Runtime      # DAGs    # Errors  Last Runtime    Last Run
-----------------------------------  -----  ---------  --------  ----------  --------------  -------------------
/opt/airflow/dags/sgfood_elt_dag.py                           1           0  0.42s           2026-10-07T16:54:12
================================================================================
[2026-10-07T16:54:42.815+0000] {manager.py:879} INFO - 
================================================================================
DAG File Processing Stats

File Path                            PID    Runtime      # DAGs    # Errors  Last Runtime    Last Run
-----------------------------------  -----  ---------  --------  ----------  --------------  -------------------
/opt/airflow/dags/sgfood_elt_dag.py                           1           0  0.42s           2026-10-07T16:54:12
================================================================================
[2026-10-07T16:55:10.229+0000] {manager.py:879} INFO - 
================================================================================
DAG File Processing Stats

File Path                            PID    Runtime      # DAGs    # Errors  Last Runtime    Last Run
-----------------------------------  -----  ---------  --------  ----------  --------------  -------------------
/opt/airflow/dags/sgfood_elt_dag.py                           1           0  0.53s           2026-10-07T16:54:44
================================================================================
[2026-10-07T16:55:37.792+0000] {manager.py:879} INFO - 
================================================================================
DAG File Processing Stats

File Path                            PID    Runtime      # DAGs    # Errors  Last Runtime    Last Run
-----------------------------------  -----  ---------  --------  ----------  --------------  -------------------
/opt/airflow/dags/sgfood_elt_dag.py                           1           0  -0.41s          2026-10-07T16:55:14
================================================================================
[2026-10-07T16:56:05.101+0000] {manager.py:879} INFO - 
================================================================================
DAG File Processing Stats

File Path                            PID    Runtime      # DAGs    # Errors  Last Runtime    Last Run
-----------------------------------  -----  ---------  --------  ----------  --------------  -------------------
/opt/airflow/dags/sgfood_elt_dag.py                           1           0  0.46s           2026-10-07T16:55:45
================================================================================
[2026-10-07T16:56:32.804+0000] {manager.py:879} INFO - 
================================================================================
DAG File Processing Stats

File Path                            PID    Runtime      # DAGs    # Errors  Last Runtime    Last Run
-----------------------------------  -----  ---------  --------  ----------  --------------  -------------------
/opt/airflow/dags/sgfood_elt_dag.py                           1           0  0.52s           2026-10-07T16:56:17
================================================================================
[2026-10-07T16:57:00.419+0000] {manager.py:879} INFO - 
================================================================================
DAG File Processing Stats

File Path                            PID    Runtime      # DAGs    # Errors  Last Runtime    Last Run
-----------------------------------  -----  ---------  --------  ----------  --------------  -------------------
/opt/airflow/dags/sgfood_elt_dag.py                           1           0  0.63s           2026-10-07T16:56:48
================================================================================
[2026-10-07T16:57:27.929+0000] {manager.py:879} INFO - 
================================================================================
DAG File Processing Stats

File Path                            PID    Runtime      # DAGs    # Errors  Last Runtime    Last Run
-----------------------------------  -----  ---------  --------  ----------  --------------  -------------------
/opt/airflow/dags/sgfood_elt_dag.py                           1           0  0.45s           2026-10-07T16:57:18
================================================================================
[2026-10-07T16:57:55.419+0000] {manager.py:879} INFO - 
================================================================================
DAG File Processing Stats

File Path                            PID    Runtime      # DAGs    # Errors  Last Runtime    Last Run
-----------------------------------  -----  ---------  --------  ----------  --------------  -------------------
/opt/airflow/dags/sgfood_elt_dag.py                           1           0  0.45s           2026-10-07T16:57:49
================================================================================
[2026-10-07T16:58:01.432+0000] {manager.py:738} INFO - Searching for files in /opt/airflow/dags
[2026-10-07T16:58:01.537+0000] {manager.py:741} INFO - There are 1 files in /opt/airflow/dags
[2026-10-07T16:58:22.869+0000] {manager.py:879} INFO - 
================================================================================
DAG File Processing Stats

File Path                            PID    Runtime      # DAGs    # Errors  Last Runtime    Last Run
-----------------------------------  -----  ---------  --------  ----------  --------------  -------------------
/opt/airflow/dags/sgfood_elt_dag.py                           1           0  0.53s           2026-10-07T16:58:20
================================================================================
[2026-10-07T16:58:50.587+0000] {manager.py:879} INFO - 
================================================================================
DAG File Processing Stats

File Path                            PID    Runtime      # DAGs    # Errors  Last Runtime    Last Run
-----------------------------------  -----  ---------  --------  ----------  --------------  -------------------
/opt/airflow/dags/sgfood_elt_dag.py                           1           0  0.44s           2026-10-07T16:58:50
================================================================================
[2026-10-07T16:59:17.872+0000] {manager.py:879} INFO - 
================================================================================
DAG File Processing Stats

File Path                            PID    Runtime      # DAGs    # Errors  Last Runtime    Last Run
-----------------------------------  -----  ---------  --------  ----------  --------------  -------------------
/opt/airflow/dags/sgfood_elt_dag.py                           1           0  0.44s           2026-10-07T16:58:50
================================================================================
[2026-10-07T16:59:45.586+0000] {manager.py:879} INFO - 
================================================================================
DAG File Processing Stats

File Path                            PID    Runtime      # DAGs    # Errors  Last Runtime    Last Run
-----------------------------------  -----  ---------  --------  ----------  --------------  -------------------
/opt/airflow/dags/sgfood_elt_dag.py                           1           0  -1.34s          2026-10-07T16:59:19
================================================================================
[2026-10-07T17:00:12.974+0000] {manager.py:879} INFO - 
================================================================================
DAG File Processing Stats

File Path                            PID    Runtime      # DAGs    # Errors  Last Runtime    Last Run
-----------------------------------  -----  ---------  --------  ----------  --------------  -------------------
/opt/airflow/dags/sgfood_elt_dag.py                           1           0  0.44s           2026-10-07T16:59:50
================================================================================
[2026-10-07T17:00:40.467+0000] {manager.py:879} INFO - 
================================================================================
DAG File Processing Stats

File Path                            PID    Runtime      # DAGs    # Errors  Last Runtime    Last Run
-----------------------------------  -----  ---------  --------  ----------  --------------  -------------------
/opt/airflow/dags/sgfood_elt_dag.py                           1           0  0.45s           2026-10-07T17:00:21
================================================================================
[2026-10-07T17:01:08.001+0000] {manager.py:879} INFO - 
================================================================================
DAG File Processing Stats

File Path                            PID    Runtime      # DAGs    # Errors  Last Runtime    Last Run
-----------------------------------  -----  ---------  --------  ----------  --------------  -------------------
/opt/airflow/dags/sgfood_elt_dag.py                           1           0  0.45s           2026-10-07T17:00:52
================================================================================
[2026-10-07T17:01:35.497+0000] {manager.py:879} INFO - 
================================================================================
DAG File Processing Stats

File Path                            PID    Runtime      # DAGs    # Errors  Last Runtime    Last Run
-----------------------------------  -----  ---------  --------  ----------  --------------  -------------------
/opt/airflow/dags/sgfood_elt_dag.py                           1           0  0.45s           2026-10-07T17:01:23
================================================================================
[2026-10-07T17:02:03.072+0000] {manager.py:879} INFO - 
================================================================================
DAG File Processing Stats

File Path                            PID    Runtime      # DAGs    # Errors  Last Runtime    Last Run
-----------------------------------  -----  ---------  --------  ----------  --------------  -------------------
/opt/airflow/dags/sgfood_elt_dag.py                           1           0  0.43s           2026-10-07T17:01:53
================================================================================
[2026-10-07T17:02:30.514+0000] {manager.py:879} INFO - 
================================================================================
DAG File Processing Stats

File Path                            PID    Runtime      # DAGs    # Errors  Last Runtime    Last Run
-----------------------------------  -----  ---------  --------  ----------  --------------  -------------------
/opt/airflow/dags/sgfood_elt_dag.py                           1           0  0.43s           2026-10-07T17:02:24
================================================================================
[2026-10-07T17:02:58.044+0000] {manager.py:879} INFO - 
================================================================================
DAG File Processing Stats

File Path                            PID    Runtime      # DAGs    # Errors  Last Runtime    Last Run
-----------------------------------  -----  ---------  --------  ----------  --------------  -------------------
/opt/airflow/dags/sgfood_elt_dag.py                           1           0  0.55s           2026-10-07T17:02:56
================================================================================
[2026-10-07T17:03:02.109+0000] {manager.py:738} INFO - Searching for files in /opt/airflow/dags
[2026-10-07T17:03:02.188+0000] {manager.py:741} INFO - There are 1 files in /opt/airflow/dags
[2026-10-07T17:03:25.552+0000] {manager.py:879} INFO - 
================================================================================
DAG File Processing Stats

File Path                            PID    Runtime      # DAGs    # Errors  Last Runtime    Last Run
-----------------------------------  -----  ---------  --------  ----------  --------------  -------------------
/opt/airflow/dags/sgfood_elt_dag.py                           1           0  0.55s           2026-10-07T17:02:56
================================================================================
[2026-10-07T17:03:53.026+0000] {manager.py:879} INFO - 
================================================================================
DAG File Processing Stats

File Path                            PID    Runtime      # DAGs    # Errors  Last Runtime    Last Run
-----------------------------------  -----  ---------  --------  ----------  --------------  -------------------
/opt/airflow/dags/sgfood_elt_dag.py                           1           0  0.52s           2026-10-07T17:03:27
================================================================================
[2026-10-07T17:04:20.595+0000] {manager.py:879} INFO - 
================================================================================
DAG File Processing Stats

File Path                            PID    Runtime      # DAGs    # Errors  Last Runtime    Last Run
-----------------------------------  -----  ---------  --------  ----------  --------------  -------------------
/opt/airflow/dags/sgfood_elt_dag.py                           1           0  0.44s           2026-10-07T17:03:58
================================================================================
[2026-10-07T17:04:47.978+0000] {manager.py:879} INFO - 
================================================================================
DAG File Processing Stats

File Path                            PID    Runtime      # DAGs    # Errors  Last Runtime    Last Run
-----------------------------------  -----  ---------  --------  ----------  --------------  -------------------
/opt/airflow/dags/sgfood_elt_dag.py                           1           0  0.64s           2026-10-07T17:04:29
================================================================================
[2026-10-07T17:05:16.022+0000] {manager.py:879} INFO - 
================================================================================
DAG File Processing Stats

File Path                            PID    Runtime      # DAGs    # Errors  Last Runtime    Last Run
-----------------------------------  -----  ---------  --------  ----------  --------------  -------------------
/opt/airflow/dags/sgfood_elt_dag.py                           1           0  0.63s           2026-10-07T17:05:01
================================================================================
[2026-10-07T17:05:43.686+0000] {manager.py:879} INFO - 
================================================================================
DAG File Processing Stats

File Path                            PID    Runtime      # DAGs    # Errors  Last Runtime    Last Run
-----------------------------------  -----  ---------  --------  ----------  --------------  -------------------
/opt/airflow/dags/sgfood_elt_dag.py                           1           0  0.43s           2026-10-07T17:05:31
================================================================================
[2026-10-07T17:06:08.523+0000] {manager.py:879} INFO - 
================================================================================
DAG File Processing Stats

File Path                            PID    Runtime      # DAGs    # Errors  Last Runtime    Last Run
-----------------------------------  -----  ---------  --------  ----------  --------------  -------------------
/opt/airflow/dags/sgfood_elt_dag.py                           1           0  0.55s           2026-10-07T17:06:03
================================================================================
[2026-10-07T17:06:36.031+0000] {manager.py:879} INFO - 
================================================================================
DAG File Processing Stats

File Path                            PID    Runtime      # DAGs    # Errors  Last Runtime    Last Run
-----------------------------------  -----  ---------  --------  ----------  --------------  -------------------
/opt/airflow/dags/sgfood_elt_dag.py                           1           0  0.54s           2026-10-07T17:06:34
================================================================================
[2026-10-07T17:07:03.507+0000] {manager.py:879} INFO - 
================================================================================
DAG File Processing Stats

File Path                            PID    Runtime      # DAGs    # Errors  Last Runtime    Last Run
-----------------------------------  -----  ---------  --------  ----------  --------------  -------------------
/opt/airflow/dags/sgfood_elt_dag.py                           1           0  0.44s           2026-10-07T17:07:04
================================================================================
[2026-10-07T17:07:30.930+0000] {manager.py:879} INFO - 
================================================================================
DAG File Processing Stats

File Path                            PID    Runtime      # DAGs    # Errors  Last Runtime    Last Run
-----------------------------------  -----  ---------  --------  ----------  --------------  -------------------
/opt/airflow/dags/sgfood_elt_dag.py                           1           0  0.44s           2026-10-07T17:07:04
================================================================================
[2026-10-07T17:07:58.408+0000] {manager.py:879} INFO - 
================================================================================
DAG File Processing Stats

File Path                            PID    Runtime      # DAGs    # Errors  Last Runtime    Last Run
-----------------------------------  -----  ---------  --------  ----------  --------------  -------------------
/opt/airflow/dags/sgfood_elt_dag.py                           1           0  0.44s           2026-10-07T17:07:35
================================================================================
[2026-10-07T17:08:02.544+0000] {manager.py:738} INFO - Searching for files in /opt/airflow/dags
[2026-10-07T17:08:02.631+0000] {manager.py:741} INFO - There are 1 files in /opt/airflow/dags
[2026-10-07T17:08:25.993+0000] {manager.py:879} INFO - 
================================================================================
DAG File Processing Stats

File Path                            PID    Runtime      # DAGs    # Errors  Last Runtime    Last Run
-----------------------------------  -----  ---------  --------  ----------  --------------  -------------------
/opt/airflow/dags/sgfood_elt_dag.py                           1           0  0.47s           2026-10-07T17:08:06
================================================================================
[2026-10-07T17:08:53.326+0000] {manager.py:879} INFO - 
================================================================================
DAG File Processing Stats

File Path                            PID    Runtime      # DAGs    # Errors  Last Runtime    Last Run
-----------------------------------  -----  ---------  --------  ----------  --------------  -------------------
/opt/airflow/dags/sgfood_elt_dag.py                           1           0  0.54s           2026-10-07T17:08:37
================================================================================
[2026-10-07T17:09:25.280+0000] {manager.py:879} INFO - 
================================================================================
DAG File Processing Stats

File Path                            PID    Runtime      # DAGs    # Errors  Last Runtime    Last Run
-----------------------------------  -----  ---------  --------  ----------  --------------  -------------------
/opt/airflow/dags/sgfood_elt_dag.py                           1           0  0.52s           2026-10-07T17:09:15
================================================================================
[2026-10-07T17:10:06.768+0000] {manager.py:879} INFO - 
================================================================================
DAG File Processing Stats

File Path                            PID    Runtime      # DAGs    # Errors  Last Runtime    Last Run
-----------------------------------  -----  ---------  --------  ----------  --------------  -------------------
/opt/airflow/dags/sgfood_elt_dag.py                           1           0  0.44s           2026-10-07T17:10:06
================================================================================
[2026-10-07T17:10:38.497+0000] {manager.py:879} INFO - 
================================================================================
DAG File Processing Stats

File Path                            PID    Runtime      # DAGs    # Errors  Last Runtime    Last Run
-----------------------------------  -----  ---------  --------  ----------  --------------  -------------------
/opt/airflow/dags/sgfood_elt_dag.py                           1           0  0.45s           2026-10-07T17:10:38
================================================================================
[2026-10-07T17:11:05.792+0000] {manager.py:879} INFO - 
================================================================================
DAG File Processing Stats

File Path                            PID    Runtime      # DAGs    # Errors  Last Runtime    Last Run
-----------------------------------  -----  ---------  --------  ----------  --------------  -------------------
/opt/airflow/dags/sgfood_elt_dag.py                           1           0  0.45s           2026-10-07T17:10:38
================================================================================
[2026-10-07T17:11:33.699+0000] {manager.py:879} INFO - 
================================================================================
DAG File Processing Stats

File Path                            PID    Runtime      # DAGs    # Errors  Last Runtime    Last Run
-----------------------------------  -----  ---------  --------  ----------  --------------  -------------------
/opt/airflow/dags/sgfood_elt_dag.py                           1           0  0.44s           2026-10-07T17:11:09
================================================================================
[2026-10-07T17:12:01.023+0000] {manager.py:879} INFO - 
================================================================================
DAG File Processing Stats

File Path                            PID    Runtime      # DAGs    # Errors  Last Runtime    Last Run
-----------------------------------  -----  ---------  --------  ----------  --------------  -------------------
/opt/airflow/dags/sgfood_elt_dag.py                           1           0  0.44s           2026-10-07T17:11:40
================================================================================
[2026-10-07T17:12:28.629+0000] {manager.py:879} INFO - 
================================================================================
DAG File Processing Stats

File Path                            PID    Runtime      # DAGs    # Errors  Last Runtime    Last Run
-----------------------------------  -----  ---------  --------  ----------  --------------  -------------------
/opt/airflow/dags/sgfood_elt_dag.py                           1           0  0.53s           2026-10-07T17:12:11
================================================================================
[2026-10-07T17:12:56.317+0000] {manager.py:879} INFO - 
================================================================================
DAG File Processing Stats

File Path                            PID    Runtime      # DAGs    # Errors  Last Runtime    Last Run
-----------------------------------  -----  ---------  --------  ----------  --------------  -------------------
/opt/airflow/dags/sgfood_elt_dag.py                           1           0  0.56s           2026-10-07T17:12:42
================================================================================
[2026-10-07T17:13:02.754+0000] {manager.py:738} INFO - Searching for files in /opt/airflow/dags
[2026-10-07T17:13:02.837+0000] {manager.py:741} INFO - There are 1 files in /opt/airflow/dags
[2026-10-07T17:13:23.825+0000] {manager.py:879} INFO - 
================================================================================
DAG File Processing Stats

File Path                            PID    Runtime      # DAGs    # Errors  Last Runtime    Last Run
-----------------------------------  -----  ---------  --------  ----------  --------------  -------------------
/opt/airflow/dags/sgfood_elt_dag.py                           1           0  0.44s           2026-10-07T17:13:13
================================================================================
[2026-10-07T17:13:51.346+0000] {manager.py:879} INFO - 
================================================================================
DAG File Processing Stats

File Path                            PID    Runtime      # DAGs    # Errors  Last Runtime    Last Run
-----------------------------------  -----  ---------  --------  ----------  --------------  -------------------
/opt/airflow/dags/sgfood_elt_dag.py                           1           0  0.45s           2026-10-07T17:13:44
================================================================================
[2026-10-07T17:14:18.824+0000] {manager.py:879} INFO - 
================================================================================
DAG File Processing Stats

File Path                            PID    Runtime      # DAGs    # Errors  Last Runtime    Last Run
-----------------------------------  -----  ---------  --------  ----------  --------------  -------------------
/opt/airflow/dags/sgfood_elt_dag.py                           1           0  0.46s           2026-10-07T17:14:14
================================================================================
[2026-10-07T17:14:46.860+0000] {manager.py:879} INFO - 
================================================================================
DAG File Processing Stats

File Path                            PID    Runtime      # DAGs    # Errors  Last Runtime    Last Run
-----------------------------------  -----  ---------  --------  ----------  --------------  -------------------
/opt/airflow/dags/sgfood_elt_dag.py                           1           0  0.54s           2026-10-07T17:14:45
================================================================================
[2026-10-07T17:15:14.457+0000] {manager.py:879} INFO - 
================================================================================
DAG File Processing Stats

File Path                            PID    Runtime      # DAGs    # Errors  Last Runtime    Last Run
-----------------------------------  -----  ---------  --------  ----------  --------------  -------------------
/opt/airflow/dags/sgfood_elt_dag.py                           1           0  0.54s           2026-10-07T17:14:45
================================================================================
[2026-10-07T17:15:41.722+0000] {manager.py:879} INFO - 
================================================================================
DAG File Processing Stats

File Path                            PID    Runtime      # DAGs    # Errors  Last Runtime    Last Run
-----------------------------------  -----  ---------  --------  ----------  --------------  -------------------
/opt/airflow/dags/sgfood_elt_dag.py                           1           0  -0.23s          2026-10-07T17:15:16
================================================================================
[2026-10-07T17:16:07.859+0000] {manager.py:879} INFO - 
================================================================================
DAG File Processing Stats

File Path                            PID    Runtime      # DAGs    # Errors  Last Runtime    Last Run
-----------------------------------  -----  ---------  --------  ----------  --------------  -------------------
/opt/airflow/dags/sgfood_elt_dag.py                           1           0  0.45s           2026-10-07T17:15:47
================================================================================
[2026-10-07T17:16:36.900+0000] {manager.py:879} INFO - 
================================================================================
DAG File Processing Stats

File Path                            PID    Runtime      # DAGs    # Errors  Last Runtime    Last Run
-----------------------------------  -----  ---------  --------  ----------  --------------  -------------------
/opt/airflow/dags/sgfood_elt_dag.py                           1           0  0.66s           2026-10-07T17:16:18
================================================================================
[2026-10-07T17:17:04.460+0000] {manager.py:879} INFO - 
================================================================================
DAG File Processing Stats

File Path                            PID    Runtime      # DAGs    # Errors  Last Runtime    Last Run
-----------------------------------  -----  ---------  --------  ----------  --------------  -------------------
/opt/airflow/dags/sgfood_elt_dag.py                           1           0  0.52s           2026-10-07T17:16:49
================================================================================
[2026-10-07T17:17:31.926+0000] {manager.py:879} INFO - 
================================================================================
DAG File Processing Stats

File Path                            PID    Runtime      # DAGs    # Errors  Last Runtime    Last Run
-----------------------------------  -----  ---------  --------  ----------  --------------  -------------------
/opt/airflow/dags/sgfood_elt_dag.py                           1           0  0.48s           2026-10-07T17:17:20
================================================================================
[2026-10-07T17:17:59.420+0000] {manager.py:879} INFO - 
================================================================================
DAG File Processing Stats

File Path                            PID    Runtime      # DAGs    # Errors  Last Runtime    Last Run
-----------------------------------  -----  ---------  --------  ----------  --------------  -------------------
/opt/airflow/dags/sgfood_elt_dag.py                           1           0  0.55s           2026-10-07T17:17:51
================================================================================
[2026-10-07T17:18:03.511+0000] {manager.py:738} INFO - Searching for files in /opt/airflow/dags
[2026-10-07T17:18:03.597+0000] {manager.py:741} INFO - There are 1 files in /opt/airflow/dags
[2026-10-07T17:18:26.889+0000] {manager.py:879} INFO - 
================================================================================
DAG File Processing Stats

File Path                            PID    Runtime      # DAGs    # Errors  Last Runtime    Last Run
-----------------------------------  -----  ---------  --------  ----------  --------------  -------------------
/opt/airflow/dags/sgfood_elt_dag.py                           1           0  0.44s           2026-10-07T17:18:22
================================================================================
[2026-10-07T17:18:54.282+0000] {manager.py:879} INFO - 
================================================================================
DAG File Processing Stats

File Path                            PID    Runtime      # DAGs    # Errors  Last Runtime    Last Run
-----------------------------------  -----  ---------  --------  ----------  --------------  -------------------
/opt/airflow/dags/sgfood_elt_dag.py                           1           0  0.46s           2026-10-07T17:18:52
================================================================================
[2026-10-07T17:19:21.918+0000] {manager.py:879} INFO - 
================================================================================
DAG File Processing Stats

File Path                            PID    Runtime      # DAGs    # Errors  Last Runtime    Last Run
-----------------------------------  -----  ---------  --------  ----------  --------------  -------------------
/opt/airflow/dags/sgfood_elt_dag.py                           1           0  0.46s           2026-10-07T17:18:52
================================================================================
[2026-10-07T17:19:49.734+0000] {manager.py:879} INFO - 
================================================================================
DAG File Processing Stats

File Path                            PID    Runtime      # DAGs    # Errors  Last Runtime    Last Run
-----------------------------------  -----  ---------  --------  ----------  --------------  -------------------
/opt/airflow/dags/sgfood_elt_dag.py                           1           0  -2.23s          2026-10-07T17:19:20
================================================================================
[2026-10-07T17:20:16.730+0000] {manager.py:879} INFO - 
================================================================================
DAG File Processing Stats

File Path                            PID    Runtime      # DAGs    # Errors  Last Runtime    Last Run
-----------------------------------  -----  ---------  --------  ----------  --------------  -------------------
/opt/airflow/dags/sgfood_elt_dag.py                           1           0  0.46s           2026-10-07T17:19:51
================================================================================
[2026-10-07T17:20:42.477+0000] {manager.py:879} INFO - 
================================================================================
DAG File Processing Stats

File Path                            PID    Runtime      # DAGs    # Errors  Last Runtime    Last Run
-----------------------------------  -----  ---------  --------  ----------  --------------  -------------------
/opt/airflow/dags/sgfood_elt_dag.py                           1           0  0.55s           2026-10-07T17:20:22
================================================================================
[2026-10-07T17:21:10.018+0000] {manager.py:879} INFO - 
================================================================================
DAG File Processing Stats

File Path                            PID    Runtime      # DAGs    # Errors  Last Runtime    Last Run
-----------------------------------  -----  ---------  --------  ----------  --------------  -------------------
/opt/airflow/dags/sgfood_elt_dag.py                           1           0  0.55s           2026-10-07T17:20:53
================================================================================
[2026-10-07T17:21:37.414+0000] {manager.py:879} INFO - 
================================================================================
DAG File Processing Stats

File Path                            PID    Runtime      # DAGs    # Errors  Last Runtime    Last Run
-----------------------------------  -----  ---------  --------  ----------  --------------  -------------------
/opt/airflow/dags/sgfood_elt_dag.py                           1           0  0.63s           2026-10-07T17:21:24
================================================================================
[2026-10-07T17:22:04.787+0000] {manager.py:879} INFO - 
================================================================================
DAG File Processing Stats

File Path                            PID    Runtime      # DAGs    # Errors  Last Runtime    Last Run
-----------------------------------  -----  ---------  --------  ----------  --------------  -------------------
/opt/airflow/dags/sgfood_elt_dag.py                           1           0  0.54s           2026-10-07T17:21:56
================================================================================
[2026-10-07T17:22:32.486+0000] {manager.py:879} INFO - 
================================================================================
DAG File Processing Stats

File Path                            PID    Runtime      # DAGs    # Errors  Last Runtime    Last Run
-----------------------------------  -----  ---------  --------  ----------  --------------  -------------------
/opt/airflow/dags/sgfood_elt_dag.py                           1           0  0.45s           2026-10-07T17:22:27
================================================================================
[2026-10-07T17:23:00.484+0000] {manager.py:879} INFO - 
================================================================================
DAG File Processing Stats

File Path                            PID    Runtime      # DAGs    # Errors  Last Runtime    Last Run
-----------------------------------  -----  ---------  --------  ----------  --------------  -------------------
/opt/airflow/dags/sgfood_elt_dag.py                           1           0  0.45s           2026-10-07T17:22:58
================================================================================
[2026-10-07T17:23:04.529+0000] {manager.py:738} INFO - Searching for files in /opt/airflow/dags
[2026-10-07T17:23:04.607+0000] {manager.py:741} INFO - There are 1 files in /opt/airflow/dags
[2026-10-07T17:23:28.451+0000] {manager.py:879} INFO - 
================================================================================
DAG File Processing Stats

File Path                            PID    Runtime      # DAGs    # Errors  Last Runtime    Last Run
-----------------------------------  -----  ---------  --------  ----------  --------------  -------------------
/opt/airflow/dags/sgfood_elt_dag.py                           1           0  0.45s           2026-10-07T17:22:58
================================================================================
[2026-10-07T17:23:56.412+0000] {manager.py:879} INFO - 
================================================================================
DAG File Processing Stats

File Path                            PID    Runtime      # DAGs    # Errors  Last Runtime    Last Run
-----------------------------------  -----  ---------  --------  ----------  --------------  -------------------
/opt/airflow/dags/sgfood_elt_dag.py                           1           0  0.67s           2026-10-07T17:23:29
================================================================================
[2026-10-07T17:24:24.204+0000] {manager.py:879} INFO - 
================================================================================
DAG File Processing Stats

File Path                            PID    Runtime      # DAGs    # Errors  Last Runtime    Last Run
-----------------------------------  -----  ---------  --------  ----------  --------------  -------------------
/opt/airflow/dags/sgfood_elt_dag.py                           1           0  0.44s           2026-10-07T17:24:00
================================================================================
[2026-10-07T17:24:52.028+0000] {manager.py:879} INFO - 
================================================================================
DAG File Processing Stats

File Path                            PID    Runtime      # DAGs    # Errors  Last Runtime    Last Run
-----------------------------------  -----  ---------  --------  ----------  --------------  -------------------
/opt/airflow/dags/sgfood_elt_dag.py                           1           0  0.44s           2026-10-07T17:24:32
================================================================================
[2026-10-07T17:25:20.042+0000] {manager.py:879} INFO - 
================================================================================
DAG File Processing Stats

File Path                            PID    Runtime      # DAGs    # Errors  Last Runtime    Last Run
-----------------------------------  -----  ---------  --------  ----------  --------------  -------------------
/opt/airflow/dags/sgfood_elt_dag.py                           1           0  0.44s           2026-10-07T17:25:02
================================================================================
[2026-10-07T17:25:47.713+0000] {manager.py:879} INFO - 
================================================================================
DAG File Processing Stats

File Path                            PID    Runtime      # DAGs    # Errors  Last Runtime    Last Run
-----------------------------------  -----  ---------  --------  ----------  --------------  -------------------
/opt/airflow/dags/sgfood_elt_dag.py                           1           0  0.43s           2026-10-07T17:25:33
================================================================================
[2026-10-07T17:26:14.996+0000] {manager.py:879} INFO - 
================================================================================
DAG File Processing Stats

File Path                            PID    Runtime      # DAGs    # Errors  Last Runtime    Last Run
-----------------------------------  -----  ---------  --------  ----------  --------------  -------------------
/opt/airflow/dags/sgfood_elt_dag.py                           1           0  0.44s           2026-10-07T17:26:05
================================================================================
[2026-10-07T17:26:42.834+0000] {manager.py:879} INFO - 
================================================================================
DAG File Processing Stats

File Path                            PID    Runtime      # DAGs    # Errors  Last Runtime    Last Run
-----------------------------------  -----  ---------  --------  ----------  --------------  -------------------
/opt/airflow/dags/sgfood_elt_dag.py                           1           0  0.45s           2026-10-07T17:26:35
================================================================================
[2026-10-07T17:27:10.826+0000] {manager.py:879} INFO - 
================================================================================
DAG File Processing Stats

File Path                            PID    Runtime      # DAGs    # Errors  Last Runtime    Last Run
-----------------------------------  -----  ---------  --------  ----------  --------------  -------------------
/opt/airflow/dags/sgfood_elt_dag.py                           1           0  -2.05s          2026-10-07T17:27:04
================================================================================
[2026-10-07T17:27:38.328+0000] {manager.py:879} INFO - 
================================================================================
DAG File Processing Stats

File Path                            PID    Runtime      # DAGs    # Errors  Last Runtime    Last Run
-----------------------------------  -----  ---------  --------  ----------  --------------  -------------------
/opt/airflow/dags/sgfood_elt_dag.py                           1           0  0.54s           2026-10-07T17:27:36
================================================================================
[2026-10-07T17:28:04.661+0000] {manager.py:738} INFO - Searching for files in /opt/airflow/dags
[2026-10-07T17:28:04.742+0000] {manager.py:741} INFO - There are 1 files in /opt/airflow/dags
[2026-10-07T17:28:05.887+0000] {manager.py:879} INFO - 
================================================================================
DAG File Processing Stats

File Path                            PID    Runtime      # DAGs    # Errors  Last Runtime    Last Run
-----------------------------------  -----  ---------  --------  ----------  --------------  -------------------
/opt/airflow/dags/sgfood_elt_dag.py                           1           0  0.54s           2026-10-07T17:27:36
================================================================================
[2026-10-07T17:28:33.558+0000] {manager.py:879} INFO - 
================================================================================
DAG File Processing Stats

File Path                            PID    Runtime      # DAGs    # Errors  Last Runtime    Last Run
-----------------------------------  -----  ---------  --------  ----------  --------------  -------------------
/opt/airflow/dags/sgfood_elt_dag.py                           1           0  0.64s           2026-10-07T17:28:07
================================================================================
[2026-10-07T17:29:01.120+0000] {manager.py:879} INFO - 
================================================================================
DAG File Processing Stats

File Path                            PID    Runtime      # DAGs    # Errors  Last Runtime    Last Run
-----------------------------------  -----  ---------  --------  ----------  --------------  -------------------
/opt/airflow/dags/sgfood_elt_dag.py                           1           0  0.55s           2026-10-07T17:28:38
================================================================================
[2026-10-07T17:29:28.543+0000] {manager.py:879} INFO - 
================================================================================
DAG File Processing Stats

File Path                            PID    Runtime      # DAGs    # Errors  Last Runtime    Last Run
-----------------------------------  -----  ---------  --------  ----------  --------------  -------------------
/opt/airflow/dags/sgfood_elt_dag.py                           1           0  0.47s           2026-10-07T17:29:09
================================================================================
[2026-10-07T17:29:56.071+0000] {manager.py:879} INFO - 
================================================================================
DAG File Processing Stats

File Path                            PID    Runtime      # DAGs    # Errors  Last Runtime    Last Run
-----------------------------------  -----  ---------  --------  ----------  --------------  -------------------
/opt/airflow/dags/sgfood_elt_dag.py                           1           0  0.54s           2026-10-07T17:29:40
================================================================================
[2026-10-07T17:30:25.809+0000] {manager.py:879} INFO - 
================================================================================
DAG File Processing Stats

File Path                            PID    Runtime      # DAGs    # Errors  Last Runtime    Last Run
-----------------------------------  -----  ---------  --------  ----------  --------------  -------------------
/opt/airflow/dags/sgfood_elt_dag.py                           1           0  0.56s           2026-10-07T17:30:11
================================================================================
[2026-10-07T17:30:51.476+0000] {manager.py:879} INFO - 
================================================================================
DAG File Processing Stats

File Path                            PID    Runtime      # DAGs    # Errors  Last Runtime    Last Run
-----------------------------------  -----  ---------  --------  ----------  --------------  -------------------
/opt/airflow/dags/sgfood_elt_dag.py                           1           0  0.44s           2026-10-07T17:30:42
================================================================================
[2026-10-07T17:31:19.120+0000] {manager.py:879} INFO - 
================================================================================
DAG File Processing Stats

File Path                            PID    Runtime      # DAGs    # Errors  Last Runtime    Last Run
-----------------------------------  -----  ---------  --------  ----------  --------------  -------------------
/opt/airflow/dags/sgfood_elt_dag.py                           1           0  0.53s           2026-10-07T17:31:13
================================================================================
[2026-10-07T17:31:46.605+0000] {manager.py:879} INFO - 
================================================================================
DAG File Processing Stats

File Path                            PID    Runtime      # DAGs    # Errors  Last Runtime    Last Run
-----------------------------------  -----  ---------  --------  ----------  --------------  -------------------
/opt/airflow/dags/sgfood_elt_dag.py                           1           0  0.44s           2026-10-07T17:31:44
================================================================================
[2026-10-07T17:32:14.941+0000] {manager.py:879} INFO - 
================================================================================
DAG File Processing Stats

File Path                            PID    Runtime      # DAGs    # Errors  Last Runtime    Last Run
-----------------------------------  -----  ---------  --------  ----------  --------------  -------------------
/opt/airflow/dags/sgfood_elt_dag.py                           1           0  0.53s           2026-10-07T17:32:14
================================================================================
[2026-10-07T17:32:42.539+0000] {manager.py:879} INFO - 
================================================================================
DAG File Processing Stats

File Path                            PID    Runtime      # DAGs    # Errors  Last Runtime    Last Run
-----------------------------------  -----  ---------  --------  ----------  --------------  -------------------
/opt/airflow/dags/sgfood_elt_dag.py                           1           0  0.53s           2026-10-07T17:32:14
================================================================================
[2026-10-07T17:33:05.097+0000] {manager.py:738} INFO - Searching for files in /opt/airflow/dags
[2026-10-07T17:33:05.190+0000] {manager.py:741} INFO - There are 1 files in /opt/airflow/dags
[2026-10-07T17:33:10.051+0000] {manager.py:879} INFO - 
================================================================================
DAG File Processing Stats

File Path                            PID    Runtime      # DAGs    # Errors  Last Runtime    Last Run
-----------------------------------  -----  ---------  --------  ----------  --------------  -------------------
/opt/airflow/dags/sgfood_elt_dag.py                           1           0  0.47s           2026-10-07T17:32:46
================================================================================
[2026-10-07T17:33:37.693+0000] {manager.py:879} INFO - 
================================================================================
DAG File Processing Stats

File Path                            PID    Runtime      # DAGs    # Errors  Last Runtime    Last Run
-----------------------------------  -----  ---------  --------  ----------  --------------  -------------------
/opt/airflow/dags/sgfood_elt_dag.py                           1           0  0.54s           2026-10-07T17:33:16
================================================================================
[2026-10-07T17:34:05.029+0000] {manager.py:879} INFO - 
================================================================================
DAG File Processing Stats

File Path                            PID    Runtime      # DAGs    # Errors  Last Runtime    Last Run
-----------------------------------  -----  ---------  --------  ----------  --------------  -------------------
/opt/airflow/dags/sgfood_elt_dag.py                           1           0  0.72s           2026-10-07T17:33:47
================================================================================
[2026-10-07T17:34:32.741+0000] {manager.py:879} INFO - 
================================================================================
DAG File Processing Stats

File Path                            PID    Runtime      # DAGs    # Errors  Last Runtime    Last Run
-----------------------------------  -----  ---------  --------  ----------  --------------  -------------------
/opt/airflow/dags/sgfood_elt_dag.py                           1           0  0.42s           2026-10-07T17:34:18
================================================================================
[2026-10-07T17:35:00.279+0000] {manager.py:879} INFO - 
================================================================================
DAG File Processing Stats

File Path                            PID    Runtime      # DAGs    # Errors  Last Runtime    Last Run
-----------------------------------  -----  ---------  --------  ----------  --------------  -------------------
/opt/airflow/dags/sgfood_elt_dag.py                           1           0  0.53s           2026-10-07T17:34:49
================================================================================
[2026-10-07T17:35:27.578+0000] {manager.py:879} INFO - 
================================================================================
DAG File Processing Stats

File Path                            PID    Runtime      # DAGs    # Errors  Last Runtime    Last Run
-----------------------------------  -----  ---------  --------  ----------  --------------  -------------------
/opt/airflow/dags/sgfood_elt_dag.py                           1           0  0.55s           2026-10-07T17:35:20
================================================================================
[2026-10-07T17:35:55.526+0000] {manager.py:879} INFO - 
================================================================================
DAG File Processing Stats

File Path                            PID    Runtime      # DAGs    # Errors  Last Runtime    Last Run
-----------------------------------  -----  ---------  --------  ----------  --------------  -------------------
/opt/airflow/dags/sgfood_elt_dag.py                           1           0  0.44s           2026-10-07T17:35:50
================================================================================
[2026-10-07T17:36:23.139+0000] {manager.py:879} INFO - 
================================================================================
DAG File Processing Stats

File Path                            PID    Runtime      # DAGs    # Errors  Last Runtime    Last Run
-----------------------------------  -----  ---------  --------  ----------  --------------  -------------------
/opt/airflow/dags/sgfood_elt_dag.py                           1           0  0.46s           2026-10-07T17:36:21
================================================================================
[2026-10-07T17:36:50.569+0000] {manager.py:879} INFO - 
================================================================================
DAG File Processing Stats

File Path                            PID    Runtime      # DAGs    # Errors  Last Runtime    Last Run
-----------------------------------  -----  ---------  --------  ----------  --------------  -------------------
/opt/airflow/dags/sgfood_elt_dag.py                           1           0  0.46s           2026-10-07T17:36:21
================================================================================
[2026-10-07T17:37:18.187+0000] {manager.py:879} INFO - 
================================================================================
DAG File Processing Stats

File Path                            PID    Runtime      # DAGs    # Errors  Last Runtime    Last Run
-----------------------------------  -----  ---------  --------  ----------  --------------  -------------------
/opt/airflow/dags/sgfood_elt_dag.py                           1           0  0.45s           2026-10-07T17:36:52
================================================================================
[2026-10-07T17:37:45.795+0000] {manager.py:879} INFO - 
================================================================================
DAG File Processing Stats

File Path                            PID    Runtime      # DAGs    # Errors  Last Runtime    Last Run
-----------------------------------  -----  ---------  --------  ----------  --------------  -------------------
/opt/airflow/dags/sgfood_elt_dag.py                           1           0  0.66s           2026-10-07T17:37:23
================================================================================
[2026-10-07T17:38:05.459+0000] {manager.py:738} INFO - Searching for files in /opt/airflow/dags
[2026-10-07T17:38:05.551+0000] {manager.py:741} INFO - There are 1 files in /opt/airflow/dags
[2026-10-07T17:38:13.186+0000] {manager.py:879} INFO - 
================================================================================
DAG File Processing Stats

File Path                            PID    Runtime      # DAGs    # Errors  Last Runtime    Last Run
-----------------------------------  -----  ---------  --------  ----------  --------------  -------------------
/opt/airflow/dags/sgfood_elt_dag.py                           1           0  0.65s           2026-10-07T17:37:54
================================================================================
[2026-10-07T17:38:40.871+0000] {manager.py:879} INFO - 
================================================================================
DAG File Processing Stats

File Path                            PID    Runtime      # DAGs    # Errors  Last Runtime    Last Run
-----------------------------------  -----  ---------  --------  ----------  --------------  -------------------
/opt/airflow/dags/sgfood_elt_dag.py                           1           0  0.45s           2026-10-07T17:38:25
================================================================================
[2026-10-07T17:39:08.457+0000] {manager.py:879} INFO - 
================================================================================
DAG File Processing Stats

File Path                            PID    Runtime      # DAGs    # Errors  Last Runtime    Last Run
-----------------------------------  -----  ---------  --------  ----------  --------------  -------------------
/opt/airflow/dags/sgfood_elt_dag.py                           1           0  -1.57s          2026-10-07T17:38:54
================================================================================
[2026-10-07T17:39:36.072+0000] {manager.py:879} INFO - 
================================================================================
DAG File Processing Stats

File Path                            PID    Runtime      # DAGs    # Errors  Last Runtime    Last Run
-----------------------------------  -----  ---------  --------  ----------  --------------  -------------------
/opt/airflow/dags/sgfood_elt_dag.py                           1           0  0.54s           2026-10-07T17:39:25
================================================================================
[2026-10-07T17:40:03.329+0000] {manager.py:879} INFO - 
================================================================================
DAG File Processing Stats

File Path                            PID    Runtime      # DAGs    # Errors  Last Runtime    Last Run
-----------------------------------  -----  ---------  --------  ----------  --------------  -------------------
/opt/airflow/dags/sgfood_elt_dag.py                           1           0  0.45s           2026-10-07T17:39:55
================================================================================
[2026-10-07T17:40:31.209+0000] {manager.py:879} INFO - 
================================================================================
DAG File Processing Stats

File Path                            PID    Runtime      # DAGs    # Errors  Last Runtime    Last Run
-----------------------------------  -----  ---------  --------  ----------  --------------  -------------------
/opt/airflow/dags/sgfood_elt_dag.py                           1           0  0.58s           2026-10-07T17:40:26
================================================================================
[2026-10-07T17:40:58.721+0000] {manager.py:879} INFO - 
================================================================================
DAG File Processing Stats

File Path                            PID    Runtime      # DAGs    # Errors  Last Runtime    Last Run
-----------------------------------  -----  ---------  --------  ----------  --------------  -------------------
/opt/airflow/dags/sgfood_elt_dag.py                           1           0  0.63s           2026-10-07T17:40:57
================================================================================
[2026-10-07T17:41:26.477+0000] {manager.py:879} INFO - 
================================================================================
DAG File Processing Stats

File Path                            PID    Runtime      # DAGs    # Errors  Last Runtime    Last Run
-----------------------------------  -----  ---------  --------  ----------  --------------  -------------------
/opt/airflow/dags/sgfood_elt_dag.py                           1           0  0.63s           2026-10-07T17:40:57
================================================================================
[2026-10-07T17:41:54.068+0000] {manager.py:879} INFO - 
================================================================================
DAG File Processing Stats

File Path                            PID    Runtime      # DAGs    # Errors  Last Runtime    Last Run
-----------------------------------  -----  ---------  --------  ----------  --------------  -------------------
/opt/airflow/dags/sgfood_elt_dag.py                           1           0  0.54s           2026-10-07T17:41:29
================================================================================
[2026-10-07T17:42:21.619+0000] {manager.py:879} INFO - 
================================================================================
DAG File Processing Stats

File Path                            PID    Runtime      # DAGs    # Errors  Last Runtime    Last Run
-----------------------------------  -----  ---------  --------  ----------  --------------  -------------------
/opt/airflow/dags/sgfood_elt_dag.py                           1           0  0.55s           2026-10-07T17:42:00
================================================================================
[2026-10-07T17:42:49.093+0000] {manager.py:879} INFO - 
================================================================================
DAG File Processing Stats

File Path                            PID    Runtime      # DAGs    # Errors  Last Runtime    Last Run
-----------------------------------  -----  ---------  --------  ----------  --------------  -------------------
/opt/airflow/dags/sgfood_elt_dag.py                           1           0  0.45s           2026-10-07T17:42:31
================================================================================
[2026-10-07T17:43:05.925+0000] {manager.py:738} INFO - Searching for files in /opt/airflow/dags
[2026-10-07T17:43:06.039+0000] {manager.py:741} INFO - There are 1 files in /opt/airflow/dags
[2026-10-07T17:43:16.674+0000] {manager.py:879} INFO - 
================================================================================
DAG File Processing Stats

File Path                            PID    Runtime      # DAGs    # Errors  Last Runtime    Last Run
-----------------------------------  -----  ---------  --------  ----------  --------------  -------------------
/opt/airflow/dags/sgfood_elt_dag.py                           1           0  -2.18s          2026-10-07T17:42:59
================================================================================
[2026-10-07T17:43:44.198+0000] {manager.py:879} INFO - 
================================================================================
DAG File Processing Stats

File Path                            PID    Runtime      # DAGs    # Errors  Last Runtime    Last Run
-----------------------------------  -----  ---------  --------  ----------  --------------  -------------------
/opt/airflow/dags/sgfood_elt_dag.py                           1           0  0.44s           2026-10-07T17:43:30
================================================================================
[2026-10-07T17:44:11.899+0000] {manager.py:879} INFO - 
================================================================================
DAG File Processing Stats

File Path                            PID    Runtime      # DAGs    # Errors  Last Runtime    Last Run
-----------------------------------  -----  ---------  --------  ----------  --------------  -------------------
/opt/airflow/dags/sgfood_elt_dag.py                           1           0  0.45s           2026-10-07T17:44:01
================================================================================
[2026-10-07T17:44:39.453+0000] {manager.py:879} INFO - 
================================================================================
DAG File Processing Stats

File Path                            PID    Runtime      # DAGs    # Errors  Last Runtime    Last Run
-----------------------------------  -----  ---------  --------  ----------  --------------  -------------------
/opt/airflow/dags/sgfood_elt_dag.py                           1           0  0.43s           2026-10-07T17:44:32
================================================================================
[2026-10-07T17:45:07.149+0000] {manager.py:879} INFO - 
================================================================================
DAG File Processing Stats

File Path                            PID    Runtime      # DAGs    # Errors  Last Runtime    Last Run
-----------------------------------  -----  ---------  --------  ----------  --------------  -------------------
/opt/airflow/dags/sgfood_elt_dag.py                           1           0  0.55s           2026-10-07T17:45:03
================================================================================
[2026-10-07T17:45:34.880+0000] {manager.py:879} INFO - 
================================================================================
DAG File Processing Stats

File Path                            PID    Runtime      # DAGs    # Errors  Last Runtime    Last Run
-----------------------------------  -----  ---------  --------  ----------  --------------  -------------------
/opt/airflow/dags/sgfood_elt_dag.py                           1           0  0.44s           2026-10-07T17:45:33
================================================================================
[2026-10-07T17:46:02.478+0000] {manager.py:879} INFO - 
================================================================================
DAG File Processing Stats

File Path                            PID    Runtime      # DAGs    # Errors  Last Runtime    Last Run
-----------------------------------  -----  ---------  --------  ----------  --------------  -------------------
/opt/airflow/dags/sgfood_elt_dag.py                           1           0  0.44s           2026-10-07T17:45:33
================================================================================
[2026-10-07T17:46:30.074+0000] {manager.py:879} INFO - 
================================================================================
DAG File Processing Stats

File Path                            PID    Runtime      # DAGs    # Errors  Last Runtime    Last Run
-----------------------------------  -----  ---------  --------  ----------  --------------  -------------------
/opt/airflow/dags/sgfood_elt_dag.py                           1           0  0.63s           2026-10-07T17:46:05
================================================================================
[2026-10-07T17:46:57.620+0000] {manager.py:879} INFO - 
================================================================================
DAG File Processing Stats

File Path                            PID    Runtime      # DAGs    # Errors  Last Runtime    Last Run
-----------------------------------  -----  ---------  --------  ----------  --------------  -------------------
/opt/airflow/dags/sgfood_elt_dag.py                           1           0  0.46s           2026-10-07T17:46:36
================================================================================
[2026-10-07T17:47:25.130+0000] {manager.py:879} INFO - 
================================================================================
DAG File Processing Stats

File Path                            PID    Runtime      # DAGs    # Errors  Last Runtime    Last Run
-----------------------------------  -----  ---------  --------  ----------  --------------  -------------------
/opt/airflow/dags/sgfood_elt_dag.py                           1           0  -0.09s          2026-10-07T17:47:07
================================================================================
[2026-10-07T17:47:52.414+0000] {manager.py:879} INFO - 
================================================================================
DAG File Processing Stats

File Path                            PID    Runtime      # DAGs    # Errors  Last Runtime    Last Run
-----------------------------------  -----  ---------  --------  ----------  --------------  -------------------
/opt/airflow/dags/sgfood_elt_dag.py                           1           0  0.66s           2026-10-07T17:47:38
================================================================================
[2026-10-07T17:48:06.195+0000] {manager.py:738} INFO - Searching for files in /opt/airflow/dags
[2026-10-07T17:48:06.278+0000] {manager.py:741} INFO - There are 1 files in /opt/airflow/dags
[2026-10-07T17:48:20.407+0000] {manager.py:879} INFO - 
================================================================================
DAG File Processing Stats

File Path                            PID    Runtime      # DAGs    # Errors  Last Runtime    Last Run
-----------------------------------  -----  ---------  --------  ----------  --------------  -------------------
/opt/airflow/dags/sgfood_elt_dag.py                           1           0  0.65s           2026-10-07T17:48:08
================================================================================
[2026-10-07T17:48:48.175+0000] {manager.py:879} INFO - 
================================================================================
DAG File Processing Stats

File Path                            PID    Runtime      # DAGs    # Errors  Last Runtime    Last Run
-----------------------------------  -----  ---------  --------  ----------  --------------  -------------------
/opt/airflow/dags/sgfood_elt_dag.py                           1           0  0.54s           2026-10-07T17:48:39
================================================================================
[2026-10-07T17:49:15.838+0000] {manager.py:879} INFO - 
================================================================================
DAG File Processing Stats

File Path                            PID    Runtime      # DAGs    # Errors  Last Runtime    Last Run
-----------------------------------  -----  ---------  --------  ----------  --------------  -------------------
/opt/airflow/dags/sgfood_elt_dag.py                           1           0  0.48s           2026-10-07T17:49:10
================================================================================
[2026-10-07T17:49:42.011+0000] {manager.py:879} INFO - 
================================================================================
DAG File Processing Stats

File Path                            PID    Runtime      # DAGs    # Errors  Last Runtime    Last Run
-----------------------------------  -----  ---------  --------  ----------  --------------  -------------------
/opt/airflow/dags/sgfood_elt_dag.py                           1           0  0.55s           2026-10-07T17:49:41
================================================================================
[2026-10-07T17:50:10.860+0000] {manager.py:879} INFO - 
================================================================================
DAG File Processing Stats

File Path                            PID    Runtime      # DAGs    # Errors  Last Runtime    Last Run
-----------------------------------  -----  ---------  --------  ----------  --------------  -------------------
/opt/airflow/dags/sgfood_elt_dag.py                           1           0  0.55s           2026-10-07T17:49:41
================================================================================
[2026-10-07T17:50:38.588+0000] {manager.py:879} INFO - 
================================================================================
DAG File Processing Stats

File Path                            PID    Runtime      # DAGs    # Errors  Last Runtime    Last Run
-----------------------------------  -----  ---------  --------  ----------  --------------  -------------------
/opt/airflow/dags/sgfood_elt_dag.py                           1           0  0.46s           2026-10-07T17:50:12
================================================================================
[2026-10-07T17:51:06.734+0000] {manager.py:879} INFO - 
================================================================================
DAG File Processing Stats

File Path                            PID    Runtime      # DAGs    # Errors  Last Runtime    Last Run
-----------------------------------  -----  ---------  --------  ----------  --------------  -------------------
/opt/airflow/dags/sgfood_elt_dag.py                           1           0  0.46s           2026-10-07T17:50:43
================================================================================
[2026-10-07T17:51:34.563+0000] {manager.py:879} INFO - 
================================================================================
DAG File Processing Stats

File Path                            PID    Runtime      # DAGs    # Errors  Last Runtime    Last Run
-----------------------------------  -----  ---------  --------  ----------  --------------  -------------------
/opt/airflow/dags/sgfood_elt_dag.py                           1           0  0.53s           2026-10-07T17:51:14
================================================================================
[2026-10-07T17:52:02.855+0000] {manager.py:879} INFO - 
================================================================================
DAG File Processing Stats

File Path                            PID    Runtime      # DAGs    # Errors  Last Runtime    Last Run
-----------------------------------  -----  ---------  --------  ----------  --------------  -------------------
/opt/airflow/dags/sgfood_elt_dag.py                           1           0  0.44s           2026-10-07T17:51:45
================================================================================
[2026-10-07T17:52:30.740+0000] {manager.py:879} INFO - 
================================================================================
DAG File Processing Stats

File Path                            PID    Runtime      # DAGs    # Errors  Last Runtime    Last Run
-----------------------------------  -----  ---------  --------  ----------  --------------  -------------------
/opt/airflow/dags/sgfood_elt_dag.py                           1           0  0.46s           2026-10-07T17:52:16
================================================================================
[2026-10-07T17:52:58.335+0000] {manager.py:879} INFO - 
================================================================================
DAG File Processing Stats

File Path                            PID    Runtime      # DAGs    # Errors  Last Runtime    Last Run
-----------------------------------  -----  ---------  --------  ----------  --------------  -------------------
/opt/airflow/dags/sgfood_elt_dag.py                           1           0  0.66s           2026-10-07T17:52:46
================================================================================
[2026-10-07T17:53:06.743+0000] {manager.py:738} INFO - Searching for files in /opt/airflow/dags
[2026-10-07T17:53:06.864+0000] {manager.py:741} INFO - There are 1 files in /opt/airflow/dags
[2026-10-07T17:53:25.905+0000] {manager.py:879} INFO - 
================================================================================
DAG File Processing Stats

File Path                            PID    Runtime      # DAGs    # Errors  Last Runtime    Last Run
-----------------------------------  -----  ---------  --------  ----------  --------------  -------------------
/opt/airflow/dags/sgfood_elt_dag.py                           1           0  0.45s           2026-10-07T17:53:17
================================================================================
[2026-10-07T17:53:53.472+0000] {manager.py:879} INFO - 
================================================================================
DAG File Processing Stats

File Path                            PID    Runtime      # DAGs    # Errors  Last Runtime    Last Run
-----------------------------------  -----  ---------  --------  ----------  --------------  -------------------
/opt/airflow/dags/sgfood_elt_dag.py                           1           0  0.65s           2026-10-07T17:53:48
================================================================================
[2026-10-07T17:54:21.156+0000] {manager.py:879} INFO - 
================================================================================
DAG File Processing Stats

File Path                            PID    Runtime      # DAGs    # Errors  Last Runtime    Last Run
-----------------------------------  -----  ---------  --------  ----------  --------------  -------------------
/opt/airflow/dags/sgfood_elt_dag.py                           1           0  0.74s           2026-10-07T17:54:19
================================================================================
[2026-10-07T17:54:48.525+0000] {manager.py:879} INFO - 
================================================================================
DAG File Processing Stats

File Path                            PID    Runtime      # DAGs    # Errors  Last Runtime    Last Run
-----------------------------------  -----  ---------  --------  ----------  --------------  -------------------
/opt/airflow/dags/sgfood_elt_dag.py                           1           0  0.74s           2026-10-07T17:54:19
================================================================================
[2026-10-07T17:55:16.187+0000] {manager.py:879} INFO - 
================================================================================
DAG File Processing Stats

File Path                            PID    Runtime      # DAGs    # Errors  Last Runtime    Last Run
-----------------------------------  -----  ---------  --------  ----------  --------------  -------------------
/opt/airflow/dags/sgfood_elt_dag.py                           1           0  0.46s           2026-10-07T17:54:50
================================================================================
[2026-10-07T17:55:43.775+0000] {manager.py:879} INFO - 
================================================================================
DAG File Processing Stats

File Path                            PID    Runtime      # DAGs    # Errors  Last Runtime    Last Run
-----------------------------------  -----  ---------  --------  ----------  --------------  -------------------
/opt/airflow/dags/sgfood_elt_dag.py                           1           0  0.44s           2026-10-07T17:55:22
================================================================================
[2026-10-07T17:56:11.179+0000] {manager.py:879} INFO - 
================================================================================
DAG File Processing Stats

File Path                            PID    Runtime      # DAGs    # Errors  Last Runtime    Last Run
-----------------------------------  -----  ---------  --------  ----------  --------------  -------------------
/opt/airflow/dags/sgfood_elt_dag.py                           1           0  0.52s           2026-10-07T17:55:52
================================================================================
[2026-10-07T17:56:38.794+0000] {manager.py:879} INFO - 
================================================================================
DAG File Processing Stats

File Path                            PID    Runtime      # DAGs    # Errors  Last Runtime    Last Run
-----------------------------------  -----  ---------  --------  ----------  --------------  -------------------
/opt/airflow/dags/sgfood_elt_dag.py                           1           0  0.45s           2026-10-07T17:56:23
================================================================================
[2026-10-07T17:57:06.230+0000] {manager.py:879} INFO - 
================================================================================
DAG File Processing Stats

File Path                            PID    Runtime      # DAGs    # Errors  Last Runtime    Last Run
-----------------------------------  -----  ---------  --------  ----------  --------------  -------------------
/opt/airflow/dags/sgfood_elt_dag.py                           1           0  0.45s           2026-10-07T17:56:54
================================================================================
[2026-10-07T17:57:33.713+0000] {manager.py:879} INFO - 
================================================================================
DAG File Processing Stats

File Path                            PID    Runtime      # DAGs    # Errors  Last Runtime    Last Run
-----------------------------------  -----  ---------  --------  ----------  --------------  -------------------
/opt/airflow/dags/sgfood_elt_dag.py                           1           0  0.45s           2026-10-07T17:57:25
================================================================================
[2026-10-07T17:58:01.207+0000] {manager.py:879} INFO - 
================================================================================
DAG File Processing Stats

File Path                            PID    Runtime      # DAGs    # Errors  Last Runtime    Last Run
-----------------------------------  -----  ---------  --------  ----------  --------------  -------------------
/opt/airflow/dags/sgfood_elt_dag.py                           1           0  0.43s           2026-10-07T17:57:56
================================================================================
[2026-10-07T17:58:07.301+0000] {manager.py:738} INFO - Searching for files in /opt/airflow/dags
[2026-10-07T17:58:07.415+0000] {manager.py:741} INFO - There are 1 files in /opt/airflow/dags
[2026-10-07T17:58:28.475+0000] {manager.py:879} INFO - 
================================================================================
DAG File Processing Stats

File Path                            PID    Runtime      # DAGs    # Errors  Last Runtime    Last Run
-----------------------------------  -----  ---------  --------  ----------  --------------  -------------------
/opt/airflow/dags/sgfood_elt_dag.py                           1           0  0.42s           2026-10-07T17:58:27
================================================================================
[2026-10-07T17:58:56.096+0000] {manager.py:879} INFO - 
================================================================================
DAG File Processing Stats

File Path                            PID    Runtime      # DAGs    # Errors  Last Runtime    Last Run
-----------------------------------  -----  ---------  --------  ----------  --------------  -------------------
/opt/airflow/dags/sgfood_elt_dag.py                           1           0  0.42s           2026-10-07T17:58:27
================================================================================
[2026-10-07T17:59:23.576+0000] {manager.py:879} INFO - 
================================================================================
DAG File Processing Stats

File Path                            PID    Runtime      # DAGs    # Errors  Last Runtime    Last Run
-----------------------------------  -----  ---------  --------  ----------  --------------  -------------------
/opt/airflow/dags/sgfood_elt_dag.py                           1           0  0.54s           2026-10-07T17:58:59
================================================================================
[2026-10-07T17:59:50.865+0000] {manager.py:879} INFO - 
================================================================================
DAG File Processing Stats

File Path                            PID    Runtime      # DAGs    # Errors  Last Runtime    Last Run
-----------------------------------  -----  ---------  --------  ----------  --------------  -------------------
/opt/airflow/dags/sgfood_elt_dag.py                           1           0  0.55s           2026-10-07T17:59:30
================================================================================
[2026-10-07T18:00:18.225+0000] {manager.py:879} INFO - 
================================================================================
DAG File Processing Stats

File Path                            PID    Runtime      # DAGs    # Errors  Last Runtime    Last Run
-----------------------------------  -----  ---------  --------  ----------  --------------  -------------------
/opt/airflow/dags/sgfood_elt_dag.py                           1           0  0.56s           2026-10-07T18:00:00
================================================================================
[2026-10-07T18:00:45.935+0000] {manager.py:879} INFO - 
================================================================================
DAG File Processing Stats

File Path                            PID    Runtime      # DAGs    # Errors  Last Runtime    Last Run
-----------------------------------  -----  ---------  --------  ----------  --------------  -------------------
/opt/airflow/dags/sgfood_elt_dag.py                           1           0  0.45s           2026-10-07T18:00:31
================================================================================
[2026-10-07T18:01:13.277+0000] {manager.py:879} INFO - 
================================================================================
DAG File Processing Stats

File Path                            PID    Runtime      # DAGs    # Errors  Last Runtime    Last Run
-----------------------------------  -----  ---------  --------  ----------  --------------  -------------------
/opt/airflow/dags/sgfood_elt_dag.py                           1           0  0.45s           2026-10-07T18:01:01
================================================================================
[2026-10-07T18:01:40.032+0000] {manager.py:879} INFO - 
================================================================================
DAG File Processing Stats

File Path                            PID    Runtime      # DAGs    # Errors  Last Runtime    Last Run
-----------------------------------  -----  ---------  --------  ----------  --------------  -------------------
/opt/airflow/dags/sgfood_elt_dag.py                           1           0  0.53s           2026-10-07T18:01:33
================================================================================
[2026-10-07T18:02:06.049+0000] {manager.py:879} INFO - 
================================================================================
DAG File Processing Stats

File Path                            PID    Runtime      # DAGs    # Errors  Last Runtime    Last Run
-----------------------------------  -----  ---------  --------  ----------  --------------  -------------------
/opt/airflow/dags/sgfood_elt_dag.py                           1           0  0.53s           2026-10-07T18:02:04
================================================================================
[2026-10-07T18:02:33.461+0000] {manager.py:879} INFO - 
================================================================================
DAG File Processing Stats

File Path                            PID    Runtime      # DAGs    # Errors  Last Runtime    Last Run
-----------------------------------  -----  ---------  --------  ----------  --------------  -------------------
/opt/airflow/dags/sgfood_elt_dag.py                           1           0  0.45s           2026-10-07T18:02:35
================================================================================
[2026-10-07T18:03:02.924+0000] {manager.py:879} INFO - 
================================================================================
DAG File Processing Stats

File Path                            PID    Runtime      # DAGs    # Errors  Last Runtime    Last Run
-----------------------------------  -----  ---------  --------  ----------  --------------  -------------------
/opt/airflow/dags/sgfood_elt_dag.py                           1           0  0.45s           2026-10-07T18:02:35
================================================================================
[2026-10-07T18:03:08.444+0000] {manager.py:738} INFO - Searching for files in /opt/airflow/dags
[2026-10-07T18:03:08.527+0000] {manager.py:741} INFO - There are 1 files in /opt/airflow/dags
[2026-10-07T18:03:28.327+0000] {manager.py:879} INFO - 
================================================================================
DAG File Processing Stats

File Path                            PID    Runtime      # DAGs    # Errors  Last Runtime    Last Run
-----------------------------------  -----  ---------  --------  ----------  --------------  -------------------
/opt/airflow/dags/sgfood_elt_dag.py                           1           0  0.74s           2026-10-07T18:03:07
================================================================================
[2026-10-07T18:03:55.793+0000] {manager.py:879} INFO - 
================================================================================
DAG File Processing Stats

File Path                            PID    Runtime      # DAGs    # Errors  Last Runtime    Last Run
-----------------------------------  -----  ---------  --------  ----------  --------------  -------------------
/opt/airflow/dags/sgfood_elt_dag.py                           1           0  0.52s           2026-10-07T18:03:38
================================================================================
[2026-10-07T18:04:23.181+0000] {manager.py:879} INFO - 
================================================================================
DAG File Processing Stats

File Path                            PID    Runtime      # DAGs    # Errors  Last Runtime    Last Run
-----------------------------------  -----  ---------  --------  ----------  --------------  -------------------
/opt/airflow/dags/sgfood_elt_dag.py                           1           0  0.44s           2026-10-07T18:04:09
================================================================================
[2026-10-07T18:04:50.761+0000] {manager.py:879} INFO - 
================================================================================
DAG File Processing Stats

File Path                            PID    Runtime      # DAGs    # Errors  Last Runtime    Last Run
-----------------------------------  -----  ---------  --------  ----------  --------------  -------------------
/opt/airflow/dags/sgfood_elt_dag.py                           1           0  0.53s           2026-10-07T18:04:40
================================================================================
[2026-10-07T18:05:18.181+0000] {manager.py:879} INFO - 
================================================================================
DAG File Processing Stats

File Path                            PID    Runtime      # DAGs    # Errors  Last Runtime    Last Run
-----------------------------------  -----  ---------  --------  ----------  --------------  -------------------
/opt/airflow/dags/sgfood_elt_dag.py                           1           0  0.44s           2026-10-07T18:05:10
================================================================================
[2026-10-07T18:05:45.503+0000] {manager.py:879} INFO - 
================================================================================
DAG File Processing Stats

File Path                            PID    Runtime      # DAGs    # Errors  Last Runtime    Last Run
-----------------------------------  -----  ---------  --------  ----------  --------------  -------------------
/opt/airflow/dags/sgfood_elt_dag.py                           1           0  0.45s           2026-10-07T18:05:41
================================================================================
[2026-10-07T18:06:13.096+0000] {manager.py:879} INFO - 
================================================================================
DAG File Processing Stats

File Path                            PID    Runtime      # DAGs    # Errors  Last Runtime    Last Run
-----------------------------------  -----  ---------  --------  ----------  --------------  -------------------
/opt/airflow/dags/sgfood_elt_dag.py                           1           0  0.45s           2026-10-07T18:06:11
================================================================================
[2026-10-07T18:14:05.462+0000] {manager.py:738} INFO - Searching for files in /opt/airflow/dags
[2026-10-07T18:14:06.760+0000] {manager.py:741} INFO - There are 1 files in /opt/airflow/dags
[2026-10-07T18:14:08.894+0000] {manager.py:879} INFO - 
================================================================================
DAG File Processing Stats

File Path                            PID    Runtime      # DAGs    # Errors  Last Runtime    Last Run
-----------------------------------  -----  ---------  --------  ----------  --------------  -------------------
/opt/airflow/dags/sgfood_elt_dag.py                           1           0  1.90s           2026-10-07T18:14:08
================================================================================
[2026-10-07T18:14:37.310+0000] {manager.py:879} INFO - 
================================================================================
DAG File Processing Stats

File Path                            PID    Runtime      # DAGs    # Errors  Last Runtime    Last Run
-----------------------------------  -----  ---------  --------  ----------  --------------  -------------------
/opt/airflow/dags/sgfood_elt_dag.py                           1           0  1.90s           2026-10-07T18:14:08
================================================================================
[2026-10-07T18:15:06.628+0000] {manager.py:879} INFO - 
================================================================================
DAG File Processing Stats

File Path                            PID    Runtime      # DAGs    # Errors  Last Runtime    Last Run
-----------------------------------  -----  ---------  --------  ----------  --------------  -------------------
/opt/airflow/dags/sgfood_elt_dag.py                           1           0  0.32s           2026-10-07T18:14:39
================================================================================
[2026-10-07T18:15:34.832+0000] {manager.py:879} INFO - 
================================================================================
DAG File Processing Stats

File Path                            PID    Runtime      # DAGs    # Errors  Last Runtime    Last Run
-----------------------------------  -----  ---------  --------  ----------  --------------  -------------------
/opt/airflow/dags/sgfood_elt_dag.py                           1           0  0.22s           2026-10-07T18:15:09
================================================================================
[2026-10-07T18:16:04.639+0000] {manager.py:879} INFO - 
================================================================================
DAG File Processing Stats

File Path                            PID    Runtime      # DAGs    # Errors  Last Runtime    Last Run
-----------------------------------  -----  ---------  --------  ----------  --------------  -------------------
/opt/airflow/dags/sgfood_elt_dag.py                           1           0  0.32s           2026-10-07T18:15:40
================================================================================
[2026-10-07T18:16:32.250+0000] {manager.py:879} INFO - 
================================================================================
DAG File Processing Stats

File Path                            PID    Runtime      # DAGs    # Errors  Last Runtime    Last Run
-----------------------------------  -----  ---------  --------  ----------  --------------  -------------------
/opt/airflow/dags/sgfood_elt_dag.py                           1           0  0.32s           2026-10-07T18:16:11
================================================================================
[2026-10-07T18:17:00.580+0000] {manager.py:879} INFO - 
================================================================================
DAG File Processing Stats

File Path                            PID    Runtime      # DAGs    # Errors  Last Runtime    Last Run
-----------------------------------  -----  ---------  --------  ----------  --------------  -------------------
/opt/airflow/dags/sgfood_elt_dag.py                           1           0  0.31s           2026-10-07T18:16:42
================================================================================
[2026-10-07T18:17:29.157+0000] {manager.py:879} INFO - 
================================================================================
DAG File Processing Stats

File Path                            PID    Runtime      # DAGs    # Errors  Last Runtime    Last Run
-----------------------------------  -----  ---------  --------  ----------  --------------  -------------------
/opt/airflow/dags/sgfood_elt_dag.py                           1           0  0.31s           2026-10-07T18:17:13
================================================================================
[2026-10-07T18:17:57.815+0000] {manager.py:879} INFO - 
================================================================================
DAG File Processing Stats

File Path                            PID    Runtime      # DAGs    # Errors  Last Runtime    Last Run
-----------------------------------  -----  ---------  --------  ----------  --------------  -------------------
/opt/airflow/dags/sgfood_elt_dag.py                           1           0  0.33s           2026-10-07T18:17:43
================================================================================
[2026-10-07T18:18:26.312+0000] {manager.py:879} INFO - 
================================================================================
DAG File Processing Stats

File Path                            PID    Runtime      # DAGs    # Errors  Last Runtime    Last Run
-----------------------------------  -----  ---------  --------  ----------  --------------  -------------------
/opt/airflow/dags/sgfood_elt_dag.py                           1           0  0.32s           2026-10-07T18:18:14
================================================================================
[2026-10-07T18:18:54.972+0000] {manager.py:879} INFO - 
================================================================================
DAG File Processing Stats

File Path                            PID    Runtime      # DAGs    # Errors  Last Runtime    Last Run
-----------------------------------  -----  ---------  --------  ----------  --------------  -------------------
/opt/airflow/dags/sgfood_elt_dag.py                           1           0  0.31s           2026-10-07T18:18:44
================================================================================
[2026-10-07T18:19:05.526+0000] {manager.py:738} INFO - Searching for files in /opt/airflow/dags
[2026-10-07T18:19:05.578+0000] {manager.py:741} INFO - There are 1 files in /opt/airflow/dags
[2026-10-07T18:19:23.339+0000] {manager.py:879} INFO - 
================================================================================
DAG File Processing Stats

File Path                            PID    Runtime      # DAGs    # Errors  Last Runtime    Last Run
-----------------------------------  -----  ---------  --------  ----------  --------------  -------------------
/opt/airflow/dags/sgfood_elt_dag.py                           1           0  0.31s           2026-10-07T18:19:15
================================================================================
[2026-10-07T18:19:51.984+0000] {manager.py:879} INFO - 
================================================================================
DAG File Processing Stats

File Path                            PID    Runtime      # DAGs    # Errors  Last Runtime    Last Run
-----------------------------------  -----  ---------  --------  ----------  --------------  -------------------
/opt/airflow/dags/sgfood_elt_dag.py                           1           0  0.32s           2026-10-07T18:19:46
================================================================================
[2026-10-07T18:20:20.492+0000] {manager.py:879} INFO - 
================================================================================
DAG File Processing Stats

File Path                            PID    Runtime      # DAGs    # Errors  Last Runtime    Last Run
-----------------------------------  -----  ---------  --------  ----------  --------------  -------------------
/opt/airflow/dags/sgfood_elt_dag.py                           1           0  0.33s           2026-10-07T18:20:17
================================================================================
[2026-10-07T18:20:49.056+0000] {manager.py:879} INFO - 
================================================================================
DAG File Processing Stats

File Path                            PID    Runtime      # DAGs    # Errors  Last Runtime    Last Run
-----------------------------------  -----  ---------  --------  ----------  --------------  -------------------
/opt/airflow/dags/sgfood_elt_dag.py                           1           0  0.32s           2026-10-07T18:20:48
================================================================================
[2026-10-07T18:21:17.518+0000] {manager.py:879} INFO - 
================================================================================
DAG File Processing Stats

File Path                            PID    Runtime      # DAGs    # Errors  Last Runtime    Last Run
-----------------------------------  -----  ---------  --------  ----------  --------------  -------------------
/opt/airflow/dags/sgfood_elt_dag.py                           1           0  0.32s           2026-10-07T18:20:48
================================================================================
[2026-10-07T18:21:46.038+0000] {manager.py:879} INFO - 
================================================================================
DAG File Processing Stats

File Path                            PID    Runtime      # DAGs    # Errors  Last Runtime    Last Run
-----------------------------------  -----  ---------  --------  ----------  --------------  -------------------
/opt/airflow/dags/sgfood_elt_dag.py                           1           0  0.32s           2026-10-07T18:21:18
================================================================================
[2026-10-07T18:22:14.643+0000] {manager.py:879} INFO - 
================================================================================
DAG File Processing Stats

File Path                            PID    Runtime      # DAGs    # Errors  Last Runtime    Last Run
-----------------------------------  -----  ---------  --------  ----------  --------------  -------------------
/opt/airflow/dags/sgfood_elt_dag.py                           1           0  0.32s           2026-10-07T18:21:49
================================================================================
[2026-10-07T18:22:43.135+0000] {manager.py:879} INFO - 
================================================================================
DAG File Processing Stats

File Path                            PID    Runtime      # DAGs    # Errors  Last Runtime    Last Run
-----------------------------------  -----  ---------  --------  ----------  --------------  -------------------
/opt/airflow/dags/sgfood_elt_dag.py                           1           0  0.32s           2026-10-07T18:22:20
================================================================================
[2026-10-07T18:23:11.861+0000] {manager.py:879} INFO - 
================================================================================
DAG File Processing Stats

File Path                            PID    Runtime      # DAGs    # Errors  Last Runtime    Last Run
-----------------------------------  -----  ---------  --------  ----------  --------------  -------------------
/opt/airflow/dags/sgfood_elt_dag.py                           1           0  0.31s           2026-10-07T18:22:51
================================================================================
[2026-10-07T18:23:40.299+0000] {manager.py:879} INFO - 
================================================================================
DAG File Processing Stats

File Path                            PID    Runtime      # DAGs    # Errors  Last Runtime    Last Run
-----------------------------------  -----  ---------  --------  ----------  --------------  -------------------
/opt/airflow/dags/sgfood_elt_dag.py                           1           0  0.31s           2026-10-07T18:23:22
================================================================================
[2026-10-07T18:24:05.918+0000] {manager.py:738} INFO - Searching for files in /opt/airflow/dags
[2026-10-07T18:24:05.958+0000] {manager.py:741} INFO - There are 1 files in /opt/airflow/dags
[2026-10-07T18:24:10.136+0000] {manager.py:879} INFO - 
================================================================================
DAG File Processing Stats

File Path                            PID    Runtime      # DAGs    # Errors  Last Runtime    Last Run
-----------------------------------  -----  ---------  --------  ----------  --------------  -------------------
/opt/airflow/dags/sgfood_elt_dag.py                           1           0  0.31s           2026-10-07T18:23:53
================================================================================
[2026-10-07T18:24:37.535+0000] {manager.py:879} INFO - 
================================================================================
DAG File Processing Stats

File Path                            PID    Runtime      # DAGs    # Errors  Last Runtime    Last Run
-----------------------------------  -----  ---------  --------  ----------  --------------  -------------------
/opt/airflow/dags/sgfood_elt_dag.py                           1           0  0.32s           2026-10-07T18:24:24
================================================================================
[2026-10-07T18:25:06.110+0000] {manager.py:879} INFO - 
================================================================================
DAG File Processing Stats

File Path                            PID    Runtime      # DAGs    # Errors  Last Runtime    Last Run
-----------------------------------  -----  ---------  --------  ----------  --------------  -------------------
/opt/airflow/dags/sgfood_elt_dag.py                           1           0  0.32s           2026-10-07T18:24:54
================================================================================
[2026-10-07T18:25:34.614+0000] {manager.py:879} INFO - 
================================================================================
DAG File Processing Stats

File Path                            PID    Runtime      # DAGs    # Errors  Last Runtime    Last Run
-----------------------------------  -----  ---------  --------  ----------  --------------  -------------------
/opt/airflow/dags/sgfood_elt_dag.py                           1           0  -1.23s          2026-10-07T18:25:24
================================================================================
[2026-10-07T18:26:03.120+0000] {manager.py:879} INFO - 
================================================================================
DAG File Processing Stats

File Path                            PID    Runtime      # DAGs    # Errors  Last Runtime    Last Run
-----------------------------------  -----  ---------  --------  ----------  --------------  -------------------
/opt/airflow/dags/sgfood_elt_dag.py                           1           0  0.31s           2026-10-07T18:25:55
================================================================================
[2026-10-07T18:26:31.687+0000] {manager.py:879} INFO - 
================================================================================
DAG File Processing Stats

File Path                            PID    Runtime      # DAGs    # Errors  Last Runtime    Last Run
-----------------------------------  -----  ---------  --------  ----------  --------------  -------------------
/opt/airflow/dags/sgfood_elt_dag.py                           1           0  0.31s           2026-10-07T18:26:26
================================================================================
[2026-10-07T18:27:00.143+0000] {manager.py:879} INFO - 
================================================================================
DAG File Processing Stats

File Path                            PID    Runtime      # DAGs    # Errors  Last Runtime    Last Run
-----------------------------------  -----  ---------  --------  ----------  --------------  -------------------
/opt/airflow/dags/sgfood_elt_dag.py                           1           0  0.32s           2026-10-07T18:26:57
================================================================================
[2026-10-07T18:27:28.653+0000] {manager.py:879} INFO - 
================================================================================
DAG File Processing Stats

File Path                            PID    Runtime      # DAGs    # Errors  Last Runtime    Last Run
-----------------------------------  -----  ---------  --------  ----------  --------------  -------------------
/opt/airflow/dags/sgfood_elt_dag.py                           1           0  0.33s           2026-10-07T18:27:27
================================================================================
[2026-10-07T18:27:57.109+0000] {manager.py:879} INFO - 
================================================================================
DAG File Processing Stats

File Path                            PID    Runtime      # DAGs    # Errors  Last Runtime    Last Run
-----------------------------------  -----  ---------  --------  ----------  --------------  -------------------
/opt/airflow/dags/sgfood_elt_dag.py                           1           0  0.33s           2026-10-07T18:27:27
================================================================================
[2026-10-07T18:28:25.659+0000] {manager.py:879} INFO - 
================================================================================
DAG File Processing Stats

File Path                            PID    Runtime      # DAGs    # Errors  Last Runtime    Last Run
-----------------------------------  -----  ---------  --------  ----------  --------------  -------------------
/opt/airflow/dags/sgfood_elt_dag.py                           1           0  0.32s           2026-10-07T18:27:58
================================================================================
[2026-10-07T18:28:54.205+0000] {manager.py:879} INFO - 
================================================================================
DAG File Processing Stats

File Path                            PID    Runtime      # DAGs    # Errors  Last Runtime    Last Run
-----------------------------------  -----  ---------  --------  ----------  --------------  -------------------
/opt/airflow/dags/sgfood_elt_dag.py                           1           0  0.33s           2026-10-07T18:28:29
================================================================================
[2026-10-07T18:29:06.473+0000] {manager.py:738} INFO - Searching for files in /opt/airflow/dags
[2026-10-07T18:29:06.539+0000] {manager.py:741} INFO - There are 1 files in /opt/airflow/dags
[2026-10-07T18:29:22.673+0000] {manager.py:879} INFO - 
================================================================================
DAG File Processing Stats

File Path                            PID    Runtime      # DAGs    # Errors  Last Runtime    Last Run
-----------------------------------  -----  ---------  --------  ----------  --------------  -------------------
/opt/airflow/dags/sgfood_elt_dag.py                           1           0  0.31s           2026-10-07T18:29:00
================================================================================
[2026-10-07T18:29:51.246+0000] {manager.py:879} INFO - 
================================================================================
DAG File Processing Stats

File Path                            PID    Runtime      # DAGs    # Errors  Last Runtime    Last Run
-----------------------------------  -----  ---------  --------  ----------  --------------  -------------------
/opt/airflow/dags/sgfood_elt_dag.py                           1           0  0.33s           2026-10-07T18:29:31
================================================================================
[2026-10-07T18:30:19.638+0000] {manager.py:879} INFO - 
================================================================================
DAG File Processing Stats

File Path                            PID    Runtime      # DAGs    # Errors  Last Runtime    Last Run
-----------------------------------  -----  ---------  --------  ----------  --------------  -------------------
/opt/airflow/dags/sgfood_elt_dag.py                           1           0  0.31s           2026-10-07T18:30:02
================================================================================
[2026-10-07T18:30:48.196+0000] {manager.py:879} INFO - 
================================================================================
DAG File Processing Stats

File Path                            PID    Runtime      # DAGs    # Errors  Last Runtime    Last Run
-----------------------------------  -----  ---------  --------  ----------  --------------  -------------------
/opt/airflow/dags/sgfood_elt_dag.py                           1           0  0.33s           2026-10-07T18:30:33
================================================================================
[2026-10-07T18:31:16.575+0000] {manager.py:879} INFO - 
================================================================================
DAG File Processing Stats

File Path                            PID    Runtime      # DAGs    # Errors  Last Runtime    Last Run
-----------------------------------  -----  ---------  --------  ----------  --------------  -------------------
/opt/airflow/dags/sgfood_elt_dag.py                           1           0  0.33s           2026-10-07T18:31:04
================================================================================
[2026-10-07T18:31:45.114+0000] {manager.py:879} INFO - 
================================================================================
DAG File Processing Stats

File Path                            PID    Runtime      # DAGs    # Errors  Last Runtime    Last Run
-----------------------------------  -----  ---------  --------  ----------  --------------  -------------------
/opt/airflow/dags/sgfood_elt_dag.py                           1           0  0.33s           2026-10-07T18:31:35
================================================================================
[2026-10-07T18:32:13.530+0000] {manager.py:879} INFO - 
================================================================================
DAG File Processing Stats

File Path                            PID    Runtime      # DAGs    # Errors  Last Runtime    Last Run
-----------------------------------  -----  ---------  --------  ----------  --------------  -------------------
/opt/airflow/dags/sgfood_elt_dag.py                           1           0  0.31s           2026-10-07T18:32:05
================================================================================
[2026-10-07T18:32:41.941+0000] {manager.py:879} INFO - 
================================================================================
DAG File Processing Stats

File Path                            PID    Runtime      # DAGs    # Errors  Last Runtime    Last Run
-----------------------------------  -----  ---------  --------  ----------  --------------  -------------------
/opt/airflow/dags/sgfood_elt_dag.py                           1           0  0.32s           2026-10-07T18:32:37
================================================================================
[2026-10-07T18:33:10.664+0000] {manager.py:879} INFO - 
================================================================================
DAG File Processing Stats

File Path                            PID    Runtime      # DAGs    # Errors  Last Runtime    Last Run
-----------------------------------  -----  ---------  --------  ----------  --------------  -------------------
/opt/airflow/dags/sgfood_elt_dag.py                           1           0  0.32s           2026-10-07T18:33:08
================================================================================
[2026-10-07T18:33:39.111+0000] {manager.py:879} INFO - 
================================================================================
DAG File Processing Stats

File Path                            PID    Runtime      # DAGs    # Errors  Last Runtime    Last Run
-----------------------------------  -----  ---------  --------  ----------  --------------  -------------------
/opt/airflow/dags/sgfood_elt_dag.py                           1           0  0.32s           2026-10-07T18:33:38
================================================================================
[2026-10-07T18:34:07.352+0000] {manager.py:738} INFO - Searching for files in /opt/airflow/dags
[2026-10-07T18:34:07.397+0000] {manager.py:741} INFO - There are 1 files in /opt/airflow/dags
[2026-10-07T18:34:07.693+0000] {manager.py:879} INFO - 
================================================================================
DAG File Processing Stats

File Path                            PID    Runtime      # DAGs    # Errors  Last Runtime    Last Run
-----------------------------------  -----  ---------  --------  ----------  --------------  -------------------
/opt/airflow/dags/sgfood_elt_dag.py                           1           0  0.32s           2026-10-07T18:33:38
================================================================================
[2026-10-07T18:34:36.029+0000] {manager.py:879} INFO - 
================================================================================
DAG File Processing Stats

File Path                            PID    Runtime      # DAGs    # Errors  Last Runtime    Last Run
-----------------------------------  -----  ---------  --------  ----------  --------------  -------------------
/opt/airflow/dags/sgfood_elt_dag.py                           1           0  0.31s           2026-10-07T18:34:10
================================================================================
[2026-10-07T18:35:04.693+0000] {manager.py:879} INFO - 
================================================================================
DAG File Processing Stats

File Path                            PID    Runtime      # DAGs    # Errors  Last Runtime    Last Run
-----------------------------------  -----  ---------  --------  ----------  --------------  -------------------
/opt/airflow/dags/sgfood_elt_dag.py                           1           0  0.32s           2026-10-07T18:34:41
================================================================================
[2026-10-07T18:35:33.051+0000] {manager.py:879} INFO - 
================================================================================
DAG File Processing Stats

File Path                            PID    Runtime      # DAGs    # Errors  Last Runtime    Last Run
-----------------------------------  -----  ---------  --------  ----------  --------------  -------------------
/opt/airflow/dags/sgfood_elt_dag.py                           1           0  0.33s           2026-10-07T18:35:12
================================================================================
[2026-10-07T18:36:01.556+0000] {manager.py:879} INFO - 
================================================================================
DAG File Processing Stats

File Path                            PID    Runtime      # DAGs    # Errors  Last Runtime    Last Run
-----------------------------------  -----  ---------  --------  ----------  --------------  -------------------
/opt/airflow/dags/sgfood_elt_dag.py                           1           0  0.33s           2026-10-07T18:35:43
================================================================================
[2026-10-07T18:36:29.966+0000] {manager.py:879} INFO - 
================================================================================
DAG File Processing Stats

File Path                            PID    Runtime      # DAGs    # Errors  Last Runtime    Last Run
-----------------------------------  -----  ---------  --------  ----------  --------------  -------------------
/opt/airflow/dags/sgfood_elt_dag.py                           1           0  0.31s           2026-10-07T18:36:14
================================================================================
[2026-10-07T18:36:58.299+0000] {manager.py:879} INFO - 
================================================================================
DAG File Processing Stats

File Path                            PID    Runtime      # DAGs    # Errors  Last Runtime    Last Run
-----------------------------------  -----  ---------  --------  ----------  --------------  -------------------
/opt/airflow/dags/sgfood_elt_dag.py                           1           0  0.31s           2026-10-07T18:36:44
================================================================================
[2026-10-07T18:37:26.996+0000] {manager.py:879} INFO - 
================================================================================
DAG File Processing Stats

File Path                            PID    Runtime      # DAGs    # Errors  Last Runtime    Last Run
-----------------------------------  -----  ---------  --------  ----------  --------------  -------------------
/opt/airflow/dags/sgfood_elt_dag.py                           1           0  -0.90s          2026-10-07T18:37:14
================================================================================
[2026-10-07T18:37:55.344+0000] {manager.py:879} INFO - 
================================================================================
DAG File Processing Stats

File Path                            PID    Runtime      # DAGs    # Errors  Last Runtime    Last Run
-----------------------------------  -----  ---------  --------  ----------  --------------  -------------------
/opt/airflow/dags/sgfood_elt_dag.py                           1           0  0.32s           2026-10-07T18:37:44
================================================================================
[2026-10-07T18:38:23.835+0000] {manager.py:879} INFO - 
================================================================================
DAG File Processing Stats

File Path                            PID    Runtime      # DAGs    # Errors  Last Runtime    Last Run
-----------------------------------  -----  ---------  --------  ----------  --------------  -------------------
/opt/airflow/dags/sgfood_elt_dag.py                           1           0  0.33s           2026-10-07T18:38:15
================================================================================
[2026-10-07T18:38:52.196+0000] {manager.py:879} INFO - 
================================================================================
DAG File Processing Stats

File Path                            PID    Runtime      # DAGs    # Errors  Last Runtime    Last Run
-----------------------------------  -----  ---------  --------  ----------  --------------  -------------------
/opt/airflow/dags/sgfood_elt_dag.py                           1           0  0.32s           2026-10-07T18:38:46
================================================================================
[2026-10-07T18:39:08.297+0000] {manager.py:738} INFO - Searching for files in /opt/airflow/dags
[2026-10-07T18:39:08.341+0000] {manager.py:741} INFO - There are 1 files in /opt/airflow/dags
[2026-10-07T18:39:20.811+0000] {manager.py:879} INFO - 
================================================================================
DAG File Processing Stats

File Path                            PID    Runtime      # DAGs    # Errors  Last Runtime    Last Run
-----------------------------------  -----  ---------  --------  ----------  --------------  -------------------
/opt/airflow/dags/sgfood_elt_dag.py                           1           0  0.33s           2026-10-07T18:39:17
================================================================================
[2026-10-07T18:39:49.067+0000] {manager.py:879} INFO - 
================================================================================
DAG File Processing Stats

File Path                            PID    Runtime      # DAGs    # Errors  Last Runtime    Last Run
-----------------------------------  -----  ---------  --------  ----------  --------------  -------------------
/opt/airflow/dags/sgfood_elt_dag.py                           1           0  0.31s           2026-10-07T18:39:48
================================================================================
[2026-10-07T18:40:17.630+0000] {manager.py:879} INFO - 
================================================================================
DAG File Processing Stats

File Path                            PID    Runtime      # DAGs    # Errors  Last Runtime    Last Run
-----------------------------------  -----  ---------  --------  ----------  --------------  -------------------
/opt/airflow/dags/sgfood_elt_dag.py                           1           0  0.31s           2026-10-07T18:39:48
================================================================================
[2026-10-07T18:40:46.153+0000] {manager.py:879} INFO - 
================================================================================
DAG File Processing Stats

File Path                            PID    Runtime      # DAGs    # Errors  Last Runtime    Last Run
-----------------------------------  -----  ---------  --------  ----------  --------------  -------------------
/opt/airflow/dags/sgfood_elt_dag.py                           1           0  0.33s           2026-10-07T18:40:19
================================================================================
[2026-10-07T18:41:14.583+0000] {manager.py:879} INFO - 
================================================================================
DAG File Processing Stats

File Path                            PID    Runtime      # DAGs    # Errors  Last Runtime    Last Run
-----------------------------------  -----  ---------  --------  ----------  --------------  -------------------
/opt/airflow/dags/sgfood_elt_dag.py                           1           0  0.33s           2026-10-07T18:40:49
================================================================================
[2026-10-07T18:41:43.149+0000] {manager.py:879} INFO - 
================================================================================
DAG File Processing Stats

File Path                            PID    Runtime      # DAGs    # Errors  Last Runtime    Last Run
-----------------------------------  -----  ---------  --------  ----------  --------------  -------------------
/opt/airflow/dags/sgfood_elt_dag.py                           1           0  0.31s           2026-10-07T18:41:20
================================================================================
[2026-10-07T18:42:11.614+0000] {manager.py:879} INFO - 
================================================================================
DAG File Processing Stats

File Path                            PID    Runtime      # DAGs    # Errors  Last Runtime    Last Run
-----------------------------------  -----  ---------  --------  ----------  --------------  -------------------
/opt/airflow/dags/sgfood_elt_dag.py                           1           0  0.31s           2026-10-07T18:41:51
================================================================================
[2026-10-07T18:42:40.066+0000] {manager.py:879} INFO - 
================================================================================
DAG File Processing Stats

File Path                            PID    Runtime      # DAGs    # Errors  Last Runtime    Last Run
-----------------------------------  -----  ---------  --------  ----------  --------------  -------------------
/opt/airflow/dags/sgfood_elt_dag.py                           1           0  0.33s           2026-10-07T18:42:22
================================================================================
[2026-10-07T18:43:08.425+0000] {manager.py:879} INFO - 
================================================================================
DAG File Processing Stats

File Path                            PID    Runtime      # DAGs    # Errors  Last Runtime    Last Run
-----------------------------------  -----  ---------  --------  ----------  --------------  -------------------
/opt/airflow/dags/sgfood_elt_dag.py                           1           0  0.31s           2026-10-07T18:42:53
================================================================================
[2026-10-07T18:43:36.846+0000] {manager.py:879} INFO - 
================================================================================
DAG File Processing Stats

File Path                            PID    Runtime      # DAGs    # Errors  Last Runtime    Last Run
-----------------------------------  -----  ---------  --------  ----------  --------------  -------------------
/opt/airflow/dags/sgfood_elt_dag.py                           1           0  0.31s           2026-10-07T18:43:23
================================================================================
[2026-10-07T18:44:05.372+0000] {manager.py:879} INFO - 
================================================================================
DAG File Processing Stats

File Path                            PID    Runtime      # DAGs    # Errors  Last Runtime    Last Run
-----------------------------------  -----  ---------  --------  ----------  --------------  -------------------
/opt/airflow/dags/sgfood_elt_dag.py                           1           0  0.32s           2026-10-07T18:43:54
================================================================================
[2026-10-07T18:44:08.955+0000] {manager.py:738} INFO - Searching for files in /opt/airflow/dags
[2026-10-07T18:44:08.993+0000] {manager.py:741} INFO - There are 1 files in /opt/airflow/dags
[2026-10-07T18:44:33.724+0000] {manager.py:879} INFO - 
================================================================================
DAG File Processing Stats

File Path                            PID    Runtime      # DAGs    # Errors  Last Runtime    Last Run
-----------------------------------  -----  ---------  --------  ----------  --------------  -------------------
/opt/airflow/dags/sgfood_elt_dag.py                           1           0  0.32s           2026-10-07T18:44:24
================================================================================
[2026-10-07T18:45:02.342+0000] {manager.py:879} INFO - 
================================================================================
DAG File Processing Stats

File Path                            PID    Runtime      # DAGs    # Errors  Last Runtime    Last Run
-----------------------------------  -----  ---------  --------  ----------  --------------  -------------------
/opt/airflow/dags/sgfood_elt_dag.py                           1           0  0.31s           2026-10-07T18:44:55
================================================================================
[2026-10-07T18:45:30.714+0000] {manager.py:879} INFO - 
================================================================================
DAG File Processing Stats

File Path                            PID    Runtime      # DAGs    # Errors  Last Runtime    Last Run
-----------------------------------  -----  ---------  --------  ----------  --------------  -------------------
/opt/airflow/dags/sgfood_elt_dag.py                           1           0  0.31s           2026-10-07T18:45:26
================================================================================
[2026-10-07T18:45:59.168+0000] {manager.py:879} INFO - 
================================================================================
DAG File Processing Stats

File Path                            PID    Runtime      # DAGs    # Errors  Last Runtime    Last Run
-----------------------------------  -----  ---------  --------  ----------  --------------  -------------------
/opt/airflow/dags/sgfood_elt_dag.py                           1           0  0.31s           2026-10-07T18:45:57
================================================================================
[2026-10-07T18:46:27.885+0000] {manager.py:879} INFO - 
================================================================================
DAG File Processing Stats

File Path                            PID    Runtime      # DAGs    # Errors  Last Runtime    Last Run
-----------------------------------  -----  ---------  --------  ----------  --------------  -------------------
/opt/airflow/dags/sgfood_elt_dag.py                           1           0  0.33s           2026-10-07T18:46:27
================================================================================
[2026-10-07T18:46:56.370+0000] {manager.py:879} INFO - 
================================================================================
DAG File Processing Stats

File Path                            PID    Runtime      # DAGs    # Errors  Last Runtime    Last Run
-----------------------------------  -----  ---------  --------  ----------  --------------  -------------------
/opt/airflow/dags/sgfood_elt_dag.py                           1           0  0.33s           2026-10-07T18:46:27
================================================================================
[2026-10-07T18:47:24.918+0000] {manager.py:879} INFO - 
================================================================================
DAG File Processing Stats

File Path                            PID    Runtime      # DAGs    # Errors  Last Runtime    Last Run
-----------------------------------  -----  ---------  --------  ----------  --------------  -------------------
/opt/airflow/dags/sgfood_elt_dag.py                           1           0  0.31s           2026-10-07T18:46:58
================================================================================
[2026-10-07T18:47:53.285+0000] {manager.py:879} INFO - 
================================================================================
DAG File Processing Stats

File Path                            PID    Runtime      # DAGs    # Errors  Last Runtime    Last Run
-----------------------------------  -----  ---------  --------  ----------  --------------  -------------------
/opt/airflow/dags/sgfood_elt_dag.py                           1           0  0.31s           2026-10-07T18:47:28
================================================================================
[2026-10-07T18:48:21.842+0000] {manager.py:879} INFO - 
================================================================================
DAG File Processing Stats

File Path                            PID    Runtime      # DAGs    # Errors  Last Runtime    Last Run
-----------------------------------  -----  ---------  --------  ----------  --------------  -------------------
/opt/airflow/dags/sgfood_elt_dag.py                           1           0  0.32s           2026-10-07T18:47:59
================================================================================
[2026-10-07T18:48:50.175+0000] {manager.py:879} INFO - 
================================================================================
DAG File Processing Stats

File Path                            PID    Runtime      # DAGs    # Errors  Last Runtime    Last Run
-----------------------------------  -----  ---------  --------  ----------  --------------  -------------------
/opt/airflow/dags/sgfood_elt_dag.py                           1           0  0.31s           2026-10-07T18:48:30
================================================================================
[2026-10-07T18:49:09.547+0000] {manager.py:738} INFO - Searching for files in /opt/airflow/dags
[2026-10-07T18:49:09.597+0000] {manager.py:741} INFO - There are 1 files in /opt/airflow/dags
[2026-10-07T18:49:18.688+0000] {manager.py:879} INFO - 
================================================================================
DAG File Processing Stats

File Path                            PID    Runtime      # DAGs    # Errors  Last Runtime    Last Run
-----------------------------------  -----  ---------  --------  ----------  --------------  -------------------
/opt/airflow/dags/sgfood_elt_dag.py                           1           0  0.31s           2026-10-07T18:49:01
================================================================================
[2026-10-07T18:49:47.038+0000] {manager.py:879} INFO - 
================================================================================
DAG File Processing Stats

File Path                            PID    Runtime      # DAGs    # Errors  Last Runtime    Last Run
-----------------------------------  -----  ---------  --------  ----------  --------------  -------------------
/opt/airflow/dags/sgfood_elt_dag.py                           1           0  0.33s           2026-10-07T18:49:32
================================================================================
[2026-10-07T18:50:15.438+0000] {manager.py:879} INFO - 
================================================================================
DAG File Processing Stats

File Path                            PID    Runtime      # DAGs    # Errors  Last Runtime    Last Run
-----------------------------------  -----  ---------  --------  ----------  --------------  -------------------
/opt/airflow/dags/sgfood_elt_dag.py                           1           0  0.32s           2026-10-07T18:50:03
================================================================================
[2026-10-07T18:50:43.947+0000] {manager.py:879} INFO - 
================================================================================
DAG File Processing Stats

File Path                            PID    Runtime      # DAGs    # Errors  Last Runtime    Last Run
-----------------------------------  -----  ---------  --------  ----------  --------------  -------------------
/opt/airflow/dags/sgfood_elt_dag.py                           1           0  0.32s           2026-10-07T18:50:33
================================================================================
[2026-10-07T18:51:12.323+0000] {manager.py:879} INFO - 
================================================================================
DAG File Processing Stats

File Path                            PID    Runtime      # DAGs    # Errors  Last Runtime    Last Run
-----------------------------------  -----  ---------  --------  ----------  --------------  -------------------
/opt/airflow/dags/sgfood_elt_dag.py                           1           0  0.33s           2026-10-07T18:51:04
================================================================================
[2026-10-07T18:51:40.824+0000] {manager.py:879} INFO - 
================================================================================
DAG File Processing Stats

File Path                            PID    Runtime      # DAGs    # Errors  Last Runtime    Last Run
-----------------------------------  -----  ---------  --------  ----------  --------------  -------------------
/opt/airflow/dags/sgfood_elt_dag.py                           1           0  0.33s           2026-10-07T18:51:35
================================================================================
[2026-10-07T18:52:09.170+0000] {manager.py:879} INFO - 
================================================================================
DAG File Processing Stats

File Path                            PID    Runtime      # DAGs    # Errors  Last Runtime    Last Run
-----------------------------------  -----  ---------  --------  ----------  --------------  -------------------
/opt/airflow/dags/sgfood_elt_dag.py                           1           0  0.31s           2026-10-07T18:52:06
================================================================================
[2026-10-07T18:52:37.643+0000] {manager.py:879} INFO - 
================================================================================
DAG File Processing Stats

File Path                            PID    Runtime      # DAGs    # Errors  Last Runtime    Last Run
-----------------------------------  -----  ---------  --------  ----------  --------------  -------------------
/opt/airflow/dags/sgfood_elt_dag.py                           1           0  0.32s           2026-10-07T18:52:37
================================================================================
[2026-10-07T18:53:06.162+0000] {manager.py:879} INFO - 
================================================================================
DAG File Processing Stats

File Path                            PID    Runtime      # DAGs    # Errors  Last Runtime    Last Run
-----------------------------------  -----  ---------  --------  ----------  --------------  -------------------
/opt/airflow/dags/sgfood_elt_dag.py                           1           0  0.32s           2026-10-07T18:52:37
================================================================================
[2026-10-07T18:53:34.493+0000] {manager.py:879} INFO - 
================================================================================
DAG File Processing Stats

File Path                            PID    Runtime      # DAGs    # Errors  Last Runtime    Last Run
-----------------------------------  -----  ---------  --------  ----------  --------------  -------------------
/opt/airflow/dags/sgfood_elt_dag.py                           1           0  0.33s           2026-10-07T18:53:07
================================================================================
[2026-10-07T18:54:03.072+0000] {manager.py:879} INFO - 
================================================================================
DAG File Processing Stats

File Path                            PID    Runtime      # DAGs    # Errors  Last Runtime    Last Run
-----------------------------------  -----  ---------  --------  ----------  --------------  -------------------
/opt/airflow/dags/sgfood_elt_dag.py                           1           0  0.32s           2026-10-07T18:53:38
================================================================================
[2026-10-07T18:54:10.074+0000] {manager.py:738} INFO - Searching for files in /opt/airflow/dags
[2026-10-07T18:54:10.119+0000] {manager.py:741} INFO - There are 1 files in /opt/airflow/dags
[2026-10-07T18:54:31.420+0000] {manager.py:879} INFO - 
================================================================================
DAG File Processing Stats

File Path                            PID    Runtime      # DAGs    # Errors  Last Runtime    Last Run
-----------------------------------  -----  ---------  --------  ----------  --------------  -------------------
/opt/airflow/dags/sgfood_elt_dag.py                           1           0  0.31s           2026-10-07T18:54:09
================================================================================
[2026-10-07T18:54:59.884+0000] {manager.py:879} INFO - 
================================================================================
DAG File Processing Stats

File Path                            PID    Runtime      # DAGs    # Errors  Last Runtime    Last Run
-----------------------------------  -----  ---------  --------  ----------  --------------  -------------------
/opt/airflow/dags/sgfood_elt_dag.py                           1           0  0.31s           2026-10-07T18:54:40
================================================================================
[2026-10-07T18:55:28.259+0000] {manager.py:879} INFO - 
================================================================================
DAG File Processing Stats

File Path                            PID    Runtime      # DAGs    # Errors  Last Runtime    Last Run
-----------------------------------  -----  ---------  --------  ----------  --------------  -------------------
/opt/airflow/dags/sgfood_elt_dag.py                           1           0  0.32s           2026-10-07T18:55:11
================================================================================
[2026-10-07T18:55:56.821+0000] {manager.py:879} INFO - 
================================================================================
DAG File Processing Stats

File Path                            PID    Runtime      # DAGs    # Errors  Last Runtime    Last Run
-----------------------------------  -----  ---------  --------  ----------  --------------  -------------------
/opt/airflow/dags/sgfood_elt_dag.py                           1           0  0.32s           2026-10-07T18:55:41
================================================================================
[2026-10-07T18:56:25.426+0000] {manager.py:879} INFO - 
================================================================================
DAG File Processing Stats

File Path                            PID    Runtime      # DAGs    # Errors  Last Runtime    Last Run
-----------------------------------  -----  ---------  --------  ----------  --------------  -------------------
/opt/airflow/dags/sgfood_elt_dag.py                           1           0  0.31s           2026-10-07T18:56:12
================================================================================
[2026-10-07T18:56:52.969+0000] {manager.py:879} INFO - 
================================================================================
DAG File Processing Stats

File Path                            PID    Runtime      # DAGs    # Errors  Last Runtime    Last Run
-----------------------------------  -----  ---------  --------  ----------  --------------  -------------------
/opt/airflow/dags/sgfood_elt_dag.py                           1           0  0.32s           2026-10-07T18:56:43
================================================================================
[2026-10-07T18:57:22.377+0000] {manager.py:879} INFO - 
================================================================================
DAG File Processing Stats

File Path                            PID    Runtime      # DAGs    # Errors  Last Runtime    Last Run
-----------------------------------  -----  ---------  --------  ----------  --------------  -------------------
/opt/airflow/dags/sgfood_elt_dag.py                           1           0  0.33s           2026-10-07T18:57:14
================================================================================
[2026-10-07T18:57:50.448+0000] {manager.py:879} INFO - 
================================================================================
DAG File Processing Stats

File Path                            PID    Runtime      # DAGs    # Errors  Last Runtime    Last Run
-----------------------------------  -----  ---------  --------  ----------  --------------  -------------------
/opt/airflow/dags/sgfood_elt_dag.py                           1           0  0.32s           2026-10-07T18:57:45
================================================================================
[2026-10-07T18:58:18.729+0000] {manager.py:879} INFO - 
================================================================================
DAG File Processing Stats

File Path                            PID    Runtime      # DAGs    # Errors  Last Runtime    Last Run
-----------------------------------  -----  ---------  --------  ----------  --------------  -------------------
/opt/airflow/dags/sgfood_elt_dag.py                           1           0  0.32s           2026-10-07T18:58:16
================================================================================
[2026-10-07T18:58:46.947+0000] {manager.py:879} INFO - 
================================================================================
DAG File Processing Stats

File Path                            PID    Runtime      # DAGs    # Errors  Last Runtime    Last Run
-----------------------------------  -----  ---------  --------  ----------  --------------  -------------------
/opt/airflow/dags/sgfood_elt_dag.py                           1           0  0.32s           2026-10-07T18:58:46
================================================================================
[2026-10-07T18:59:10.863+0000] {manager.py:738} INFO - Searching for files in /opt/airflow/dags
[2026-10-07T18:59:10.912+0000] {manager.py:741} INFO - There are 1 files in /opt/airflow/dags
[2026-10-07T18:59:15.347+0000] {manager.py:879} INFO - 
================================================================================
DAG File Processing Stats

File Path                            PID    Runtime      # DAGs    # Errors  Last Runtime    Last Run
-----------------------------------  -----  ---------  --------  ----------  --------------  -------------------
/opt/airflow/dags/sgfood_elt_dag.py                           1           0  0.32s           2026-10-07T18:58:46
================================================================================
[2026-10-07T18:59:43.890+0000] {manager.py:879} INFO - 
================================================================================
DAG File Processing Stats

File Path                            PID    Runtime      # DAGs    # Errors  Last Runtime    Last Run
-----------------------------------  -----  ---------  --------  ----------  --------------  -------------------
/opt/airflow/dags/sgfood_elt_dag.py                           1           0  0.33s           2026-10-07T18:59:17
================================================================================
[2026-10-07T19:00:12.163+0000] {manager.py:879} INFO - 
================================================================================
DAG File Processing Stats

File Path                            PID    Runtime      # DAGs    # Errors  Last Runtime    Last Run
-----------------------------------  -----  ---------  --------  ----------  --------------  -------------------
/opt/airflow/dags/sgfood_elt_dag.py                           1           0  0.31s           2026-10-07T18:59:48
================================================================================
[2026-10-07T19:00:40.567+0000] {manager.py:879} INFO - 
================================================================================
DAG File Processing Stats

File Path                            PID    Runtime      # DAGs    # Errors  Last Runtime    Last Run
-----------------------------------  -----  ---------  --------  ----------  --------------  -------------------
/opt/airflow/dags/sgfood_elt_dag.py                           1           0  0.32s           2026-10-07T19:00:18
================================================================================
[2026-10-07T19:01:08.860+0000] {manager.py:879} INFO - 
================================================================================
DAG File Processing Stats

File Path                            PID    Runtime      # DAGs    # Errors  Last Runtime    Last Run
-----------------------------------  -----  ---------  --------  ----------  --------------  -------------------
/opt/airflow/dags/sgfood_elt_dag.py                           1           0  0.22s           2026-10-07T19:00:49
================================================================================
[2026-10-07T19:01:37.247+0000] {manager.py:879} INFO - 
================================================================================
DAG File Processing Stats

File Path                            PID    Runtime      # DAGs    # Errors  Last Runtime    Last Run
-----------------------------------  -----  ---------  --------  ----------  --------------  -------------------
/opt/airflow/dags/sgfood_elt_dag.py                           1           0  0.32s           2026-10-07T19:01:20
================================================================================
[2026-10-07T19:02:05.632+0000] {manager.py:879} INFO - 
================================================================================
DAG File Processing Stats

File Path                            PID    Runtime      # DAGs    # Errors  Last Runtime    Last Run
-----------------------------------  -----  ---------  --------  ----------  --------------  -------------------
/opt/airflow/dags/sgfood_elt_dag.py                           1           0  0.32s           2026-10-07T19:01:51
================================================================================
[2026-10-07T19:02:34.013+0000] {manager.py:879} INFO - 
================================================================================
DAG File Processing Stats

File Path                            PID    Runtime      # DAGs    # Errors  Last Runtime    Last Run
-----------------------------------  -----  ---------  --------  ----------  --------------  -------------------
/opt/airflow/dags/sgfood_elt_dag.py                           1           0  0.32s           2026-10-07T19:02:22
================================================================================
[2026-10-07T19:03:02.409+0000] {manager.py:879} INFO - 
================================================================================
DAG File Processing Stats

File Path                            PID    Runtime      # DAGs    # Errors  Last Runtime    Last Run
-----------------------------------  -----  ---------  --------  ----------  --------------  -------------------
/opt/airflow/dags/sgfood_elt_dag.py                           1           0  0.31s           2026-10-07T19:02:53
================================================================================
[2026-10-07T19:03:30.745+0000] {manager.py:879} INFO - 
================================================================================
DAG File Processing Stats

File Path                            PID    Runtime      # DAGs    # Errors  Last Runtime    Last Run
-----------------------------------  -----  ---------  --------  ----------  --------------  -------------------
/opt/airflow/dags/sgfood_elt_dag.py                           1           0  0.31s           2026-10-07T19:03:24
================================================================================
[2026-10-07T19:03:59.144+0000] {manager.py:879} INFO - 
================================================================================
DAG File Processing Stats

File Path                            PID    Runtime      # DAGs    # Errors  Last Runtime    Last Run
-----------------------------------  -----  ---------  --------  ----------  --------------  -------------------
/opt/airflow/dags/sgfood_elt_dag.py                           1           0  0.31s           2026-10-07T19:03:55
================================================================================
[2026-10-07T19:04:11.289+0000] {manager.py:738} INFO - Searching for files in /opt/airflow/dags
[2026-10-07T19:04:11.335+0000] {manager.py:741} INFO - There are 1 files in /opt/airflow/dags
[2026-10-07T19:04:27.467+0000] {manager.py:879} INFO - 
================================================================================
DAG File Processing Stats

File Path                            PID    Runtime      # DAGs    # Errors  Last Runtime    Last Run
-----------------------------------  -----  ---------  --------  ----------  --------------  -------------------
/opt/airflow/dags/sgfood_elt_dag.py                           1           0  0.33s           2026-10-07T19:04:25
================================================================================
[2026-10-07T19:04:56.216+0000] {manager.py:879} INFO - 
================================================================================
DAG File Processing Stats

File Path                            PID    Runtime      # DAGs    # Errors  Last Runtime    Last Run
-----------------------------------  -----  ---------  --------  ----------  --------------  -------------------
/opt/airflow/dags/sgfood_elt_dag.py                           1           0  0.32s           2026-10-07T19:04:56
================================================================================
[2026-10-07T19:05:24.610+0000] {manager.py:879} INFO - 
================================================================================
DAG File Processing Stats

File Path                            PID    Runtime      # DAGs    # Errors  Last Runtime    Last Run
-----------------------------------  -----  ---------  --------  ----------  --------------  -------------------
/opt/airflow/dags/sgfood_elt_dag.py                           1           0  0.32s           2026-10-07T19:04:56
================================================================================
[2026-10-07T19:05:53.031+0000] {manager.py:879} INFO - 
================================================================================
DAG File Processing Stats

File Path                            PID    Runtime      # DAGs    # Errors  Last Runtime    Last Run
-----------------------------------  -----  ---------  --------  ----------  --------------  -------------------
/opt/airflow/dags/sgfood_elt_dag.py                           1           0  0.31s           2026-10-07T19:05:27
================================================================================
[2026-10-07T19:06:21.406+0000] {manager.py:879} INFO - 
================================================================================
DAG File Processing Stats

File Path                            PID    Runtime      # DAGs    # Errors  Last Runtime    Last Run
-----------------------------------  -----  ---------  --------  ----------  --------------  -------------------
/opt/airflow/dags/sgfood_elt_dag.py                           1           0  0.32s           2026-10-07T19:05:57
================================================================================
[2026-10-07T19:06:49.797+0000] {manager.py:879} INFO - 
================================================================================
DAG File Processing Stats

File Path                            PID    Runtime      # DAGs    # Errors  Last Runtime    Last Run
-----------------------------------  -----  ---------  --------  ----------  --------------  -------------------
/opt/airflow/dags/sgfood_elt_dag.py                           1           0  0.32s           2026-10-07T19:06:28
================================================================================
[2026-10-07T19:07:18.320+0000] {manager.py:879} INFO - 
================================================================================
DAG File Processing Stats

File Path                            PID    Runtime      # DAGs    # Errors  Last Runtime    Last Run
-----------------------------------  -----  ---------  --------  ----------  --------------  -------------------
/opt/airflow/dags/sgfood_elt_dag.py                           1           0  0.32s           2026-10-07T19:06:59
================================================================================
[2026-10-07T19:07:46.527+0000] {manager.py:879} INFO - 
================================================================================
DAG File Processing Stats

File Path                            PID    Runtime      # DAGs    # Errors  Last Runtime    Last Run
-----------------------------------  -----  ---------  --------  ----------  --------------  -------------------
/opt/airflow/dags/sgfood_elt_dag.py                           1           0  0.33s           2026-10-07T19:07:30
================================================================================
[2026-10-07T19:08:14.418+0000] {manager.py:879} INFO - 
================================================================================
DAG File Processing Stats

File Path                            PID    Runtime      # DAGs    # Errors  Last Runtime    Last Run
-----------------------------------  -----  ---------  --------  ----------  --------------  -------------------
/opt/airflow/dags/sgfood_elt_dag.py                           1           0  0.32s           2026-10-07T19:08:01
================================================================================
[2026-10-07T19:08:42.785+0000] {manager.py:879} INFO - 
================================================================================
DAG File Processing Stats

File Path                            PID    Runtime      # DAGs    # Errors  Last Runtime    Last Run
-----------------------------------  -----  ---------  --------  ----------  --------------  -------------------
/opt/airflow/dags/sgfood_elt_dag.py                           1           0  0.31s           2026-10-07T19:08:32
================================================================================
[2026-10-07T19:09:11.108+0000] {manager.py:879} INFO - 
================================================================================
DAG File Processing Stats

File Path                            PID    Runtime      # DAGs    # Errors  Last Runtime    Last Run
-----------------------------------  -----  ---------  --------  ----------  --------------  -------------------
/opt/airflow/dags/sgfood_elt_dag.py                           1           0  0.31s           2026-10-07T19:09:03
================================================================================
[2026-10-07T19:09:12.157+0000] {manager.py:738} INFO - Searching for files in /opt/airflow/dags
[2026-10-07T19:09:12.200+0000] {manager.py:741} INFO - There are 1 files in /opt/airflow/dags
[2026-10-07T19:09:39.388+0000] {manager.py:879} INFO - 
================================================================================
DAG File Processing Stats

File Path                            PID    Runtime      # DAGs    # Errors  Last Runtime    Last Run
-----------------------------------  -----  ---------  --------  ----------  --------------  -------------------
/opt/airflow/dags/sgfood_elt_dag.py                           1           0  0.31s           2026-10-07T19:09:34
================================================================================
[2026-10-07T19:10:07.599+0000] {manager.py:879} INFO - 
================================================================================
DAG File Processing Stats

File Path                            PID    Runtime      # DAGs    # Errors  Last Runtime    Last Run
-----------------------------------  -----  ---------  --------  ----------  --------------  -------------------
/opt/airflow/dags/sgfood_elt_dag.py                           1           0  0.32s           2026-10-07T19:10:05
================================================================================
[2026-10-07T19:10:36.218+0000] {manager.py:879} INFO - 
================================================================================
DAG File Processing Stats

File Path                            PID    Runtime      # DAGs    # Errors  Last Runtime    Last Run
-----------------------------------  -----  ---------  --------  ----------  --------------  -------------------
/opt/airflow/dags/sgfood_elt_dag.py                           1           0  0.32s           2026-10-07T19:10:36
================================================================================
[2026-10-07T19:11:04.484+0000] {manager.py:879} INFO - 
================================================================================
DAG File Processing Stats

File Path                            PID    Runtime      # DAGs    # Errors  Last Runtime    Last Run
-----------------------------------  -----  ---------  --------  ----------  --------------  -------------------
/opt/airflow/dags/sgfood_elt_dag.py                           1           0  0.32s           2026-10-07T19:10:36
================================================================================
[2026-10-07T19:11:32.820+0000] {manager.py:879} INFO - 
================================================================================
DAG File Processing Stats

File Path                            PID    Runtime      # DAGs    # Errors  Last Runtime    Last Run
-----------------------------------  -----  ---------  --------  ----------  --------------  -------------------
/opt/airflow/dags/sgfood_elt_dag.py                           1           0  0.31s           2026-10-07T19:11:06
================================================================================
[2026-10-07T19:12:01.174+0000] {manager.py:879} INFO - 
================================================================================
DAG File Processing Stats

File Path                            PID    Runtime      # DAGs    # Errors  Last Runtime    Last Run
-----------------------------------  -----  ---------  --------  ----------  --------------  -------------------
/opt/airflow/dags/sgfood_elt_dag.py                           1           0  0.32s           2026-10-07T19:11:37
================================================================================
[2026-10-07T19:12:29.423+0000] {manager.py:879} INFO - 
================================================================================
DAG File Processing Stats

File Path                            PID    Runtime      # DAGs    # Errors  Last Runtime    Last Run
-----------------------------------  -----  ---------  --------  ----------  --------------  -------------------
/opt/airflow/dags/sgfood_elt_dag.py                           1           0  -0.15s          2026-10-07T19:12:08
================================================================================
[2026-10-07T19:12:57.415+0000] {manager.py:879} INFO - 
================================================================================
DAG File Processing Stats

File Path                            PID    Runtime      # DAGs    # Errors  Last Runtime    Last Run
-----------------------------------  -----  ---------  --------  ----------  --------------  -------------------
/opt/airflow/dags/sgfood_elt_dag.py                           1           0  0.32s           2026-10-07T19:12:39
================================================================================
[2026-10-07T19:13:25.696+0000] {manager.py:879} INFO - 
================================================================================
DAG File Processing Stats

File Path                            PID    Runtime      # DAGs    # Errors  Last Runtime    Last Run
-----------------------------------  -----  ---------  --------  ----------  --------------  -------------------
/opt/airflow/dags/sgfood_elt_dag.py                           1           0  0.32s           2026-10-07T19:13:09
================================================================================
[2026-10-07T19:13:53.810+0000] {manager.py:879} INFO - 
================================================================================
DAG File Processing Stats

File Path                            PID    Runtime      # DAGs    # Errors  Last Runtime    Last Run
-----------------------------------  -----  ---------  --------  ----------  --------------  -------------------
/opt/airflow/dags/sgfood_elt_dag.py                           1           0  0.33s           2026-10-07T19:13:41
================================================================================
[2026-10-07T19:14:13.277+0000] {manager.py:738} INFO - Searching for files in /opt/airflow/dags
[2026-10-07T19:14:13.330+0000] {manager.py:741} INFO - There are 1 files in /opt/airflow/dags
[2026-10-07T19:14:22.109+0000] {manager.py:879} INFO - 
================================================================================
DAG File Processing Stats

File Path                            PID    Runtime      # DAGs    # Errors  Last Runtime    Last Run
-----------------------------------  -----  ---------  --------  ----------  --------------  -------------------
/opt/airflow/dags/sgfood_elt_dag.py                           1           0  0.33s           2026-10-07T19:14:12
================================================================================
[2026-10-07T19:14:50.267+0000] {manager.py:879} INFO - 
================================================================================
DAG File Processing Stats

File Path                            PID    Runtime      # DAGs    # Errors  Last Runtime    Last Run
-----------------------------------  -----  ---------  --------  ----------  --------------  -------------------
/opt/airflow/dags/sgfood_elt_dag.py                           1           0  0.65s           2026-10-07T19:14:43
================================================================================
[2026-10-07T19:15:18.288+0000] {manager.py:879} INFO - 
================================================================================
DAG File Processing Stats

File Path                            PID    Runtime      # DAGs    # Errors  Last Runtime    Last Run
-----------------------------------  -----  ---------  --------  ----------  --------------  -------------------
/opt/airflow/dags/sgfood_elt_dag.py                           1           0  0.33s           2026-10-07T19:15:14
================================================================================
[2026-10-07T19:15:46.561+0000] {manager.py:879} INFO - 
================================================================================
DAG File Processing Stats

File Path                            PID    Runtime      # DAGs    # Errors  Last Runtime    Last Run
-----------------------------------  -----  ---------  --------  ----------  --------------  -------------------
/opt/airflow/dags/sgfood_elt_dag.py                           1           0  0.31s           2026-10-07T19:15:45
================================================================================
[2026-10-07T19:16:14.754+0000] {manager.py:879} INFO - 
================================================================================
DAG File Processing Stats

File Path                            PID    Runtime      # DAGs    # Errors  Last Runtime    Last Run
-----------------------------------  -----  ---------  --------  ----------  --------------  -------------------
/opt/airflow/dags/sgfood_elt_dag.py                           1           0  0.31s           2026-10-07T19:15:45
================================================================================
[2026-10-07T19:16:42.674+0000] {manager.py:879} INFO - 
================================================================================
DAG File Processing Stats

File Path                            PID    Runtime      # DAGs    # Errors  Last Runtime    Last Run
-----------------------------------  -----  ---------  --------  ----------  --------------  -------------------
/opt/airflow/dags/sgfood_elt_dag.py                           1           0  0.33s           2026-10-07T19:16:16
================================================================================
[2026-10-07T19:17:10.797+0000] {manager.py:879} INFO - 
================================================================================
DAG File Processing Stats

File Path                            PID    Runtime      # DAGs    # Errors  Last Runtime    Last Run
-----------------------------------  -----  ---------  --------  ----------  --------------  -------------------
/opt/airflow/dags/sgfood_elt_dag.py                           1           0  0.31s           2026-10-07T19:16:46
================================================================================
[2026-10-07T19:17:38.830+0000] {manager.py:879} INFO - 
================================================================================
DAG File Processing Stats

File Path                            PID    Runtime      # DAGs    # Errors  Last Runtime    Last Run
-----------------------------------  -----  ---------  --------  ----------  --------------  -------------------
/opt/airflow/dags/sgfood_elt_dag.py                           1           0  0.31s           2026-10-07T19:17:16
================================================================================
[2026-10-07T19:18:06.716+0000] {manager.py:879} INFO - 
================================================================================
DAG File Processing Stats

File Path                            PID    Runtime      # DAGs    # Errors  Last Runtime    Last Run
-----------------------------------  -----  ---------  --------  ----------  --------------  -------------------
/opt/airflow/dags/sgfood_elt_dag.py                           1           0  0.32s           2026-10-07T19:17:48
================================================================================
[2026-10-07T19:18:34.961+0000] {manager.py:879} INFO - 
================================================================================
DAG File Processing Stats

File Path                            PID    Runtime      # DAGs    # Errors  Last Runtime    Last Run
-----------------------------------  -----  ---------  --------  ----------  --------------  -------------------
/opt/airflow/dags/sgfood_elt_dag.py                           1           0  0.31s           2026-10-07T19:18:18
================================================================================
[2026-10-07T19:19:03.094+0000] {manager.py:879} INFO - 
================================================================================
DAG File Processing Stats

File Path                            PID    Runtime      # DAGs    # Errors  Last Runtime    Last Run
-----------------------------------  -----  ---------  --------  ----------  --------------  -------------------
/opt/airflow/dags/sgfood_elt_dag.py                           1           0  0.32s           2026-10-07T19:18:49
================================================================================
[2026-10-07T19:19:13.697+0000] {manager.py:738} INFO - Searching for files in /opt/airflow/dags
[2026-10-07T19:19:13.749+0000] {manager.py:741} INFO - There are 1 files in /opt/airflow/dags
[2026-10-07T19:19:31.263+0000] {manager.py:879} INFO - 
================================================================================
DAG File Processing Stats

File Path                            PID    Runtime      # DAGs    # Errors  Last Runtime    Last Run
-----------------------------------  -----  ---------  --------  ----------  --------------  -------------------
/opt/airflow/dags/sgfood_elt_dag.py                           1           0  0.31s           2026-10-07T19:19:19
================================================================================
[2026-10-07T19:19:59.363+0000] {manager.py:879} INFO - 
================================================================================
DAG File Processing Stats

File Path                            PID    Runtime      # DAGs    # Errors  Last Runtime    Last Run
-----------------------------------  -----  ---------  --------  ----------  --------------  -------------------
/opt/airflow/dags/sgfood_elt_dag.py                           1           0  0.32s           2026-10-07T19:19:50
================================================================================
[2026-10-07T19:20:27.373+0000] {manager.py:879} INFO - 
================================================================================
DAG File Processing Stats

File Path                            PID    Runtime      # DAGs    # Errors  Last Runtime    Last Run
-----------------------------------  -----  ---------  --------  ----------  --------------  -------------------
/opt/airflow/dags/sgfood_elt_dag.py                           1           0  0.33s           2026-10-07T19:20:21
================================================================================
[2026-10-07T19:20:55.458+0000] {manager.py:879} INFO - 
================================================================================
DAG File Processing Stats

File Path                            PID    Runtime      # DAGs    # Errors  Last Runtime    Last Run
-----------------------------------  -----  ---------  --------  ----------  --------------  -------------------
/opt/airflow/dags/sgfood_elt_dag.py                           1           0  0.33s           2026-10-07T19:20:53
================================================================================
[2026-10-07T19:21:23.930+0000] {manager.py:879} INFO - 
================================================================================
DAG File Processing Stats

File Path                            PID    Runtime      # DAGs    # Errors  Last Runtime    Last Run
-----------------------------------  -----  ---------  --------  ----------  --------------  -------------------
/opt/airflow/dags/sgfood_elt_dag.py                           1           0  0.31s           2026-10-07T19:21:23
================================================================================
[2026-10-07T19:21:51.893+0000] {manager.py:879} INFO - 
================================================================================
DAG File Processing Stats

File Path                            PID    Runtime      # DAGs    # Errors  Last Runtime    Last Run
-----------------------------------  -----  ---------  --------  ----------  --------------  -------------------
/opt/airflow/dags/sgfood_elt_dag.py                           1           0  0.31s           2026-10-07T19:21:23
================================================================================
[2026-10-07T19:22:19.987+0000] {manager.py:879} INFO - 
================================================================================
DAG File Processing Stats

File Path                            PID    Runtime      # DAGs    # Errors  Last Runtime    Last Run
-----------------------------------  -----  ---------  --------  ----------  --------------  -------------------
/opt/airflow/dags/sgfood_elt_dag.py                           1           0  0.32s           2026-10-07T19:21:54
================================================================================
[2026-10-07T19:22:47.954+0000] {manager.py:879} INFO - 
================================================================================
DAG File Processing Stats

File Path                            PID    Runtime      # DAGs    # Errors  Last Runtime    Last Run
-----------------------------------  -----  ---------  --------  ----------  --------------  -------------------
/opt/airflow/dags/sgfood_elt_dag.py                           1           0  -1.87s          2026-10-07T19:22:23
================================================================================
[2026-10-07T19:23:15.976+0000] {manager.py:879} INFO - 
================================================================================
DAG File Processing Stats

File Path                            PID    Runtime      # DAGs    # Errors  Last Runtime    Last Run
-----------------------------------  -----  ---------  --------  ----------  --------------  -------------------
/opt/airflow/dags/sgfood_elt_dag.py                           1           0  0.31s           2026-10-07T19:22:54
================================================================================
[2026-10-07T19:23:44.066+0000] {manager.py:879} INFO - 
================================================================================
DAG File Processing Stats

File Path                            PID    Runtime      # DAGs    # Errors  Last Runtime    Last Run
-----------------------------------  -----  ---------  --------  ----------  --------------  -------------------
/opt/airflow/dags/sgfood_elt_dag.py                           1           0  0.32s           2026-10-07T19:23:25
================================================================================
[2026-10-07T19:24:12.162+0000] {manager.py:879} INFO - 
================================================================================
DAG File Processing Stats

File Path                            PID    Runtime      # DAGs    # Errors  Last Runtime    Last Run
-----------------------------------  -----  ---------  --------  ----------  --------------  -------------------
/opt/airflow/dags/sgfood_elt_dag.py                           1           0  0.33s           2026-10-07T19:23:56
================================================================================
[2026-10-07T19:24:14.003+0000] {manager.py:738} INFO - Searching for files in /opt/airflow/dags
[2026-10-07T19:24:14.052+0000] {manager.py:741} INFO - There are 1 files in /opt/airflow/dags
[2026-10-07T19:24:40.109+0000] {manager.py:879} INFO - 
================================================================================
DAG File Processing Stats

File Path                            PID    Runtime      # DAGs    # Errors  Last Runtime    Last Run
-----------------------------------  -----  ---------  --------  ----------  --------------  -------------------
/opt/airflow/dags/sgfood_elt_dag.py                           1           0  0.32s           2026-10-07T19:24:27
================================================================================
[2026-10-07T19:25:08.207+0000] {manager.py:879} INFO - 
================================================================================
DAG File Processing Stats

File Path                            PID    Runtime      # DAGs    # Errors  Last Runtime    Last Run
-----------------------------------  -----  ---------  --------  ----------  --------------  -------------------
/opt/airflow/dags/sgfood_elt_dag.py                           1           0  0.32s           2026-10-07T19:24:58
================================================================================
[2026-10-07T19:25:36.185+0000] {manager.py:879} INFO - 
================================================================================
DAG File Processing Stats

File Path                            PID    Runtime      # DAGs    # Errors  Last Runtime    Last Run
-----------------------------------  -----  ---------  --------  ----------  --------------  -------------------
/opt/airflow/dags/sgfood_elt_dag.py                           1           0  0.31s           2026-10-07T19:25:29
================================================================================
[2026-10-07T19:26:04.247+0000] {manager.py:879} INFO - 
================================================================================
DAG File Processing Stats

File Path                            PID    Runtime      # DAGs    # Errors  Last Runtime    Last Run
-----------------------------------  -----  ---------  --------  ----------  --------------  -------------------
/opt/airflow/dags/sgfood_elt_dag.py                           1           0  0.32s           2026-10-07T19:26:00
================================================================================
[2026-10-07T19:26:32.275+0000] {manager.py:879} INFO - 
================================================================================
DAG File Processing Stats

File Path                            PID    Runtime      # DAGs    # Errors  Last Runtime    Last Run
-----------------------------------  -----  ---------  --------  ----------  --------------  -------------------
/opt/airflow/dags/sgfood_elt_dag.py                           1           0  0.32s           2026-10-07T19:26:30
================================================================================
[2026-10-07T19:27:00.259+0000] {manager.py:879} INFO - 
================================================================================
DAG File Processing Stats

File Path                            PID    Runtime      # DAGs    # Errors  Last Runtime    Last Run
-----------------------------------  -----  ---------  --------  ----------  --------------  -------------------
/opt/airflow/dags/sgfood_elt_dag.py                           1           0  0.32s           2026-10-07T19:26:30
================================================================================
[2026-10-07T19:27:28.306+0000] {manager.py:879} INFO - 
================================================================================
DAG File Processing Stats

File Path                            PID    Runtime      # DAGs    # Errors  Last Runtime    Last Run
-----------------------------------  -----  ---------  --------  ----------  --------------  -------------------
/opt/airflow/dags/sgfood_elt_dag.py                           1           0  0.23s           2026-10-07T19:27:01
================================================================================
[2026-10-07T19:27:56.285+0000] {manager.py:879} INFO - 
================================================================================
DAG File Processing Stats

File Path                            PID    Runtime      # DAGs    # Errors  Last Runtime    Last Run
-----------------------------------  -----  ---------  --------  ----------  --------------  -------------------
/opt/airflow/dags/sgfood_elt_dag.py                           1           0  0.32s           2026-10-07T19:27:32
================================================================================
[2026-10-07T19:28:24.281+0000] {manager.py:879} INFO - 
================================================================================
DAG File Processing Stats

File Path                            PID    Runtime      # DAGs    # Errors  Last Runtime    Last Run
-----------------------------------  -----  ---------  --------  ----------  --------------  -------------------
/opt/airflow/dags/sgfood_elt_dag.py                           1           0  0.32s           2026-10-07T19:28:02
================================================================================
[2026-10-07T19:28:52.262+0000] {manager.py:879} INFO - 
================================================================================
DAG File Processing Stats

File Path                            PID    Runtime      # DAGs    # Errors  Last Runtime    Last Run
-----------------------------------  -----  ---------  --------  ----------  --------------  -------------------
/opt/airflow/dags/sgfood_elt_dag.py                           1           0  0.32s           2026-10-07T19:28:33
================================================================================
[2026-10-07T19:29:14.178+0000] {manager.py:738} INFO - Searching for files in /opt/airflow/dags
[2026-10-07T19:29:14.224+0000] {manager.py:741} INFO - There are 1 files in /opt/airflow/dags
[2026-10-07T19:29:20.268+0000] {manager.py:879} INFO - 
================================================================================
DAG File Processing Stats

File Path                            PID    Runtime      # DAGs    # Errors  Last Runtime    Last Run
-----------------------------------  -----  ---------  --------  ----------  --------------  -------------------
/opt/airflow/dags/sgfood_elt_dag.py                           1           0  0.23s           2026-10-07T19:29:04
================================================================================
[2026-10-07T19:29:48.245+0000] {manager.py:879} INFO - 
================================================================================
DAG File Processing Stats

File Path                            PID    Runtime      # DAGs    # Errors  Last Runtime    Last Run
-----------------------------------  -----  ---------  --------  ----------  --------------  -------------------
/opt/airflow/dags/sgfood_elt_dag.py                           1           0  0.31s           2026-10-07T19:29:35
================================================================================
[2026-10-07T19:30:16.146+0000] {manager.py:879} INFO - 
================================================================================
DAG File Processing Stats

File Path                            PID    Runtime      # DAGs    # Errors  Last Runtime    Last Run
-----------------------------------  -----  ---------  --------  ----------  --------------  -------------------
/opt/airflow/dags/sgfood_elt_dag.py                           1           0  0.31s           2026-10-07T19:30:05
================================================================================
[2026-10-07T19:30:44.216+0000] {manager.py:879} INFO - 
================================================================================
DAG File Processing Stats

File Path                            PID    Runtime      # DAGs    # Errors  Last Runtime    Last Run
-----------------------------------  -----  ---------  --------  ----------  --------------  -------------------
/opt/airflow/dags/sgfood_elt_dag.py                           1           0  0.31s           2026-10-07T19:30:37
================================================================================
[2026-10-07T19:31:12.164+0000] {manager.py:879} INFO - 
================================================================================
DAG File Processing Stats

File Path                            PID    Runtime      # DAGs    # Errors  Last Runtime    Last Run
-----------------------------------  -----  ---------  --------  ----------  --------------  -------------------
/opt/airflow/dags/sgfood_elt_dag.py                           1           0  0.33s           2026-10-07T19:31:07
================================================================================
[2026-10-07T19:31:40.208+0000] {manager.py:879} INFO - 
================================================================================
DAG File Processing Stats

File Path                            PID    Runtime      # DAGs    # Errors  Last Runtime    Last Run
-----------------------------------  -----  ---------  --------  ----------  --------------  -------------------
/opt/airflow/dags/sgfood_elt_dag.py                           1           0  0.31s           2026-10-07T19:31:38
================================================================================
[2026-10-07T19:32:08.232+0000] {manager.py:879} INFO - 
================================================================================
DAG File Processing Stats

File Path                            PID    Runtime      # DAGs    # Errors  Last Runtime    Last Run
-----------------------------------  -----  ---------  --------  ----------  --------------  -------------------
/opt/airflow/dags/sgfood_elt_dag.py                           1           0  0.31s           2026-10-07T19:31:38
================================================================================
[2026-10-07T19:32:36.180+0000] {manager.py:879} INFO - 
================================================================================
DAG File Processing Stats

File Path                            PID    Runtime      # DAGs    # Errors  Last Runtime    Last Run
-----------------------------------  -----  ---------  --------  ----------  --------------  -------------------
/opt/airflow/dags/sgfood_elt_dag.py                           1           0  0.32s           2026-10-07T19:32:10
================================================================================
[2026-10-07T19:33:04.183+0000] {manager.py:879} INFO - 
================================================================================
DAG File Processing Stats

File Path                            PID    Runtime      # DAGs    # Errors  Last Runtime    Last Run
-----------------------------------  -----  ---------  --------  ----------  --------------  -------------------
/opt/airflow/dags/sgfood_elt_dag.py                           1           0  0.24s           2026-10-07T19:32:41
================================================================================
[2026-10-07T19:33:32.161+0000] {manager.py:879} INFO - 
================================================================================
DAG File Processing Stats

File Path                            PID    Runtime      # DAGs    # Errors  Last Runtime    Last Run
-----------------------------------  -----  ---------  --------  ----------  --------------  -------------------
/opt/airflow/dags/sgfood_elt_dag.py                           1           0  0.33s           2026-10-07T19:33:12
================================================================================
[2026-10-07T19:34:00.079+0000] {manager.py:879} INFO - 
================================================================================
DAG File Processing Stats

File Path                            PID    Runtime      # DAGs    # Errors  Last Runtime    Last Run
-----------------------------------  -----  ---------  --------  ----------  --------------  -------------------
/opt/airflow/dags/sgfood_elt_dag.py                           1           0  0.24s           2026-10-07T19:33:43
================================================================================
[2026-10-07T19:34:14.420+0000] {manager.py:738} INFO - Searching for files in /opt/airflow/dags
[2026-10-07T19:34:14.469+0000] {manager.py:741} INFO - There are 1 files in /opt/airflow/dags
[2026-10-07T19:34:28.051+0000] {manager.py:879} INFO - 
================================================================================
DAG File Processing Stats

File Path                            PID    Runtime      # DAGs    # Errors  Last Runtime    Last Run
-----------------------------------  -----  ---------  --------  ----------  --------------  -------------------
/opt/airflow/dags/sgfood_elt_dag.py                           1           0  0.33s           2026-10-07T19:34:13
================================================================================
[2026-10-07T19:34:56.389+0000] {manager.py:879} INFO - 
================================================================================
DAG File Processing Stats

File Path                            PID    Runtime      # DAGs    # Errors  Last Runtime    Last Run
-----------------------------------  -----  ---------  --------  ----------  --------------  -------------------
/opt/airflow/dags/sgfood_elt_dag.py                           1           0  0.32s           2026-10-07T19:34:43
================================================================================
[2026-10-07T19:35:24.307+0000] {manager.py:879} INFO - 
================================================================================
DAG File Processing Stats

File Path                            PID    Runtime      # DAGs    # Errors  Last Runtime    Last Run
-----------------------------------  -----  ---------  --------  ----------  --------------  -------------------
/opt/airflow/dags/sgfood_elt_dag.py                           1           0  0.33s           2026-10-07T19:35:14
================================================================================
[2026-10-07T19:35:52.257+0000] {manager.py:879} INFO - 
================================================================================
DAG File Processing Stats

File Path                            PID    Runtime      # DAGs    # Errors  Last Runtime    Last Run
-----------------------------------  -----  ---------  --------  ----------  --------------  -------------------
/opt/airflow/dags/sgfood_elt_dag.py                           1           0  0.32s           2026-10-07T19:35:45
================================================================================
[2026-10-07T19:36:20.210+0000] {manager.py:879} INFO - 
================================================================================
DAG File Processing Stats

File Path                            PID    Runtime      # DAGs    # Errors  Last Runtime    Last Run
-----------------------------------  -----  ---------  --------  ----------  --------------  -------------------
/opt/airflow/dags/sgfood_elt_dag.py                           1           0  0.23s           2026-10-07T19:36:16
================================================================================
[2026-10-07T19:36:47.958+0000] {manager.py:879} INFO - 
================================================================================
DAG File Processing Stats

File Path                            PID    Runtime      # DAGs    # Errors  Last Runtime    Last Run
-----------------------------------  -----  ---------  --------  ----------  --------------  -------------------
/opt/airflow/dags/sgfood_elt_dag.py                           1           0  0.32s           2026-10-07T19:36:46
================================================================================
[2026-10-07T19:37:15.981+0000] {manager.py:879} INFO - 
================================================================================
DAG File Processing Stats

File Path                            PID    Runtime      # DAGs    # Errors  Last Runtime    Last Run
-----------------------------------  -----  ---------  --------  ----------  --------------  -------------------
/opt/airflow/dags/sgfood_elt_dag.py                           1           0  0.32s           2026-10-07T19:36:46
================================================================================
[2026-10-07T19:37:43.924+0000] {manager.py:879} INFO - 
================================================================================
DAG File Processing Stats

File Path                            PID    Runtime      # DAGs    # Errors  Last Runtime    Last Run
-----------------------------------  -----  ---------  --------  ----------  --------------  -------------------
/opt/airflow/dags/sgfood_elt_dag.py                           1           0  -1.86s          2026-10-07T19:37:14
================================================================================
[2026-10-07T19:38:11.762+0000] {manager.py:879} INFO - 
================================================================================
DAG File Processing Stats

File Path                            PID    Runtime      # DAGs    # Errors  Last Runtime    Last Run
-----------------------------------  -----  ---------  --------  ----------  --------------  -------------------
/opt/airflow/dags/sgfood_elt_dag.py                           1           0  0.31s           2026-10-07T19:37:45
================================================================================
[2026-10-07T19:38:39.738+0000] {manager.py:879} INFO - 
================================================================================
DAG File Processing Stats

File Path                            PID    Runtime      # DAGs    # Errors  Last Runtime    Last Run
-----------------------------------  -----  ---------  --------  ----------  --------------  -------------------
/opt/airflow/dags/sgfood_elt_dag.py                           1           0  0.33s           2026-10-07T19:38:16
================================================================================
[2026-10-07T19:39:07.667+0000] {manager.py:879} INFO - 
================================================================================
DAG File Processing Stats

File Path                            PID    Runtime      # DAGs    # Errors  Last Runtime    Last Run
-----------------------------------  -----  ---------  --------  ----------  --------------  -------------------
/opt/airflow/dags/sgfood_elt_dag.py                           1           0  0.33s           2026-10-07T19:38:47
================================================================================
[2026-10-07T19:39:15.274+0000] {manager.py:738} INFO - Searching for files in /opt/airflow/dags
[2026-10-07T19:39:15.332+0000] {manager.py:741} INFO - There are 1 files in /opt/airflow/dags
[2026-10-07T19:39:35.552+0000] {manager.py:879} INFO - 
================================================================================
DAG File Processing Stats

File Path                            PID    Runtime      # DAGs    # Errors  Last Runtime    Last Run
-----------------------------------  -----  ---------  --------  ----------  --------------  -------------------
/opt/airflow/dags/sgfood_elt_dag.py                           1           0  0.32s           2026-10-07T19:39:18
================================================================================
[2026-10-07T19:40:03.511+0000] {manager.py:879} INFO - 
================================================================================
DAG File Processing Stats

File Path                            PID    Runtime      # DAGs    # Errors  Last Runtime    Last Run
-----------------------------------  -----  ---------  --------  ----------  --------------  -------------------
/opt/airflow/dags/sgfood_elt_dag.py                           1           0  0.34s           2026-10-07T19:39:49
================================================================================
[2026-10-07T19:40:31.415+0000] {manager.py:879} INFO - 
================================================================================
DAG File Processing Stats

File Path                            PID    Runtime      # DAGs    # Errors  Last Runtime    Last Run
-----------------------------------  -----  ---------  --------  ----------  --------------  -------------------
/opt/airflow/dags/sgfood_elt_dag.py                           1           0  0.32s           2026-10-07T19:40:21
================================================================================
[2026-10-07T19:40:57.063+0000] {manager.py:879} INFO - 
================================================================================
DAG File Processing Stats

File Path                            PID    Runtime      # DAGs    # Errors  Last Runtime    Last Run
-----------------------------------  -----  ---------  --------  ----------  --------------  -------------------
/opt/airflow/dags/sgfood_elt_dag.py                           1           0  0.33s           2026-10-07T19:40:52
================================================================================
[2026-10-07T19:41:24.959+0000] {manager.py:879} INFO - 
================================================================================
DAG File Processing Stats

File Path                            PID    Runtime      # DAGs    # Errors  Last Runtime    Last Run
-----------------------------------  -----  ---------  --------  ----------  --------------  -------------------
/opt/airflow/dags/sgfood_elt_dag.py                           1           0  0.31s           2026-10-07T19:41:22
================================================================================
[2026-10-07T19:41:52.799+0000] {manager.py:879} INFO - 
================================================================================
DAG File Processing Stats

File Path                            PID    Runtime      # DAGs    # Errors  Last Runtime    Last Run
-----------------------------------  -----  ---------  --------  ----------  --------------  -------------------
/opt/airflow/dags/sgfood_elt_dag.py                           1           0  0.33s           2026-10-07T19:41:53
================================================================================
[2026-10-07T19:42:20.731+0000] {manager.py:879} INFO - 
================================================================================
DAG File Processing Stats

File Path                            PID    Runtime      # DAGs    # Errors  Last Runtime    Last Run
-----------------------------------  -----  ---------  --------  ----------  --------------  -------------------
/opt/airflow/dags/sgfood_elt_dag.py                           1           0  0.33s           2026-10-07T19:41:53
================================================================================
[2026-10-07T19:42:48.619+0000] {manager.py:879} INFO - 
================================================================================
DAG File Processing Stats

File Path                            PID    Runtime      # DAGs    # Errors  Last Runtime    Last Run
-----------------------------------  -----  ---------  --------  ----------  --------------  -------------------
/opt/airflow/dags/sgfood_elt_dag.py                           1           0  0.32s           2026-10-07T19:42:24
================================================================================
[2026-10-07T19:43:16.445+0000] {manager.py:879} INFO - 
================================================================================
DAG File Processing Stats

File Path                            PID    Runtime      # DAGs    # Errors  Last Runtime    Last Run
-----------------------------------  -----  ---------  --------  ----------  --------------  -------------------
/opt/airflow/dags/sgfood_elt_dag.py                           1           0  0.33s           2026-10-07T19:42:55
================================================================================
[2026-10-07T19:43:44.309+0000] {manager.py:879} INFO - 
================================================================================
DAG File Processing Stats

File Path                            PID    Runtime      # DAGs    # Errors  Last Runtime    Last Run
-----------------------------------  -----  ---------  --------  ----------  --------------  -------------------
/opt/airflow/dags/sgfood_elt_dag.py                           1           0  0.33s           2026-10-07T19:43:26
================================================================================
[2026-10-07T19:44:12.167+0000] {manager.py:879} INFO - 
================================================================================
DAG File Processing Stats

File Path                            PID    Runtime      # DAGs    # Errors  Last Runtime    Last Run
-----------------------------------  -----  ---------  --------  ----------  --------------  -------------------
/opt/airflow/dags/sgfood_elt_dag.py                           1           0  0.33s           2026-10-07T19:43:56
================================================================================
[2026-10-07T19:44:15.841+0000] {manager.py:738} INFO - Searching for files in /opt/airflow/dags
[2026-10-07T19:44:15.887+0000] {manager.py:741} INFO - There are 1 files in /opt/airflow/dags
[2026-10-07T19:44:40.155+0000] {manager.py:879} INFO - 
================================================================================
DAG File Processing Stats

File Path                            PID    Runtime      # DAGs    # Errors  Last Runtime    Last Run
-----------------------------------  -----  ---------  --------  ----------  --------------  -------------------
/opt/airflow/dags/sgfood_elt_dag.py                           1           0  0.32s           2026-10-07T19:44:27
================================================================================
[2026-10-07T19:45:08.031+0000] {manager.py:879} INFO - 
================================================================================
DAG File Processing Stats

File Path                            PID    Runtime      # DAGs    # Errors  Last Runtime    Last Run
-----------------------------------  -----  ---------  --------  ----------  --------------  -------------------
/opt/airflow/dags/sgfood_elt_dag.py                           1           0  0.32s           2026-10-07T19:44:58
================================================================================
[2026-10-07T19:45:35.955+0000] {manager.py:879} INFO - 
================================================================================
DAG File Processing Stats

File Path                            PID    Runtime      # DAGs    # Errors  Last Runtime    Last Run
-----------------------------------  -----  ---------  --------  ----------  --------------  -------------------
/opt/airflow/dags/sgfood_elt_dag.py                           1           0  0.31s           2026-10-07T19:45:28
================================================================================
[2026-10-07T19:46:03.816+0000] {manager.py:879} INFO - 
================================================================================
DAG File Processing Stats

File Path                            PID    Runtime      # DAGs    # Errors  Last Runtime    Last Run
-----------------------------------  -----  ---------  --------  ----------  --------------  -------------------
/opt/airflow/dags/sgfood_elt_dag.py                           1           0  0.33s           2026-10-07T19:46:00
================================================================================
[2026-10-07T19:46:31.663+0000] {manager.py:879} INFO - 
================================================================================
DAG File Processing Stats

File Path                            PID    Runtime      # DAGs    # Errors  Last Runtime    Last Run
-----------------------------------  -----  ---------  --------  ----------  --------------  -------------------
/opt/airflow/dags/sgfood_elt_dag.py                           1           0  0.31s           2026-10-07T19:46:30
================================================================================
[2026-10-07T19:46:59.552+0000] {manager.py:879} INFO - 
================================================================================
DAG File Processing Stats

File Path                            PID    Runtime      # DAGs    # Errors  Last Runtime    Last Run
-----------------------------------  -----  ---------  --------  ----------  --------------  -------------------
/opt/airflow/dags/sgfood_elt_dag.py                           1           0  0.31s           2026-10-07T19:46:30
================================================================================
[2026-10-07T19:47:27.371+0000] {manager.py:879} INFO - 
================================================================================
DAG File Processing Stats

File Path                            PID    Runtime      # DAGs    # Errors  Last Runtime    Last Run
-----------------------------------  -----  ---------  --------  ----------  --------------  -------------------
/opt/airflow/dags/sgfood_elt_dag.py                           1           0  0.33s           2026-10-07T19:47:02
================================================================================
[2026-10-07T19:47:55.211+0000] {manager.py:879} INFO - 
================================================================================
DAG File Processing Stats

File Path                            PID    Runtime      # DAGs    # Errors  Last Runtime    Last Run
-----------------------------------  -----  ---------  --------  ----------  --------------  -------------------
/opt/airflow/dags/sgfood_elt_dag.py                           1           0  0.33s           2026-10-07T19:47:32
================================================================================
[2026-10-07T19:48:22.981+0000] {manager.py:879} INFO - 
================================================================================
DAG File Processing Stats

File Path                            PID    Runtime      # DAGs    # Errors  Last Runtime    Last Run
-----------------------------------  -----  ---------  --------  ----------  --------------  -------------------
/opt/airflow/dags/sgfood_elt_dag.py                           1           0  0.31s           2026-10-07T19:48:03
================================================================================
[2026-10-07T19:48:50.779+0000] {manager.py:879} INFO - 
================================================================================
DAG File Processing Stats

File Path                            PID    Runtime      # DAGs    # Errors  Last Runtime    Last Run
-----------------------------------  -----  ---------  --------  ----------  --------------  -------------------
/opt/airflow/dags/sgfood_elt_dag.py                           1           0  0.33s           2026-10-07T19:48:34
================================================================================
[2026-10-07T19:49:16.473+0000] {manager.py:738} INFO - Searching for files in /opt/airflow/dags
[2026-10-07T19:49:16.524+0000] {manager.py:741} INFO - There are 1 files in /opt/airflow/dags
[2026-10-07T19:49:18.761+0000] {manager.py:879} INFO - 
================================================================================
DAG File Processing Stats

File Path                            PID    Runtime      # DAGs    # Errors  Last Runtime    Last Run
-----------------------------------  -----  ---------  --------  ----------  --------------  -------------------
/opt/airflow/dags/sgfood_elt_dag.py                           1           0  0.33s           2026-10-07T19:49:05
================================================================================
[2026-10-07T19:49:46.583+0000] {manager.py:879} INFO - 
================================================================================
DAG File Processing Stats

File Path                            PID    Runtime      # DAGs    # Errors  Last Runtime    Last Run
-----------------------------------  -----  ---------  --------  ----------  --------------  -------------------
/opt/airflow/dags/sgfood_elt_dag.py                           1           0  0.32s           2026-10-07T19:49:36
================================================================================
[2026-10-07T19:50:14.446+0000] {manager.py:879} INFO - 
================================================================================
DAG File Processing Stats

File Path                            PID    Runtime      # DAGs    # Errors  Last Runtime    Last Run
-----------------------------------  -----  ---------  --------  ----------  --------------  -------------------
/opt/airflow/dags/sgfood_elt_dag.py                           1           0  0.33s           2026-10-07T19:50:06
================================================================================
[2026-10-07T19:50:42.276+0000] {manager.py:879} INFO - 
================================================================================
DAG File Processing Stats

File Path                            PID    Runtime      # DAGs    # Errors  Last Runtime    Last Run
-----------------------------------  -----  ---------  --------  ----------  --------------  -------------------
/opt/airflow/dags/sgfood_elt_dag.py                           1           0  0.32s           2026-10-07T19:50:37
================================================================================
[2026-10-07T19:51:10.028+0000] {manager.py:879} INFO - 
================================================================================
DAG File Processing Stats

File Path                            PID    Runtime      # DAGs    # Errors  Last Runtime    Last Run
-----------------------------------  -----  ---------  --------  ----------  --------------  -------------------
/opt/airflow/dags/sgfood_elt_dag.py                           1           0  0.31s           2026-10-07T19:51:08
================================================================================
[2026-10-07T19:51:37.914+0000] {manager.py:879} INFO - 
================================================================================
DAG File Processing Stats

File Path                            PID    Runtime      # DAGs    # Errors  Last Runtime    Last Run
-----------------------------------  -----  ---------  --------  ----------  --------------  -------------------
/opt/airflow/dags/sgfood_elt_dag.py                           1           0  0.31s           2026-10-07T19:51:08
================================================================================
[2026-10-07T19:52:05.706+0000] {manager.py:879} INFO - 
================================================================================
DAG File Processing Stats

File Path                            PID    Runtime      # DAGs    # Errors  Last Runtime    Last Run
-----------------------------------  -----  ---------  --------  ----------  --------------  -------------------
/opt/airflow/dags/sgfood_elt_dag.py                           1           0  0.32s           2026-10-07T19:51:39
================================================================================
[2026-10-07T19:52:33.660+0000] {manager.py:879} INFO - 
================================================================================
DAG File Processing Stats

File Path                            PID    Runtime      # DAGs    # Errors  Last Runtime    Last Run
-----------------------------------  -----  ---------  --------  ----------  --------------  -------------------
/opt/airflow/dags/sgfood_elt_dag.py                           1           0  0.33s           2026-10-07T19:52:09
================================================================================
[2026-10-07T19:53:01.495+0000] {manager.py:879} INFO - 
================================================================================
DAG File Processing Stats

File Path                            PID    Runtime      # DAGs    # Errors  Last Runtime    Last Run
-----------------------------------  -----  ---------  --------  ----------  --------------  -------------------
/opt/airflow/dags/sgfood_elt_dag.py                           1           0  0.32s           2026-10-07T19:52:40
================================================================================
[2026-10-07T19:53:29.396+0000] {manager.py:879} INFO - 
================================================================================
DAG File Processing Stats

File Path                            PID    Runtime      # DAGs    # Errors  Last Runtime    Last Run
-----------------------------------  -----  ---------  --------  ----------  --------------  -------------------
/opt/airflow/dags/sgfood_elt_dag.py                           1           0  0.33s           2026-10-07T19:53:11
================================================================================
[2026-10-07T19:53:57.222+0000] {manager.py:879} INFO - 
================================================================================
DAG File Processing Stats

File Path                            PID    Runtime      # DAGs    # Errors  Last Runtime    Last Run
-----------------------------------  -----  ---------  --------  ----------  --------------  -------------------
/opt/airflow/dags/sgfood_elt_dag.py                           1           0  0.32s           2026-10-07T19:53:42
================================================================================
[2026-10-07T19:54:16.795+0000] {manager.py:738} INFO - Searching for files in /opt/airflow/dags
[2026-10-07T19:54:16.851+0000] {manager.py:741} INFO - There are 1 files in /opt/airflow/dags
[2026-10-07T19:54:25.063+0000] {manager.py:879} INFO - 
================================================================================
DAG File Processing Stats

File Path                            PID    Runtime      # DAGs    # Errors  Last Runtime    Last Run
-----------------------------------  -----  ---------  --------  ----------  --------------  -------------------
/opt/airflow/dags/sgfood_elt_dag.py                           1           0  0.33s           2026-10-07T19:54:13
================================================================================
[2026-10-07T19:54:52.873+0000] {manager.py:879} INFO - 
================================================================================
DAG File Processing Stats

File Path                            PID    Runtime      # DAGs    # Errors  Last Runtime    Last Run
-----------------------------------  -----  ---------  --------  ----------  --------------  -------------------
/opt/airflow/dags/sgfood_elt_dag.py                           1           0  0.31s           2026-10-07T19:54:45
================================================================================
[2026-10-07T19:55:20.638+0000] {manager.py:879} INFO - 
================================================================================
DAG File Processing Stats

File Path                            PID    Runtime      # DAGs    # Errors  Last Runtime    Last Run
-----------------------------------  -----  ---------  --------  ----------  --------------  -------------------
/opt/airflow/dags/sgfood_elt_dag.py                           1           0  0.32s           2026-10-07T19:55:16
================================================================================
[2026-10-07T19:55:48.421+0000] {manager.py:879} INFO - 
================================================================================
DAG File Processing Stats

File Path                            PID    Runtime      # DAGs    # Errors  Last Runtime    Last Run
-----------------------------------  -----  ---------  --------  ----------  --------------  -------------------
/opt/airflow/dags/sgfood_elt_dag.py                           1           0  0.31s           2026-10-07T19:55:47
================================================================================
[2026-10-07T19:56:16.117+0000] {manager.py:879} INFO - 
================================================================================
DAG File Processing Stats

File Path                            PID    Runtime      # DAGs    # Errors  Last Runtime    Last Run
-----------------------------------  -----  ---------  --------  ----------  --------------  -------------------
/opt/airflow/dags/sgfood_elt_dag.py                           1           0  0.31s           2026-10-07T19:55:47
================================================================================
[2026-10-07T19:56:44.017+0000] {manager.py:879} INFO - 
================================================================================
DAG File Processing Stats

File Path                            PID    Runtime      # DAGs    # Errors  Last Runtime    Last Run
-----------------------------------  -----  ---------  --------  ----------  --------------  -------------------
/opt/airflow/dags/sgfood_elt_dag.py                           1           0  0.32s           2026-10-07T19:56:17
================================================================================
[2026-10-07T19:57:11.759+0000] {manager.py:879} INFO - 
================================================================================
DAG File Processing Stats

File Path                            PID    Runtime      # DAGs    # Errors  Last Runtime    Last Run
-----------------------------------  -----  ---------  --------  ----------  --------------  -------------------
/opt/airflow/dags/sgfood_elt_dag.py                           1           0  0.31s           2026-10-07T19:56:48
================================================================================
[2026-10-07T19:57:39.608+0000] {manager.py:879} INFO - 
================================================================================
DAG File Processing Stats

File Path                            PID    Runtime      # DAGs    # Errors  Last Runtime    Last Run
-----------------------------------  -----  ---------  --------  ----------  --------------  -------------------
/opt/airflow/dags/sgfood_elt_dag.py                           1           0  0.23s           2026-10-07T19:57:19
================================================================================
[2026-10-07T19:58:07.288+0000] {manager.py:879} INFO - 
================================================================================
DAG File Processing Stats

File Path                            PID    Runtime      # DAGs    # Errors  Last Runtime    Last Run
-----------------------------------  -----  ---------  --------  ----------  --------------  -------------------
/opt/airflow/dags/sgfood_elt_dag.py                           1           0  0.33s           2026-10-07T19:57:49
================================================================================
[2026-10-07T19:58:35.025+0000] {manager.py:879} INFO - 
================================================================================
DAG File Processing Stats

File Path                            PID    Runtime      # DAGs    # Errors  Last Runtime    Last Run
-----------------------------------  -----  ---------  --------  ----------  --------------  -------------------
/opt/airflow/dags/sgfood_elt_dag.py                           1           0  0.32s           2026-10-07T19:58:20
================================================================================
[2026-10-07T19:59:02.783+0000] {manager.py:879} INFO - 
================================================================================
DAG File Processing Stats

File Path                            PID    Runtime      # DAGs    # Errors  Last Runtime    Last Run
-----------------------------------  -----  ---------  --------  ----------  --------------  -------------------
/opt/airflow/dags/sgfood_elt_dag.py                           1           0  0.32s           2026-10-07T19:58:51
================================================================================
[2026-10-07T19:59:17.465+0000] {manager.py:738} INFO - Searching for files in /opt/airflow/dags
[2026-10-07T19:59:17.523+0000] {manager.py:741} INFO - There are 1 files in /opt/airflow/dags
[2026-10-07T19:59:30.497+0000] {manager.py:879} INFO - 
================================================================================
DAG File Processing Stats

File Path                            PID    Runtime      # DAGs    # Errors  Last Runtime    Last Run
-----------------------------------  -----  ---------  --------  ----------  --------------  -------------------
/opt/airflow/dags/sgfood_elt_dag.py                           1           0  0.33s           2026-10-07T19:59:21
================================================================================
[2026-10-07T19:59:58.232+0000] {manager.py:879} INFO - 
================================================================================
DAG File Processing Stats

File Path                            PID    Runtime      # DAGs    # Errors  Last Runtime    Last Run
-----------------------------------  -----  ---------  --------  ----------  --------------  -------------------
/opt/airflow/dags/sgfood_elt_dag.py                           1           0  0.32s           2026-10-07T19:59:52
================================================================================
[2026-10-07T20:00:25.965+0000] {manager.py:879} INFO - 
================================================================================
DAG File Processing Stats

File Path                            PID    Runtime      # DAGs    # Errors  Last Runtime    Last Run
-----------------------------------  -----  ---------  --------  ----------  --------------  -------------------
/opt/airflow/dags/sgfood_elt_dag.py                           1           0  -1.85s          2026-10-07T20:00:21
================================================================================
[2026-10-07T20:00:53.729+0000] {manager.py:879} INFO - 
================================================================================
DAG File Processing Stats

File Path                            PID    Runtime      # DAGs    # Errors  Last Runtime    Last Run
-----------------------------------  -----  ---------  --------  ----------  --------------  -------------------
/opt/airflow/dags/sgfood_elt_dag.py                           1           0  0.33s           2026-10-07T20:00:51
================================================================================
[2026-10-07T20:01:21.390+0000] {manager.py:879} INFO - 
================================================================================
DAG File Processing Stats

File Path                            PID    Runtime      # DAGs    # Errors  Last Runtime    Last Run
-----------------------------------  -----  ---------  --------  ----------  --------------  -------------------
/opt/airflow/dags/sgfood_elt_dag.py                           1           0  0.33s           2026-10-07T20:00:51
================================================================================
[2026-10-07T20:01:49.164+0000] {manager.py:879} INFO - 
================================================================================
DAG File Processing Stats

File Path                            PID    Runtime      # DAGs    # Errors  Last Runtime    Last Run
-----------------------------------  -----  ---------  --------  ----------  --------------  -------------------
/opt/airflow/dags/sgfood_elt_dag.py                           1           0  0.33s           2026-10-07T20:01:22
================================================================================
[2026-10-07T20:02:16.910+0000] {manager.py:879} INFO - 
================================================================================
DAG File Processing Stats

File Path                            PID    Runtime      # DAGs    # Errors  Last Runtime    Last Run
-----------------------------------  -----  ---------  --------  ----------  --------------  -------------------
/opt/airflow/dags/sgfood_elt_dag.py                           1           0  0.32s           2026-10-07T20:01:53
================================================================================
[2026-10-07T20:02:44.648+0000] {manager.py:879} INFO - 
================================================================================
DAG File Processing Stats

File Path                            PID    Runtime      # DAGs    # Errors  Last Runtime    Last Run
-----------------------------------  -----  ---------  --------  ----------  --------------  -------------------
/opt/airflow/dags/sgfood_elt_dag.py                           1           0  0.32s           2026-10-07T20:02:23
================================================================================
[2026-10-07T20:03:12.344+0000] {manager.py:879} INFO - 
================================================================================
DAG File Processing Stats

File Path                            PID    Runtime      # DAGs    # Errors  Last Runtime    Last Run
-----------------------------------  -----  ---------  --------  ----------  --------------  -------------------
/opt/airflow/dags/sgfood_elt_dag.py                           1           0  0.31s           2026-10-07T20:02:54
================================================================================
[2026-10-07T20:03:39.951+0000] {manager.py:879} INFO - 
================================================================================
DAG File Processing Stats

File Path                            PID    Runtime      # DAGs    # Errors  Last Runtime    Last Run
-----------------------------------  -----  ---------  --------  ----------  --------------  -------------------
/opt/airflow/dags/sgfood_elt_dag.py                           1           0  0.32s           2026-10-07T20:03:25
================================================================================
[2026-10-07T20:04:07.681+0000] {manager.py:879} INFO - 
================================================================================
DAG File Processing Stats

File Path                            PID    Runtime      # DAGs    # Errors  Last Runtime    Last Run
-----------------------------------  -----  ---------  --------  ----------  --------------  -------------------
/opt/airflow/dags/sgfood_elt_dag.py                           1           0  0.31s           2026-10-07T20:03:56
================================================================================
[2026-10-07T20:04:18.149+0000] {manager.py:738} INFO - Searching for files in /opt/airflow/dags
[2026-10-07T20:04:18.199+0000] {manager.py:741} INFO - There are 1 files in /opt/airflow/dags
[2026-10-07T20:04:35.430+0000] {manager.py:879} INFO - 
================================================================================
DAG File Processing Stats

File Path                            PID    Runtime      # DAGs    # Errors  Last Runtime    Last Run
-----------------------------------  -----  ---------  --------  ----------  --------------  -------------------
/opt/airflow/dags/sgfood_elt_dag.py                           1           0  0.32s           2026-10-07T20:04:27
================================================================================
[2026-10-07T20:05:03.047+0000] {manager.py:879} INFO - 
================================================================================
DAG File Processing Stats

File Path                            PID    Runtime      # DAGs    # Errors  Last Runtime    Last Run
-----------------------------------  -----  ---------  --------  ----------  --------------  -------------------
/opt/airflow/dags/sgfood_elt_dag.py                           1           0  0.32s           2026-10-07T20:04:58
================================================================================
[2026-10-07T20:05:30.839+0000] {manager.py:879} INFO - 
================================================================================
DAG File Processing Stats

File Path                            PID    Runtime      # DAGs    # Errors  Last Runtime    Last Run
-----------------------------------  -----  ---------  --------  ----------  --------------  -------------------
/opt/airflow/dags/sgfood_elt_dag.py                           1           0  0.33s           2026-10-07T20:05:29
================================================================================
[2026-10-07T20:05:58.652+0000] {manager.py:879} INFO - 
================================================================================
DAG File Processing Stats

File Path                            PID    Runtime      # DAGs    # Errors  Last Runtime    Last Run
-----------------------------------  -----  ---------  --------  ----------  --------------  -------------------
/opt/airflow/dags/sgfood_elt_dag.py                           1           0  0.33s           2026-10-07T20:05:29
================================================================================
[2026-10-07T20:06:26.380+0000] {manager.py:879} INFO - 
================================================================================
DAG File Processing Stats

File Path                            PID    Runtime      # DAGs    # Errors  Last Runtime    Last Run
-----------------------------------  -----  ---------  --------  ----------  --------------  -------------------
/opt/airflow/dags/sgfood_elt_dag.py                           1           0  0.33s           2026-10-07T20:06:00
================================================================================
[2026-10-07T20:06:54.074+0000] {manager.py:879} INFO - 
================================================================================
DAG File Processing Stats

File Path                            PID    Runtime      # DAGs    # Errors  Last Runtime    Last Run
-----------------------------------  -----  ---------  --------  ----------  --------------  -------------------
/opt/airflow/dags/sgfood_elt_dag.py                           1           0  0.32s           2026-10-07T20:06:31
================================================================================
[2026-10-07T20:07:21.774+0000] {manager.py:879} INFO - 
================================================================================
DAG File Processing Stats

File Path                            PID    Runtime      # DAGs    # Errors  Last Runtime    Last Run
-----------------------------------  -----  ---------  --------  ----------  --------------  -------------------
/opt/airflow/dags/sgfood_elt_dag.py                           1           0  0.32s           2026-10-07T20:07:01
================================================================================
[2026-10-07T20:07:49.501+0000] {manager.py:879} INFO - 
================================================================================
DAG File Processing Stats

File Path                            PID    Runtime      # DAGs    # Errors  Last Runtime    Last Run
-----------------------------------  -----  ---------  --------  ----------  --------------  -------------------
/opt/airflow/dags/sgfood_elt_dag.py                           1           0  0.33s           2026-10-07T20:07:32
================================================================================
[2026-10-07T20:08:17.092+0000] {manager.py:879} INFO - 
================================================================================
DAG File Processing Stats

File Path                            PID    Runtime      # DAGs    # Errors  Last Runtime    Last Run
-----------------------------------  -----  ---------  --------  ----------  --------------  -------------------
/opt/airflow/dags/sgfood_elt_dag.py                           1           0  0.32s           2026-10-07T20:08:03
================================================================================
[2026-10-07T20:08:44.963+0000] {manager.py:879} INFO - 
================================================================================
DAG File Processing Stats

File Path                            PID    Runtime      # DAGs    # Errors  Last Runtime    Last Run
-----------------------------------  -----  ---------  --------  ----------  --------------  -------------------
/opt/airflow/dags/sgfood_elt_dag.py                           1           0  0.33s           2026-10-07T20:08:33
================================================================================
[2026-10-07T20:09:12.625+0000] {manager.py:879} INFO - 
================================================================================
DAG File Processing Stats

File Path                            PID    Runtime      # DAGs    # Errors  Last Runtime    Last Run
-----------------------------------  -----  ---------  --------  ----------  --------------  -------------------
/opt/airflow/dags/sgfood_elt_dag.py                           1           0  0.33s           2026-10-07T20:09:04
================================================================================
[2026-10-07T20:09:18.292+0000] {manager.py:738} INFO - Searching for files in /opt/airflow/dags
[2026-10-07T20:09:18.352+0000] {manager.py:741} INFO - There are 1 files in /opt/airflow/dags
[2026-10-07T20:09:40.311+0000] {manager.py:879} INFO - 
================================================================================
DAG File Processing Stats

File Path                            PID    Runtime      # DAGs    # Errors  Last Runtime    Last Run
-----------------------------------  -----  ---------  --------  ----------  --------------  -------------------
/opt/airflow/dags/sgfood_elt_dag.py                           1           0  0.32s           2026-10-07T20:09:34
================================================================================
[2026-10-07T20:10:07.929+0000] {manager.py:879} INFO - 
================================================================================
DAG File Processing Stats

File Path                            PID    Runtime      # DAGs    # Errors  Last Runtime    Last Run
-----------------------------------  -----  ---------  --------  ----------  --------------  -------------------
/opt/airflow/dags/sgfood_elt_dag.py                           1           0  0.32s           2026-10-07T20:10:05
================================================================================
[2026-10-07T20:10:35.717+0000] {manager.py:879} INFO - 
================================================================================
DAG File Processing Stats

File Path                            PID    Runtime      # DAGs    # Errors  Last Runtime    Last Run
-----------------------------------  -----  ---------  --------  ----------  --------------  -------------------
/opt/airflow/dags/sgfood_elt_dag.py                           1           0  0.23s           2026-10-07T20:10:35
================================================================================
[2026-10-07T20:11:03.328+0000] {manager.py:879} INFO - 
================================================================================
DAG File Processing Stats

File Path                            PID    Runtime      # DAGs    # Errors  Last Runtime    Last Run
-----------------------------------  -----  ---------  --------  ----------  --------------  -------------------
/opt/airflow/dags/sgfood_elt_dag.py                           1           0  0.23s           2026-10-07T20:10:35
================================================================================
[2026-10-07T20:11:31.094+0000] {manager.py:879} INFO - 
================================================================================
DAG File Processing Stats

File Path                            PID    Runtime      # DAGs    # Errors  Last Runtime    Last Run
-----------------------------------  -----  ---------  --------  ----------  --------------  -------------------
/opt/airflow/dags/sgfood_elt_dag.py                           1           0  0.33s           2026-10-07T20:11:06
================================================================================
[2026-10-07T20:11:58.716+0000] {manager.py:879} INFO - 
================================================================================
DAG File Processing Stats

File Path                            PID    Runtime      # DAGs    # Errors  Last Runtime    Last Run
-----------------------------------  -----  ---------  --------  ----------  --------------  -------------------
/opt/airflow/dags/sgfood_elt_dag.py                           1           0  0.32s           2026-10-07T20:11:37
================================================================================
[2026-10-07T20:12:26.472+0000] {manager.py:879} INFO - 
================================================================================
DAG File Processing Stats

File Path                            PID    Runtime      # DAGs    # Errors  Last Runtime    Last Run
-----------------------------------  -----  ---------  --------  ----------  --------------  -------------------
/opt/airflow/dags/sgfood_elt_dag.py                           1           0  0.31s           2026-10-07T20:12:08
================================================================================
[2026-10-07T20:12:54.109+0000] {manager.py:879} INFO - 
================================================================================
DAG File Processing Stats

File Path                            PID    Runtime      # DAGs    # Errors  Last Runtime    Last Run
-----------------------------------  -----  ---------  --------  ----------  --------------  -------------------
/opt/airflow/dags/sgfood_elt_dag.py                           1           0  0.32s           2026-10-07T20:12:39
================================================================================
[2026-10-07T20:13:22.088+0000] {manager.py:879} INFO - 
================================================================================
DAG File Processing Stats

File Path                            PID    Runtime      # DAGs    # Errors  Last Runtime    Last Run
-----------------------------------  -----  ---------  --------  ----------  --------------  -------------------
/opt/airflow/dags/sgfood_elt_dag.py                           1           0  0.32s           2026-10-07T20:13:09
================================================================================
[2026-10-07T20:13:49.671+0000] {manager.py:879} INFO - 
================================================================================
DAG File Processing Stats

File Path                            PID    Runtime      # DAGs    # Errors  Last Runtime    Last Run
-----------------------------------  -----  ---------  --------  ----------  --------------  -------------------
/opt/airflow/dags/sgfood_elt_dag.py                           1           0  0.34s           2026-10-07T20:13:40
================================================================================
[2026-10-07T20:14:17.235+0000] {manager.py:879} INFO - 
================================================================================
DAG File Processing Stats

File Path                            PID    Runtime      # DAGs    # Errors  Last Runtime    Last Run
-----------------------------------  -----  ---------  --------  ----------  --------------  -------------------
/opt/airflow/dags/sgfood_elt_dag.py                           1           0  0.33s           2026-10-07T20:14:11
================================================================================
[2026-10-07T20:14:18.306+0000] {manager.py:738} INFO - Searching for files in /opt/airflow/dags
[2026-10-07T20:14:18.366+0000] {manager.py:741} INFO - There are 1 files in /opt/airflow/dags
[2026-10-07T20:14:45.013+0000] {manager.py:879} INFO - 
================================================================================
DAG File Processing Stats

File Path                            PID    Runtime      # DAGs    # Errors  Last Runtime    Last Run
-----------------------------------  -----  ---------  --------  ----------  --------------  -------------------
/opt/airflow/dags/sgfood_elt_dag.py                           1           0  0.32s           2026-10-07T20:14:41
================================================================================
[2026-10-07T20:15:12.644+0000] {manager.py:879} INFO - 
================================================================================
DAG File Processing Stats

File Path                            PID    Runtime      # DAGs    # Errors  Last Runtime    Last Run
-----------------------------------  -----  ---------  --------  ----------  --------------  -------------------
/opt/airflow/dags/sgfood_elt_dag.py                           1           0  0.33s           2026-10-07T20:15:12
================================================================================
[2026-10-07T20:15:40.398+0000] {manager.py:879} INFO - 
================================================================================
DAG File Processing Stats

File Path                            PID    Runtime      # DAGs    # Errors  Last Runtime    Last Run
-----------------------------------  -----  ---------  --------  ----------  --------------  -------------------
/opt/airflow/dags/sgfood_elt_dag.py                           1           0  0.33s           2026-10-07T20:15:12
================================================================================
[2026-10-07T20:16:08.047+0000] {manager.py:879} INFO - 
================================================================================
DAG File Processing Stats

File Path                            PID    Runtime      # DAGs    # Errors  Last Runtime    Last Run
-----------------------------------  -----  ---------  --------  ----------  --------------  -------------------
/opt/airflow/dags/sgfood_elt_dag.py                           1           0  0.31s           2026-10-07T20:15:43
================================================================================
[2026-10-07T20:16:35.773+0000] {manager.py:879} INFO - 
================================================================================
DAG File Processing Stats

File Path                            PID    Runtime      # DAGs    # Errors  Last Runtime    Last Run
-----------------------------------  -----  ---------  --------  ----------  --------------  -------------------
/opt/airflow/dags/sgfood_elt_dag.py                           1           0  0.33s           2026-10-07T20:16:13
================================================================================
[2026-10-07T20:17:03.423+0000] {manager.py:879} INFO - 
================================================================================
DAG File Processing Stats

File Path                            PID    Runtime      # DAGs    # Errors  Last Runtime    Last Run
-----------------------------------  -----  ---------  --------  ----------  --------------  -------------------
/opt/airflow/dags/sgfood_elt_dag.py                           1           0  0.33s           2026-10-07T20:16:44
================================================================================
[2026-10-07T20:17:31.092+0000] {manager.py:879} INFO - 
================================================================================
DAG File Processing Stats

File Path                            PID    Runtime      # DAGs    # Errors  Last Runtime    Last Run
-----------------------------------  -----  ---------  --------  ----------  --------------  -------------------
/opt/airflow/dags/sgfood_elt_dag.py                           1           0  0.32s           2026-10-07T20:17:15
================================================================================
[2026-10-07T20:17:58.765+0000] {manager.py:879} INFO - 
================================================================================
DAG File Processing Stats

File Path                            PID    Runtime      # DAGs    # Errors  Last Runtime    Last Run
-----------------------------------  -----  ---------  --------  ----------  --------------  -------------------
/opt/airflow/dags/sgfood_elt_dag.py                           1           0  0.33s           2026-10-07T20:17:45
================================================================================
[2026-10-07T20:18:26.369+0000] {manager.py:879} INFO - 
================================================================================
DAG File Processing Stats

File Path                            PID    Runtime      # DAGs    # Errors  Last Runtime    Last Run
-----------------------------------  -----  ---------  --------  ----------  --------------  -------------------
/opt/airflow/dags/sgfood_elt_dag.py                           1           0  0.33s           2026-10-07T20:18:16
================================================================================
[2026-10-07T20:18:54.076+0000] {manager.py:879} INFO - 
================================================================================
DAG File Processing Stats

File Path                            PID    Runtime      # DAGs    # Errors  Last Runtime    Last Run
-----------------------------------  -----  ---------  --------  ----------  --------------  -------------------
/opt/airflow/dags/sgfood_elt_dag.py                           1           0  0.31s           2026-10-07T20:18:47
================================================================================
[2026-10-07T20:19:18.809+0000] {manager.py:738} INFO - Searching for files in /opt/airflow/dags
[2026-10-07T20:19:18.849+0000] {manager.py:741} INFO - There are 1 files in /opt/airflow/dags
[2026-10-07T20:19:21.722+0000] {manager.py:879} INFO - 
================================================================================
DAG File Processing Stats

File Path                            PID    Runtime      # DAGs    # Errors  Last Runtime    Last Run
-----------------------------------  -----  ---------  --------  ----------  --------------  -------------------
/opt/airflow/dags/sgfood_elt_dag.py                           1           0  0.31s           2026-10-07T20:19:17
================================================================================
[2026-10-07T20:19:49.403+0000] {manager.py:879} INFO - 
================================================================================
DAG File Processing Stats

File Path                            PID    Runtime      # DAGs    # Errors  Last Runtime    Last Run
-----------------------------------  -----  ---------  --------  ----------  --------------  -------------------
/opt/airflow/dags/sgfood_elt_dag.py                           1           0  0.32s           2026-10-07T20:19:48
================================================================================
[2026-10-07T20:20:17.091+0000] {manager.py:879} INFO - 
================================================================================
DAG File Processing Stats

File Path                            PID    Runtime      # DAGs    # Errors  Last Runtime    Last Run
-----------------------------------  -----  ---------  --------  ----------  --------------  -------------------
/opt/airflow/dags/sgfood_elt_dag.py                           1           0  0.32s           2026-10-07T20:19:48
================================================================================
[2026-10-07T20:20:44.710+0000] {manager.py:879} INFO - 
================================================================================
DAG File Processing Stats

File Path                            PID    Runtime      # DAGs    # Errors  Last Runtime    Last Run
-----------------------------------  -----  ---------  --------  ----------  --------------  -------------------
/opt/airflow/dags/sgfood_elt_dag.py                           1           0  0.33s           2026-10-07T20:20:19
================================================================================
[2026-10-07T20:21:12.417+0000] {manager.py:879} INFO - 
================================================================================
DAG File Processing Stats

File Path                            PID    Runtime      # DAGs    # Errors  Last Runtime    Last Run
-----------------------------------  -----  ---------  --------  ----------  --------------  -------------------
/opt/airflow/dags/sgfood_elt_dag.py                           1           0  0.33s           2026-10-07T20:20:49
================================================================================
[2026-10-07T20:21:40.123+0000] {manager.py:879} INFO - 
================================================================================
DAG File Processing Stats

File Path                            PID    Runtime      # DAGs    # Errors  Last Runtime    Last Run
-----------------------------------  -----  ---------  --------  ----------  --------------  -------------------
/opt/airflow/dags/sgfood_elt_dag.py                           1           0  0.31s           2026-10-07T20:21:20
================================================================================
[2026-10-07T20:22:07.829+0000] {manager.py:879} INFO - 
================================================================================
DAG File Processing Stats

File Path                            PID    Runtime      # DAGs    # Errors  Last Runtime    Last Run
-----------------------------------  -----  ---------  --------  ----------  --------------  -------------------
/opt/airflow/dags/sgfood_elt_dag.py                           1           0  0.33s           2026-10-07T20:21:51
================================================================================
[2026-10-07T20:22:35.447+0000] {manager.py:879} INFO - 
================================================================================
DAG File Processing Stats

File Path                            PID    Runtime      # DAGs    # Errors  Last Runtime    Last Run
-----------------------------------  -----  ---------  --------  ----------  --------------  -------------------
/opt/airflow/dags/sgfood_elt_dag.py                           1           0  0.33s           2026-10-07T20:22:21
================================================================================
[2026-10-07T20:23:03.066+0000] {manager.py:879} INFO - 
================================================================================
DAG File Processing Stats

File Path                            PID    Runtime      # DAGs    # Errors  Last Runtime    Last Run
-----------------------------------  -----  ---------  --------  ----------  --------------  -------------------
/opt/airflow/dags/sgfood_elt_dag.py                           1           0  0.43s           2026-10-07T20:22:52
================================================================================
[2026-10-07T20:23:30.800+0000] {manager.py:879} INFO - 
================================================================================
DAG File Processing Stats

File Path                            PID    Runtime      # DAGs    # Errors  Last Runtime    Last Run
-----------------------------------  -----  ---------  --------  ----------  --------------  -------------------
/opt/airflow/dags/sgfood_elt_dag.py                           1           0  0.34s           2026-10-07T20:23:23
================================================================================
[2026-10-07T20:23:58.467+0000] {manager.py:879} INFO - 
================================================================================
DAG File Processing Stats

File Path                            PID    Runtime      # DAGs    # Errors  Last Runtime    Last Run
-----------------------------------  -----  ---------  --------  ----------  --------------  -------------------
/opt/airflow/dags/sgfood_elt_dag.py                           1           0  0.32s           2026-10-07T20:23:53
================================================================================
[2026-10-07T20:24:18.910+0000] {manager.py:738} INFO - Searching for files in /opt/airflow/dags
[2026-10-07T20:24:18.960+0000] {manager.py:741} INFO - There are 1 files in /opt/airflow/dags
[2026-10-07T20:24:26.145+0000] {manager.py:879} INFO - 
================================================================================
DAG File Processing Stats

File Path                            PID    Runtime      # DAGs    # Errors  Last Runtime    Last Run
-----------------------------------  -----  ---------  --------  ----------  --------------  -------------------
/opt/airflow/dags/sgfood_elt_dag.py                           1           0  0.32s           2026-10-07T20:24:24
================================================================================
[2026-10-07T20:24:53.756+0000] {manager.py:879} INFO - 
================================================================================
DAG File Processing Stats

File Path                            PID    Runtime      # DAGs    # Errors  Last Runtime    Last Run
-----------------------------------  -----  ---------  --------  ----------  --------------  -------------------
/opt/airflow/dags/sgfood_elt_dag.py                           1           0  0.32s           2026-10-07T20:24:24
================================================================================
[2026-10-07T20:25:21.454+0000] {manager.py:879} INFO - 
================================================================================
DAG File Processing Stats

File Path                            PID    Runtime      # DAGs    # Errors  Last Runtime    Last Run
-----------------------------------  -----  ---------  --------  ----------  --------------  -------------------
/opt/airflow/dags/sgfood_elt_dag.py                           1           0  0.32s           2026-10-07T20:24:56
================================================================================
[2026-10-07T20:25:49.134+0000] {manager.py:879} INFO - 
================================================================================
DAG File Processing Stats

File Path                            PID    Runtime      # DAGs    # Errors  Last Runtime    Last Run
-----------------------------------  -----  ---------  --------  ----------  --------------  -------------------
/opt/airflow/dags/sgfood_elt_dag.py                           1           0  0.33s           2026-10-07T20:25:27
================================================================================
[2026-10-07T20:26:16.690+0000] {manager.py:879} INFO - 
================================================================================
DAG File Processing Stats

File Path                            PID    Runtime      # DAGs    # Errors  Last Runtime    Last Run
-----------------------------------  -----  ---------  --------  ----------  --------------  -------------------
/opt/airflow/dags/sgfood_elt_dag.py                           1           0  0.33s           2026-10-07T20:25:58
================================================================================
[2026-10-07T20:26:44.448+0000] {manager.py:879} INFO - 
================================================================================
DAG File Processing Stats

File Path                            PID    Runtime      # DAGs    # Errors  Last Runtime    Last Run
-----------------------------------  -----  ---------  --------  ----------  --------------  -------------------
/opt/airflow/dags/sgfood_elt_dag.py                           1           0  0.41s           2026-10-07T20:26:29
================================================================================
[2026-10-07T20:27:12.149+0000] {manager.py:879} INFO - 
================================================================================
DAG File Processing Stats

File Path                            PID    Runtime      # DAGs    # Errors  Last Runtime    Last Run
-----------------------------------  -----  ---------  --------  ----------  --------------  -------------------
/opt/airflow/dags/sgfood_elt_dag.py                           1           0  0.32s           2026-10-07T20:26:59
================================================================================
[2026-10-07T20:27:40.084+0000] {manager.py:879} INFO - 
================================================================================
DAG File Processing Stats

File Path                            PID    Runtime      # DAGs    # Errors  Last Runtime    Last Run
-----------------------------------  -----  ---------  --------  ----------  --------------  -------------------
/opt/airflow/dags/sgfood_elt_dag.py                           1           0  0.32s           2026-10-07T20:27:30
================================================================================
[2026-10-07T20:28:07.691+0000] {manager.py:879} INFO - 
================================================================================
DAG File Processing Stats

File Path                            PID    Runtime      # DAGs    # Errors  Last Runtime    Last Run
-----------------------------------  -----  ---------  --------  ----------  --------------  -------------------
/opt/airflow/dags/sgfood_elt_dag.py                           1           0  0.32s           2026-10-07T20:28:00
================================================================================
[2026-10-07T20:28:35.330+0000] {manager.py:879} INFO - 
================================================================================
DAG File Processing Stats

File Path                            PID    Runtime      # DAGs    # Errors  Last Runtime    Last Run
-----------------------------------  -----  ---------  --------  ----------  --------------  -------------------
/opt/airflow/dags/sgfood_elt_dag.py                           1           0  0.33s           2026-10-07T20:28:31
================================================================================
[2026-10-07T20:29:02.976+0000] {manager.py:879} INFO - 
================================================================================
DAG File Processing Stats

File Path                            PID    Runtime      # DAGs    # Errors  Last Runtime    Last Run
-----------------------------------  -----  ---------  --------  ----------  --------------  -------------------
/opt/airflow/dags/sgfood_elt_dag.py                           1           0  0.31s           2026-10-07T20:29:02
================================================================================
[2026-10-07T20:29:19.190+0000] {manager.py:738} INFO - Searching for files in /opt/airflow/dags
[2026-10-07T20:29:19.232+0000] {manager.py:741} INFO - There are 1 files in /opt/airflow/dags
[2026-10-07T20:29:30.602+0000] {manager.py:879} INFO - 
================================================================================
DAG File Processing Stats

File Path                            PID    Runtime      # DAGs    # Errors  Last Runtime    Last Run
-----------------------------------  -----  ---------  --------  ----------  --------------  -------------------
/opt/airflow/dags/sgfood_elt_dag.py                           1           0  0.31s           2026-10-07T20:29:02
================================================================================
[2026-10-07T20:29:58.273+0000] {manager.py:879} INFO - 
================================================================================
DAG File Processing Stats

File Path                            PID    Runtime      # DAGs    # Errors  Last Runtime    Last Run
-----------------------------------  -----  ---------  --------  ----------  --------------  -------------------
/opt/airflow/dags/sgfood_elt_dag.py                           1           0  0.33s           2026-10-07T20:29:33
================================================================================
[2026-10-07T20:30:25.901+0000] {manager.py:879} INFO - 
================================================================================
DAG File Processing Stats

File Path                            PID    Runtime      # DAGs    # Errors  Last Runtime    Last Run
-----------------------------------  -----  ---------  --------  ----------  --------------  -------------------
/opt/airflow/dags/sgfood_elt_dag.py                           1           0  0.33s           2026-10-07T20:30:03
================================================================================
[2026-10-07T20:30:53.586+0000] {manager.py:879} INFO - 
================================================================================
DAG File Processing Stats

File Path                            PID    Runtime      # DAGs    # Errors  Last Runtime    Last Run
-----------------------------------  -----  ---------  --------  ----------  --------------  -------------------
/opt/airflow/dags/sgfood_elt_dag.py                           1           0  0.33s           2026-10-07T20:30:34
================================================================================
[2026-10-07T20:31:21.244+0000] {manager.py:879} INFO - 
================================================================================
DAG File Processing Stats

File Path                            PID    Runtime      # DAGs    # Errors  Last Runtime    Last Run
-----------------------------------  -----  ---------  --------  ----------  --------------  -------------------
/opt/airflow/dags/sgfood_elt_dag.py                           1           0  0.23s           2026-10-07T20:31:04
================================================================================
[2026-10-07T20:31:48.888+0000] {manager.py:879} INFO - 
================================================================================
DAG File Processing Stats

File Path                            PID    Runtime      # DAGs    # Errors  Last Runtime    Last Run
-----------------------------------  -----  ---------  --------  ----------  --------------  -------------------
/opt/airflow/dags/sgfood_elt_dag.py                           1           0  0.33s           2026-10-07T20:31:35
================================================================================
[2026-10-07T20:32:16.456+0000] {manager.py:879} INFO - 
================================================================================
DAG File Processing Stats

File Path                            PID    Runtime      # DAGs    # Errors  Last Runtime    Last Run
-----------------------------------  -----  ---------  --------  ----------  --------------  -------------------
/opt/airflow/dags/sgfood_elt_dag.py                           1           0  0.32s           2026-10-07T20:32:06
================================================================================
[2026-10-07T20:32:44.146+0000] {manager.py:879} INFO - 
================================================================================
DAG File Processing Stats

File Path                            PID    Runtime      # DAGs    # Errors  Last Runtime    Last Run
-----------------------------------  -----  ---------  --------  ----------  --------------  -------------------
/opt/airflow/dags/sgfood_elt_dag.py                           1           0  0.33s           2026-10-07T20:32:37
================================================================================
[2026-10-07T20:33:11.780+0000] {manager.py:879} INFO - 
================================================================================
DAG File Processing Stats

File Path                            PID    Runtime      # DAGs    # Errors  Last Runtime    Last Run
-----------------------------------  -----  ---------  --------  ----------  --------------  -------------------
/opt/airflow/dags/sgfood_elt_dag.py                           1           0  0.33s           2026-10-07T20:33:07
================================================================================
[2026-10-07T20:33:39.387+0000] {manager.py:879} INFO - 
================================================================================
DAG File Processing Stats

File Path                            PID    Runtime      # DAGs    # Errors  Last Runtime    Last Run
-----------------------------------  -----  ---------  --------  ----------  --------------  -------------------
/opt/airflow/dags/sgfood_elt_dag.py                           1           0  0.31s           2026-10-07T20:33:38
================================================================================
[2026-10-07T20:34:07.023+0000] {manager.py:879} INFO - 
================================================================================
DAG File Processing Stats

File Path                            PID    Runtime      # DAGs    # Errors  Last Runtime    Last Run
-----------------------------------  -----  ---------  --------  ----------  --------------  -------------------
/opt/airflow/dags/sgfood_elt_dag.py                           1           0  0.31s           2026-10-07T20:33:38
================================================================================
[2026-10-07T20:34:19.298+0000] {manager.py:738} INFO - Searching for files in /opt/airflow/dags
[2026-10-07T20:34:19.349+0000] {manager.py:741} INFO - There are 1 files in /opt/airflow/dags
[2026-10-07T20:34:34.680+0000] {manager.py:879} INFO - 
================================================================================
DAG File Processing Stats

File Path                            PID    Runtime      # DAGs    # Errors  Last Runtime    Last Run
-----------------------------------  -----  ---------  --------  ----------  --------------  -------------------
/opt/airflow/dags/sgfood_elt_dag.py                           1           0  0.33s           2026-10-07T20:34:09
================================================================================
[2026-10-07T20:35:02.301+0000] {manager.py:879} INFO - 
================================================================================
DAG File Processing Stats

File Path                            PID    Runtime      # DAGs    # Errors  Last Runtime    Last Run
-----------------------------------  -----  ---------  --------  ----------  --------------  -------------------
/opt/airflow/dags/sgfood_elt_dag.py                           1           0  0.34s           2026-10-07T20:34:39
================================================================================
[2026-10-07T20:35:29.967+0000] {manager.py:879} INFO - 
================================================================================
DAG File Processing Stats

File Path                            PID    Runtime      # DAGs    # Errors  Last Runtime    Last Run
-----------------------------------  -----  ---------  --------  ----------  --------------  -------------------
/opt/airflow/dags/sgfood_elt_dag.py                           1           0  0.33s           2026-10-07T20:35:10
================================================================================
[2026-10-07T20:35:57.552+0000] {manager.py:879} INFO - 
================================================================================
DAG File Processing Stats

File Path                            PID    Runtime      # DAGs    # Errors  Last Runtime    Last Run
-----------------------------------  -----  ---------  --------  ----------  --------------  -------------------
/opt/airflow/dags/sgfood_elt_dag.py                           1           0  0.32s           2026-10-07T20:35:41
================================================================================
[2026-10-07T20:36:25.284+0000] {manager.py:879} INFO - 
================================================================================
DAG File Processing Stats

File Path                            PID    Runtime      # DAGs    # Errors  Last Runtime    Last Run
-----------------------------------  -----  ---------  --------  ----------  --------------  -------------------
/opt/airflow/dags/sgfood_elt_dag.py                           1           0  -0.51s          2026-10-07T20:36:12
================================================================================
[2026-10-07T20:36:53.098+0000] {manager.py:879} INFO - 
================================================================================
DAG File Processing Stats

File Path                            PID    Runtime      # DAGs    # Errors  Last Runtime    Last Run
-----------------------------------  -----  ---------  --------  ----------  --------------  -------------------
/opt/airflow/dags/sgfood_elt_dag.py                           1           0  0.31s           2026-10-07T20:36:42
================================================================================
[2026-10-07T20:37:20.764+0000] {manager.py:879} INFO - 
================================================================================
DAG File Processing Stats

File Path                            PID    Runtime      # DAGs    # Errors  Last Runtime    Last Run
-----------------------------------  -----  ---------  --------  ----------  --------------  -------------------
/opt/airflow/dags/sgfood_elt_dag.py                           1           0  0.32s           2026-10-07T20:37:13
================================================================================
[2026-10-07T20:37:48.388+0000] {manager.py:879} INFO - 
================================================================================
DAG File Processing Stats

File Path                            PID    Runtime      # DAGs    # Errors  Last Runtime    Last Run
-----------------------------------  -----  ---------  --------  ----------  --------------  -------------------
/opt/airflow/dags/sgfood_elt_dag.py                           1           0  0.32s           2026-10-07T20:37:44
================================================================================
[2026-10-07T20:38:15.950+0000] {manager.py:879} INFO - 
================================================================================
DAG File Processing Stats

File Path                            PID    Runtime      # DAGs    # Errors  Last Runtime    Last Run
-----------------------------------  -----  ---------  --------  ----------  --------------  -------------------
/opt/airflow/dags/sgfood_elt_dag.py                           1           0  0.34s           2026-10-07T20:38:15
================================================================================
[2026-10-07T20:38:43.448+0000] {manager.py:879} INFO - 
================================================================================
DAG File Processing Stats

File Path                            PID    Runtime      # DAGs    # Errors  Last Runtime    Last Run
-----------------------------------  -----  ---------  --------  ----------  --------------  -------------------
/opt/airflow/dags/sgfood_elt_dag.py                           1           0  0.34s           2026-10-07T20:38:15
================================================================================
[2026-10-07T20:39:11.092+0000] {manager.py:879} INFO - 
================================================================================
DAG File Processing Stats

File Path                            PID    Runtime      # DAGs    # Errors  Last Runtime    Last Run
-----------------------------------  -----  ---------  --------  ----------  --------------  -------------------
/opt/airflow/dags/sgfood_elt_dag.py                           1           0  0.33s           2026-10-07T20:38:45
================================================================================
[2026-10-07T20:39:19.701+0000] {manager.py:738} INFO - Searching for files in /opt/airflow/dags
[2026-10-07T20:39:19.790+0000] {manager.py:741} INFO - There are 1 files in /opt/airflow/dags
[2026-10-07T20:39:38.641+0000] {manager.py:879} INFO - 
================================================================================
DAG File Processing Stats

File Path                            PID    Runtime      # DAGs    # Errors  Last Runtime    Last Run
-----------------------------------  -----  ---------  --------  ----------  --------------  -------------------
/opt/airflow/dags/sgfood_elt_dag.py                           1           0  0.33s           2026-10-07T20:39:16
================================================================================
[2026-10-07T20:40:06.230+0000] {manager.py:879} INFO - 
================================================================================
DAG File Processing Stats

File Path                            PID    Runtime      # DAGs    # Errors  Last Runtime    Last Run
-----------------------------------  -----  ---------  --------  ----------  --------------  -------------------
/opt/airflow/dags/sgfood_elt_dag.py                           1           0  0.32s           2026-10-07T20:39:46
================================================================================
[2026-10-07T20:40:33.865+0000] {manager.py:879} INFO - 
================================================================================
DAG File Processing Stats

File Path                            PID    Runtime      # DAGs    # Errors  Last Runtime    Last Run
-----------------------------------  -----  ---------  --------  ----------  --------------  -------------------
/opt/airflow/dags/sgfood_elt_dag.py                           1           0  0.34s           2026-10-07T20:40:17
================================================================================
[2026-10-07T20:41:01.510+0000] {manager.py:879} INFO - 
================================================================================
DAG File Processing Stats

File Path                            PID    Runtime      # DAGs    # Errors  Last Runtime    Last Run
-----------------------------------  -----  ---------  --------  ----------  --------------  -------------------
/opt/airflow/dags/sgfood_elt_dag.py                           1           0  0.32s           2026-10-07T20:40:48
================================================================================
[2026-10-07T20:41:29.143+0000] {manager.py:879} INFO - 
================================================================================
DAG File Processing Stats

File Path                            PID    Runtime      # DAGs    # Errors  Last Runtime    Last Run
-----------------------------------  -----  ---------  --------  ----------  --------------  -------------------
/opt/airflow/dags/sgfood_elt_dag.py                           1           0  0.31s           2026-10-07T20:41:19
================================================================================
[2026-10-07T20:41:56.750+0000] {manager.py:879} INFO - 
================================================================================
DAG File Processing Stats

File Path                            PID    Runtime      # DAGs    # Errors  Last Runtime    Last Run
-----------------------------------  -----  ---------  --------  ----------  --------------  -------------------
/opt/airflow/dags/sgfood_elt_dag.py                           1           0  0.32s           2026-10-07T20:41:49
================================================================================
[2026-10-07T20:42:24.384+0000] {manager.py:879} INFO - 
================================================================================
DAG File Processing Stats

File Path                            PID    Runtime      # DAGs    # Errors  Last Runtime    Last Run
-----------------------------------  -----  ---------  --------  ----------  --------------  -------------------
/opt/airflow/dags/sgfood_elt_dag.py                           1           0  0.33s           2026-10-07T20:42:20
================================================================================
[2026-10-07T20:42:51.960+0000] {manager.py:879} INFO - 
================================================================================
DAG File Processing Stats

File Path                            PID    Runtime      # DAGs    # Errors  Last Runtime    Last Run
-----------------------------------  -----  ---------  --------  ----------  --------------  -------------------
/opt/airflow/dags/sgfood_elt_dag.py                           1           0  0.32s           2026-10-07T20:42:51
================================================================================
[2026-10-07T20:43:19.600+0000] {manager.py:879} INFO - 
================================================================================
DAG File Processing Stats

File Path                            PID    Runtime      # DAGs    # Errors  Last Runtime    Last Run
-----------------------------------  -----  ---------  --------  ----------  --------------  -------------------
/opt/airflow/dags/sgfood_elt_dag.py                           1           0  0.32s           2026-10-07T20:42:51
================================================================================
[2026-10-07T20:43:47.270+0000] {manager.py:879} INFO - 
================================================================================
DAG File Processing Stats

File Path                            PID    Runtime      # DAGs    # Errors  Last Runtime    Last Run
-----------------------------------  -----  ---------  --------  ----------  --------------  -------------------
/opt/airflow/dags/sgfood_elt_dag.py                           1           0  0.32s           2026-10-07T20:43:22
================================================================================
[2026-10-07T20:44:14.892+0000] {manager.py:879} INFO - 
================================================================================
DAG File Processing Stats

File Path                            PID    Runtime      # DAGs    # Errors  Last Runtime    Last Run
-----------------------------------  -----  ---------  --------  ----------  --------------  -------------------
/opt/airflow/dags/sgfood_elt_dag.py                           1           0  0.33s           2026-10-07T20:43:53
================================================================================
[2026-10-07T20:44:19.887+0000] {manager.py:738} INFO - Searching for files in /opt/airflow/dags
[2026-10-07T20:44:19.937+0000] {manager.py:741} INFO - There are 1 files in /opt/airflow/dags
[2026-10-07T20:44:42.565+0000] {manager.py:879} INFO - 
================================================================================
DAG File Processing Stats

File Path                            PID    Runtime      # DAGs    # Errors  Last Runtime    Last Run
-----------------------------------  -----  ---------  --------  ----------  --------------  -------------------
/opt/airflow/dags/sgfood_elt_dag.py                           1           0  0.32s           2026-10-07T20:44:24
================================================================================
[2026-10-07T20:45:10.045+0000] {manager.py:879} INFO - 
================================================================================
DAG File Processing Stats

File Path                            PID    Runtime      # DAGs    # Errors  Last Runtime    Last Run
-----------------------------------  -----  ---------  --------  ----------  --------------  -------------------
/opt/airflow/dags/sgfood_elt_dag.py                           1           0  0.31s           2026-10-07T20:44:55
================================================================================
[2026-10-07T20:45:37.917+0000] {manager.py:879} INFO - 
================================================================================
DAG File Processing Stats

File Path                            PID    Runtime      # DAGs    # Errors  Last Runtime    Last Run
-----------------------------------  -----  ---------  --------  ----------  --------------  -------------------
/opt/airflow/dags/sgfood_elt_dag.py                           1           0  0.41s           2026-10-07T20:45:25
================================================================================
[2026-10-07T20:46:05.534+0000] {manager.py:879} INFO - 
================================================================================
DAG File Processing Stats

File Path                            PID    Runtime      # DAGs    # Errors  Last Runtime    Last Run
-----------------------------------  -----  ---------  --------  ----------  --------------  -------------------
/opt/airflow/dags/sgfood_elt_dag.py                           1           0  0.31s           2026-10-07T20:45:56
================================================================================
[2026-10-07T20:46:33.156+0000] {manager.py:879} INFO - 
================================================================================
DAG File Processing Stats

File Path                            PID    Runtime      # DAGs    # Errors  Last Runtime    Last Run
-----------------------------------  -----  ---------  --------  ----------  --------------  -------------------
/opt/airflow/dags/sgfood_elt_dag.py                           1           0  0.32s           2026-10-07T20:46:27
================================================================================
[2026-10-07T20:47:00.882+0000] {manager.py:879} INFO - 
================================================================================
DAG File Processing Stats

File Path                            PID    Runtime      # DAGs    # Errors  Last Runtime    Last Run
-----------------------------------  -----  ---------  --------  ----------  --------------  -------------------
/opt/airflow/dags/sgfood_elt_dag.py                           1           0  0.24s           2026-10-07T20:46:58
================================================================================
[2026-10-07T20:47:28.802+0000] {manager.py:879} INFO - 
================================================================================
DAG File Processing Stats

File Path                            PID    Runtime      # DAGs    # Errors  Last Runtime    Last Run
-----------------------------------  -----  ---------  --------  ----------  --------------  -------------------
/opt/airflow/dags/sgfood_elt_dag.py                           1           0  0.23s           2026-10-07T20:47:28
================================================================================
[2026-10-07T20:47:56.403+0000] {manager.py:879} INFO - 
================================================================================
DAG File Processing Stats

File Path                            PID    Runtime      # DAGs    # Errors  Last Runtime    Last Run
-----------------------------------  -----  ---------  --------  ----------  --------------  -------------------
/opt/airflow/dags/sgfood_elt_dag.py                           1           0  0.23s           2026-10-07T20:47:28
================================================================================
[2026-10-07T20:48:24.062+0000] {manager.py:879} INFO - 
================================================================================
DAG File Processing Stats

File Path                            PID    Runtime      # DAGs    # Errors  Last Runtime    Last Run
-----------------------------------  -----  ---------  --------  ----------  --------------  -------------------
/opt/airflow/dags/sgfood_elt_dag.py                           1           0  0.32s           2026-10-07T20:47:59
================================================================================
[2026-10-07T20:48:51.661+0000] {manager.py:879} INFO - 
================================================================================
DAG File Processing Stats

File Path                            PID    Runtime      # DAGs    # Errors  Last Runtime    Last Run
-----------------------------------  -----  ---------  --------  ----------  --------------  -------------------
/opt/airflow/dags/sgfood_elt_dag.py                           1           0  0.32s           2026-10-07T20:48:31
================================================================================
[2026-10-07T20:49:19.269+0000] {manager.py:879} INFO - 
================================================================================
DAG File Processing Stats

File Path                            PID    Runtime      # DAGs    # Errors  Last Runtime    Last Run
-----------------------------------  -----  ---------  --------  ----------  --------------  -------------------
/opt/airflow/dags/sgfood_elt_dag.py                           1           0  0.31s           2026-10-07T20:49:02
================================================================================
[2026-10-07T20:49:20.335+0000] {manager.py:738} INFO - Searching for files in /opt/airflow/dags
[2026-10-07T20:49:20.384+0000] {manager.py:741} INFO - There are 1 files in /opt/airflow/dags
[2026-10-07T20:49:46.919+0000] {manager.py:879} INFO - 
================================================================================
DAG File Processing Stats

File Path                            PID    Runtime      # DAGs    # Errors  Last Runtime    Last Run
-----------------------------------  -----  ---------  --------  ----------  --------------  -------------------
/opt/airflow/dags/sgfood_elt_dag.py                           1           0  0.33s           2026-10-07T20:49:33
================================================================================
[2026-10-07T20:50:13.387+0000] {manager.py:879} INFO - 
================================================================================
DAG File Processing Stats

File Path                            PID    Runtime      # DAGs    # Errors  Last Runtime    Last Run
-----------------------------------  -----  ---------  --------  ----------  --------------  -------------------
/opt/airflow/dags/sgfood_elt_dag.py                           1           0  0.41s           2026-10-07T20:50:03
================================================================================
[2026-10-07T20:50:42.434+0000] {manager.py:879} INFO - 
================================================================================
DAG File Processing Stats

File Path                            PID    Runtime      # DAGs    # Errors  Last Runtime    Last Run
-----------------------------------  -----  ---------  --------  ----------  --------------  -------------------
/opt/airflow/dags/sgfood_elt_dag.py                           1           0  0.33s           2026-10-07T20:50:34
================================================================================
[2026-10-07T20:51:09.807+0000] {manager.py:879} INFO - 
================================================================================
DAG File Processing Stats

File Path                            PID    Runtime      # DAGs    # Errors  Last Runtime    Last Run
-----------------------------------  -----  ---------  --------  ----------  --------------  -------------------
/opt/airflow/dags/sgfood_elt_dag.py                           1           0  0.34s           2026-10-07T20:51:05
================================================================================
[2026-10-07T20:51:37.505+0000] {manager.py:879} INFO - 
================================================================================
DAG File Processing Stats

File Path                            PID    Runtime      # DAGs    # Errors  Last Runtime    Last Run
-----------------------------------  -----  ---------  --------  ----------  --------------  -------------------
/opt/airflow/dags/sgfood_elt_dag.py                           1           0  0.32s           2026-10-07T20:51:35
================================================================================
[2026-10-07T20:52:05.071+0000] {manager.py:879} INFO - 
================================================================================
DAG File Processing Stats

File Path                            PID    Runtime      # DAGs    # Errors  Last Runtime    Last Run
-----------------------------------  -----  ---------  --------  ----------  --------------  -------------------
/opt/airflow/dags/sgfood_elt_dag.py                           1           0  0.32s           2026-10-07T20:51:35
================================================================================
[2026-10-07T20:52:32.700+0000] {manager.py:879} INFO - 
================================================================================
DAG File Processing Stats

File Path                            PID    Runtime      # DAGs    # Errors  Last Runtime    Last Run
-----------------------------------  -----  ---------  --------  ----------  --------------  -------------------
/opt/airflow/dags/sgfood_elt_dag.py                           1           0  0.33s           2026-10-07T20:52:06
================================================================================
[2026-10-07T20:53:00.417+0000] {manager.py:879} INFO - 
================================================================================
DAG File Processing Stats

File Path                            PID    Runtime      # DAGs    # Errors  Last Runtime    Last Run
-----------------------------------  -----  ---------  --------  ----------  --------------  -------------------
/opt/airflow/dags/sgfood_elt_dag.py                           1           0  0.34s           2026-10-07T20:52:37
================================================================================
[2026-10-07T20:53:27.962+0000] {manager.py:879} INFO - 
================================================================================
DAG File Processing Stats

File Path                            PID    Runtime      # DAGs    # Errors  Last Runtime    Last Run
-----------------------------------  -----  ---------  --------  ----------  --------------  -------------------
/opt/airflow/dags/sgfood_elt_dag.py                           1           0  0.33s           2026-10-07T20:53:07
================================================================================
[2026-10-07T20:53:55.564+0000] {manager.py:879} INFO - 
================================================================================
DAG File Processing Stats

File Path                            PID    Runtime      # DAGs    # Errors  Last Runtime    Last Run
-----------------------------------  -----  ---------  --------  ----------  --------------  -------------------
/opt/airflow/dags/sgfood_elt_dag.py                           1           0  -2.23s          2026-10-07T20:53:35
================================================================================
[2026-10-07T20:54:20.905+0000] {manager.py:738} INFO - Searching for files in /opt/airflow/dags
[2026-10-07T20:54:20.958+0000] {manager.py:741} INFO - There are 1 files in /opt/airflow/dags
[2026-10-07T20:54:23.154+0000] {manager.py:879} INFO - 
================================================================================
DAG File Processing Stats

File Path                            PID    Runtime      # DAGs    # Errors  Last Runtime    Last Run
-----------------------------------  -----  ---------  --------  ----------  --------------  -------------------
/opt/airflow/dags/sgfood_elt_dag.py                           1           0  0.33s           2026-10-07T20:54:06
================================================================================
[2026-10-07T20:54:50.783+0000] {manager.py:879} INFO - 
================================================================================
DAG File Processing Stats

File Path                            PID    Runtime      # DAGs    # Errors  Last Runtime    Last Run
-----------------------------------  -----  ---------  --------  ----------  --------------  -------------------
/opt/airflow/dags/sgfood_elt_dag.py                           1           0  0.24s           2026-10-07T20:54:37
================================================================================
[2026-10-07T20:55:18.405+0000] {manager.py:879} INFO - 
================================================================================
DAG File Processing Stats

File Path                            PID    Runtime      # DAGs    # Errors  Last Runtime    Last Run
-----------------------------------  -----  ---------  --------  ----------  --------------  -------------------
/opt/airflow/dags/sgfood_elt_dag.py                           1           0  0.33s           2026-10-07T20:55:08
================================================================================
[2026-10-07T20:55:46.051+0000] {manager.py:879} INFO - 
================================================================================
DAG File Processing Stats

File Path                            PID    Runtime      # DAGs    # Errors  Last Runtime    Last Run
-----------------------------------  -----  ---------  --------  ----------  --------------  -------------------
/opt/airflow/dags/sgfood_elt_dag.py                           1           0  0.33s           2026-10-07T20:55:40
================================================================================
[2026-10-07T20:56:13.676+0000] {manager.py:879} INFO - 
================================================================================
DAG File Processing Stats

File Path                            PID    Runtime      # DAGs    # Errors  Last Runtime    Last Run
-----------------------------------  -----  ---------  --------  ----------  --------------  -------------------
/opt/airflow/dags/sgfood_elt_dag.py                           1           0  0.32s           2026-10-07T20:56:11
================================================================================
[2026-10-07T20:56:41.626+0000] {manager.py:879} INFO - 
================================================================================
DAG File Processing Stats

File Path                            PID    Runtime      # DAGs    # Errors  Last Runtime    Last Run
-----------------------------------  -----  ---------  --------  ----------  --------------  -------------------
/opt/airflow/dags/sgfood_elt_dag.py                           1           0  0.33s           2026-10-07T20:56:41
================================================================================
[2026-10-07T20:57:09.243+0000] {manager.py:879} INFO - 
================================================================================
DAG File Processing Stats

File Path                            PID    Runtime      # DAGs    # Errors  Last Runtime    Last Run
-----------------------------------  -----  ---------  --------  ----------  --------------  -------------------
/opt/airflow/dags/sgfood_elt_dag.py                           1           0  0.33s           2026-10-07T20:56:41
================================================================================
[2026-10-07T20:57:36.862+0000] {manager.py:879} INFO - 
================================================================================
DAG File Processing Stats

File Path                            PID    Runtime      # DAGs    # Errors  Last Runtime    Last Run
-----------------------------------  -----  ---------  --------  ----------  --------------  -------------------
/opt/airflow/dags/sgfood_elt_dag.py                           1           0  0.33s           2026-10-07T20:57:12
================================================================================
[2026-10-07T20:58:04.497+0000] {manager.py:879} INFO - 
================================================================================
DAG File Processing Stats

File Path                            PID    Runtime      # DAGs    # Errors  Last Runtime    Last Run
-----------------------------------  -----  ---------  --------  ----------  --------------  -------------------
/opt/airflow/dags/sgfood_elt_dag.py                           1           0  0.33s           2026-10-07T20:57:44
================================================================================
[2026-10-07T20:58:32.124+0000] {manager.py:879} INFO - 
================================================================================
DAG File Processing Stats

File Path                            PID    Runtime      # DAGs    # Errors  Last Runtime    Last Run
-----------------------------------  -----  ---------  --------  ----------  --------------  -------------------
/opt/airflow/dags/sgfood_elt_dag.py                           1           0  0.32s           2026-10-07T20:58:15
================================================================================
[2026-10-07T20:58:59.744+0000] {manager.py:879} INFO - 
================================================================================
DAG File Processing Stats

File Path                            PID    Runtime      # DAGs    # Errors  Last Runtime    Last Run
-----------------------------------  -----  ---------  --------  ----------  --------------  -------------------
/opt/airflow/dags/sgfood_elt_dag.py                           1           0  0.33s           2026-10-07T20:58:46
================================================================================
[2026-10-07T20:59:20.969+0000] {manager.py:738} INFO - Searching for files in /opt/airflow/dags
[2026-10-07T20:59:21.017+0000] {manager.py:741} INFO - There are 1 files in /opt/airflow/dags
[2026-10-07T20:59:27.400+0000] {manager.py:879} INFO - 
================================================================================
DAG File Processing Stats

File Path                            PID    Runtime      # DAGs    # Errors  Last Runtime    Last Run
-----------------------------------  -----  ---------  --------  ----------  --------------  -------------------
/opt/airflow/dags/sgfood_elt_dag.py                           1           0  0.31s           2026-10-07T20:59:17
================================================================================
[2026-10-07T20:59:54.985+0000] {manager.py:879} INFO - 
================================================================================
DAG File Processing Stats

File Path                            PID    Runtime      # DAGs    # Errors  Last Runtime    Last Run
-----------------------------------  -----  ---------  --------  ----------  --------------  -------------------
/opt/airflow/dags/sgfood_elt_dag.py                           1           0  0.32s           2026-10-07T20:59:48
================================================================================
[2026-10-07T21:00:22.552+0000] {manager.py:879} INFO - 
================================================================================
DAG File Processing Stats

File Path                            PID    Runtime      # DAGs    # Errors  Last Runtime    Last Run
-----------------------------------  -----  ---------  --------  ----------  --------------  -------------------
/opt/airflow/dags/sgfood_elt_dag.py                           1           0  0.33s           2026-10-07T21:00:19
================================================================================
[2026-10-07T21:00:50.075+0000] {manager.py:879} INFO - 
================================================================================
DAG File Processing Stats

File Path                            PID    Runtime      # DAGs    # Errors  Last Runtime    Last Run
-----------------------------------  -----  ---------  --------  ----------  --------------  -------------------
/opt/airflow/dags/sgfood_elt_dag.py                           1           0  0.21s           2026-10-07T21:00:50
================================================================================
[2026-10-07T21:01:17.909+0000] {manager.py:879} INFO - 
================================================================================
DAG File Processing Stats

File Path                            PID    Runtime      # DAGs    # Errors  Last Runtime    Last Run
-----------------------------------  -----  ---------  --------  ----------  --------------  -------------------
/opt/airflow/dags/sgfood_elt_dag.py                           1           0  0.21s           2026-10-07T21:00:50
================================================================================
[2026-10-07T21:01:45.526+0000] {manager.py:879} INFO - 
================================================================================
DAG File Processing Stats

File Path                            PID    Runtime      # DAGs    # Errors  Last Runtime    Last Run
-----------------------------------  -----  ---------  --------  ----------  --------------  -------------------
/opt/airflow/dags/sgfood_elt_dag.py                           1           0  0.32s           2026-10-07T21:01:20
================================================================================
[2026-10-07T21:02:13.148+0000] {manager.py:879} INFO - 
================================================================================
DAG File Processing Stats

File Path                            PID    Runtime      # DAGs    # Errors  Last Runtime    Last Run
-----------------------------------  -----  ---------  --------  ----------  --------------  -------------------
/opt/airflow/dags/sgfood_elt_dag.py                           1           0  0.31s           2026-10-07T21:01:51
================================================================================
[2026-10-07T21:02:40.746+0000] {manager.py:879} INFO - 
================================================================================
DAG File Processing Stats

File Path                            PID    Runtime      # DAGs    # Errors  Last Runtime    Last Run
-----------------------------------  -----  ---------  --------  ----------  --------------  -------------------
/opt/airflow/dags/sgfood_elt_dag.py                           1           0  0.32s           2026-10-07T21:02:22
================================================================================
[2026-10-07T21:03:08.499+0000] {manager.py:879} INFO - 
================================================================================
DAG File Processing Stats

File Path                            PID    Runtime      # DAGs    # Errors  Last Runtime    Last Run
-----------------------------------  -----  ---------  --------  ----------  --------------  -------------------
/opt/airflow/dags/sgfood_elt_dag.py                           1           0  0.32s           2026-10-07T21:02:53
================================================================================
[2026-10-07T21:03:36.167+0000] {manager.py:879} INFO - 
================================================================================
DAG File Processing Stats

File Path                            PID    Runtime      # DAGs    # Errors  Last Runtime    Last Run
-----------------------------------  -----  ---------  --------  ----------  --------------  -------------------
/opt/airflow/dags/sgfood_elt_dag.py                           1           0  0.33s           2026-10-07T21:03:24
================================================================================
[2026-10-07T21:04:03.792+0000] {manager.py:879} INFO - 
================================================================================
DAG File Processing Stats

File Path                            PID    Runtime      # DAGs    # Errors  Last Runtime    Last Run
-----------------------------------  -----  ---------  --------  ----------  --------------  -------------------
/opt/airflow/dags/sgfood_elt_dag.py                           1           0  0.33s           2026-10-07T21:03:55
================================================================================
[2026-10-07T21:04:21.849+0000] {manager.py:738} INFO - Searching for files in /opt/airflow/dags
[2026-10-07T21:04:21.899+0000] {manager.py:741} INFO - There are 1 files in /opt/airflow/dags
[2026-10-07T21:04:31.358+0000] {manager.py:879} INFO - 
================================================================================
DAG File Processing Stats

File Path                            PID    Runtime      # DAGs    # Errors  Last Runtime    Last Run
-----------------------------------  -----  ---------  --------  ----------  --------------  -------------------
/opt/airflow/dags/sgfood_elt_dag.py                           1           0  0.33s           2026-10-07T21:04:26
================================================================================
[2026-10-07T21:04:59.013+0000] {manager.py:879} INFO - 
================================================================================
DAG File Processing Stats

File Path                            PID    Runtime      # DAGs    # Errors  Last Runtime    Last Run
-----------------------------------  -----  ---------  --------  ----------  --------------  -------------------
/opt/airflow/dags/sgfood_elt_dag.py                           1           0  0.33s           2026-10-07T21:04:56
================================================================================
[2026-10-07T21:05:26.901+0000] {manager.py:879} INFO - 
================================================================================
DAG File Processing Stats

File Path                            PID    Runtime      # DAGs    # Errors  Last Runtime    Last Run
-----------------------------------  -----  ---------  --------  ----------  --------------  -------------------
/opt/airflow/dags/sgfood_elt_dag.py                           1           0  0.33s           2026-10-07T21:05:26
================================================================================
[2026-10-07T21:05:54.416+0000] {manager.py:879} INFO - 
================================================================================
DAG File Processing Stats

File Path                            PID    Runtime      # DAGs    # Errors  Last Runtime    Last Run
-----------------------------------  -----  ---------  --------  ----------  --------------  -------------------
/opt/airflow/dags/sgfood_elt_dag.py                           1           0  0.33s           2026-10-07T21:05:26
================================================================================
[2026-10-07T21:06:22.022+0000] {manager.py:879} INFO - 
================================================================================
DAG File Processing Stats

File Path                            PID    Runtime      # DAGs    # Errors  Last Runtime    Last Run
-----------------------------------  -----  ---------  --------  ----------  --------------  -------------------
/opt/airflow/dags/sgfood_elt_dag.py                           1           0  0.33s           2026-10-07T21:05:57
================================================================================
[2026-10-07T21:06:49.635+0000] {manager.py:879} INFO - 
================================================================================
DAG File Processing Stats

File Path                            PID    Runtime      # DAGs    # Errors  Last Runtime    Last Run
-----------------------------------  -----  ---------  --------  ----------  --------------  -------------------
/opt/airflow/dags/sgfood_elt_dag.py                           1           0  -2.19s          2026-10-07T21:06:25
================================================================================
[2026-10-07T21:07:17.199+0000] {manager.py:879} INFO - 
================================================================================
DAG File Processing Stats

File Path                            PID    Runtime      # DAGs    # Errors  Last Runtime    Last Run
-----------------------------------  -----  ---------  --------  ----------  --------------  -------------------
/opt/airflow/dags/sgfood_elt_dag.py                           1           0  0.33s           2026-10-07T21:06:57
================================================================================
[2026-10-07T21:07:44.725+0000] {manager.py:879} INFO - 
================================================================================
DAG File Processing Stats

File Path                            PID    Runtime      # DAGs    # Errors  Last Runtime    Last Run
-----------------------------------  -----  ---------  --------  ----------  --------------  -------------------
/opt/airflow/dags/sgfood_elt_dag.py                           1           0  0.32s           2026-10-07T21:07:27
================================================================================
[2026-10-07T21:08:12.282+0000] {manager.py:879} INFO - 
================================================================================
DAG File Processing Stats

File Path                            PID    Runtime      # DAGs    # Errors  Last Runtime    Last Run
-----------------------------------  -----  ---------  --------  ----------  --------------  -------------------
/opt/airflow/dags/sgfood_elt_dag.py                           1           0  0.33s           2026-10-07T21:07:58
================================================================================
[2026-10-07T21:08:39.824+0000] {manager.py:879} INFO - 
================================================================================
DAG File Processing Stats

File Path                            PID    Runtime      # DAGs    # Errors  Last Runtime    Last Run
-----------------------------------  -----  ---------  --------  ----------  --------------  -------------------
/opt/airflow/dags/sgfood_elt_dag.py                           1           0  0.33s           2026-10-07T21:08:29
================================================================================
[2026-10-07T21:09:07.407+0000] {manager.py:879} INFO - 
================================================================================
DAG File Processing Stats

File Path                            PID    Runtime      # DAGs    # Errors  Last Runtime    Last Run
-----------------------------------  -----  ---------  --------  ----------  --------------  -------------------
/opt/airflow/dags/sgfood_elt_dag.py                           1           0  0.23s           2026-10-07T21:09:01
================================================================================
[2026-10-07T21:09:21.965+0000] {manager.py:738} INFO - Searching for files in /opt/airflow/dags
[2026-10-07T21:09:22.008+0000] {manager.py:741} INFO - There are 1 files in /opt/airflow/dags
[2026-10-07T21:09:34.939+0000] {manager.py:879} INFO - 
================================================================================
DAG File Processing Stats

File Path                            PID    Runtime      # DAGs    # Errors  Last Runtime    Last Run
-----------------------------------  -----  ---------  --------  ----------  --------------  -------------------
/opt/airflow/dags/sgfood_elt_dag.py                           1           0  0.33s           2026-10-07T21:09:32
================================================================================
[2026-10-07T21:10:02.997+0000] {manager.py:879} INFO - 
================================================================================
DAG File Processing Stats

File Path                            PID    Runtime      # DAGs    # Errors  Last Runtime    Last Run
-----------------------------------  -----  ---------  --------  ----------  --------------  -------------------
/opt/airflow/dags/sgfood_elt_dag.py                           1           0  0.33s           2026-10-07T21:10:02
================================================================================
[2026-10-07T21:10:30.524+0000] {manager.py:879} INFO - 
================================================================================
DAG File Processing Stats

File Path                            PID    Runtime      # DAGs    # Errors  Last Runtime    Last Run
-----------------------------------  -----  ---------  --------  ----------  --------------  -------------------
/opt/airflow/dags/sgfood_elt_dag.py                           1           0  0.33s           2026-10-07T21:10:02
================================================================================
[2026-10-07T21:10:58.143+0000] {manager.py:879} INFO - 
================================================================================
DAG File Processing Stats

File Path                            PID    Runtime      # DAGs    # Errors  Last Runtime    Last Run
-----------------------------------  -----  ---------  --------  ----------  --------------  -------------------
/opt/airflow/dags/sgfood_elt_dag.py                           1           0  0.34s           2026-10-07T21:10:34
================================================================================
[2026-10-07T21:11:25.709+0000] {manager.py:879} INFO - 
================================================================================
DAG File Processing Stats

File Path                            PID    Runtime      # DAGs    # Errors  Last Runtime    Last Run
-----------------------------------  -----  ---------  --------  ----------  --------------  -------------------
/opt/airflow/dags/sgfood_elt_dag.py                           1           0  0.33s           2026-10-07T21:11:04
================================================================================
[2026-10-07T21:11:53.282+0000] {manager.py:879} INFO - 
================================================================================
DAG File Processing Stats

File Path                            PID    Runtime      # DAGs    # Errors  Last Runtime    Last Run
-----------------------------------  -----  ---------  --------  ----------  --------------  -------------------
/opt/airflow/dags/sgfood_elt_dag.py                           1           0  0.33s           2026-10-07T21:11:36
================================================================================
[2026-10-07T21:12:20.900+0000] {manager.py:879} INFO - 
================================================================================
DAG File Processing Stats

File Path                            PID    Runtime      # DAGs    # Errors  Last Runtime    Last Run
-----------------------------------  -----  ---------  --------  ----------  --------------  -------------------
/opt/airflow/dags/sgfood_elt_dag.py                           1           0  0.33s           2026-10-07T21:12:07
================================================================================
[2026-10-07T21:12:48.494+0000] {manager.py:879} INFO - 
================================================================================
DAG File Processing Stats

File Path                            PID    Runtime      # DAGs    # Errors  Last Runtime    Last Run
-----------------------------------  -----  ---------  --------  ----------  --------------  -------------------
/opt/airflow/dags/sgfood_elt_dag.py                           1           0  0.33s           2026-10-07T21:12:37
================================================================================
[2026-10-07T21:13:16.160+0000] {manager.py:879} INFO - 
================================================================================
DAG File Processing Stats

File Path                            PID    Runtime      # DAGs    # Errors  Last Runtime    Last Run
-----------------------------------  -----  ---------  --------  ----------  --------------  -------------------
/opt/airflow/dags/sgfood_elt_dag.py                           1           0  0.33s           2026-10-07T21:13:08
================================================================================
[2026-10-07T21:13:43.639+0000] {manager.py:879} INFO - 
================================================================================
DAG File Processing Stats

File Path                            PID    Runtime      # DAGs    # Errors  Last Runtime    Last Run
-----------------------------------  -----  ---------  --------  ----------  --------------  -------------------
/opt/airflow/dags/sgfood_elt_dag.py                           1           0  0.33s           2026-10-07T21:13:39
================================================================================
[2026-10-07T21:14:11.216+0000] {manager.py:879} INFO - 
================================================================================
DAG File Processing Stats

File Path                            PID    Runtime      # DAGs    # Errors  Last Runtime    Last Run
-----------------------------------  -----  ---------  --------  ----------  --------------  -------------------
/opt/airflow/dags/sgfood_elt_dag.py                           1           0  0.33s           2026-10-07T21:14:09
================================================================================
[2026-10-07T21:14:22.041+0000] {manager.py:738} INFO - Searching for files in /opt/airflow/dags
[2026-10-07T21:14:22.116+0000] {manager.py:741} INFO - There are 1 files in /opt/airflow/dags
[2026-10-07T21:14:38.810+0000] {manager.py:879} INFO - 
================================================================================
DAG File Processing Stats

File Path                            PID    Runtime      # DAGs    # Errors  Last Runtime    Last Run
-----------------------------------  -----  ---------  --------  ----------  --------------  -------------------
/opt/airflow/dags/sgfood_elt_dag.py                           1           0  0.33s           2026-10-07T21:14:09
================================================================================
[2026-10-07T21:15:06.472+0000] {manager.py:879} INFO - 
================================================================================
DAG File Processing Stats

File Path                            PID    Runtime      # DAGs    # Errors  Last Runtime    Last Run
-----------------------------------  -----  ---------  --------  ----------  --------------  -------------------
/opt/airflow/dags/sgfood_elt_dag.py                           1           0  0.32s           2026-10-07T21:14:40
================================================================================
[2026-10-07T21:15:34.024+0000] {manager.py:879} INFO - 
================================================================================
DAG File Processing Stats

File Path                            PID    Runtime      # DAGs    # Errors  Last Runtime    Last Run
-----------------------------------  -----  ---------  --------  ----------  --------------  -------------------
/opt/airflow/dags/sgfood_elt_dag.py                           1           0  0.33s           2026-10-07T21:15:11
================================================================================
[2026-10-07T21:16:01.493+0000] {manager.py:879} INFO - 
================================================================================
DAG File Processing Stats

File Path                            PID    Runtime      # DAGs    # Errors  Last Runtime    Last Run
-----------------------------------  -----  ---------  --------  ----------  --------------  -------------------
/opt/airflow/dags/sgfood_elt_dag.py                           1           0  0.33s           2026-10-07T21:15:41
================================================================================
[2026-10-07T21:16:29.112+0000] {manager.py:879} INFO - 
================================================================================
DAG File Processing Stats

File Path                            PID    Runtime      # DAGs    # Errors  Last Runtime    Last Run
-----------------------------------  -----  ---------  --------  ----------  --------------  -------------------
/opt/airflow/dags/sgfood_elt_dag.py                           1           0  0.33s           2026-10-07T21:16:12
================================================================================
[2026-10-07T21:16:56.568+0000] {manager.py:879} INFO - 
================================================================================
DAG File Processing Stats

File Path                            PID    Runtime      # DAGs    # Errors  Last Runtime    Last Run
-----------------------------------  -----  ---------  --------  ----------  --------------  -------------------
/opt/airflow/dags/sgfood_elt_dag.py                           1           0  0.33s           2026-10-07T21:16:42
================================================================================
[2026-10-07T21:17:24.203+0000] {manager.py:879} INFO - 
================================================================================
DAG File Processing Stats

File Path                            PID    Runtime      # DAGs    # Errors  Last Runtime    Last Run
-----------------------------------  -----  ---------  --------  ----------  --------------  -------------------
/opt/airflow/dags/sgfood_elt_dag.py                           1           0  0.32s           2026-10-07T21:17:13
================================================================================
[2026-10-07T21:17:51.669+0000] {manager.py:879} INFO - 
================================================================================
DAG File Processing Stats

File Path                            PID    Runtime      # DAGs    # Errors  Last Runtime    Last Run
-----------------------------------  -----  ---------  --------  ----------  --------------  -------------------
/opt/airflow/dags/sgfood_elt_dag.py                           1           0  0.32s           2026-10-07T21:17:44
================================================================================
[2026-10-07T21:18:19.132+0000] {manager.py:879} INFO - 
================================================================================
DAG File Processing Stats

File Path                            PID    Runtime      # DAGs    # Errors  Last Runtime    Last Run
-----------------------------------  -----  ---------  --------  ----------  --------------  -------------------
/opt/airflow/dags/sgfood_elt_dag.py                           1           0  0.32s           2026-10-07T21:18:15
================================================================================
[2026-10-07T21:18:46.612+0000] {manager.py:879} INFO - 
================================================================================
DAG File Processing Stats

File Path                            PID    Runtime      # DAGs    # Errors  Last Runtime    Last Run
-----------------------------------  -----  ---------  --------  ----------  --------------  -------------------
/opt/airflow/dags/sgfood_elt_dag.py                           1           0  0.32s           2026-10-07T21:18:46
================================================================================
[2026-10-07T21:19:14.179+0000] {manager.py:879} INFO - 
================================================================================
DAG File Processing Stats

File Path                            PID    Runtime      # DAGs    # Errors  Last Runtime    Last Run
-----------------------------------  -----  ---------  --------  ----------  --------------  -------------------
/opt/airflow/dags/sgfood_elt_dag.py                           1           0  0.32s           2026-10-07T21:18:46
================================================================================
[2026-10-07T21:19:22.195+0000] {manager.py:738} INFO - Searching for files in /opt/airflow/dags
[2026-10-07T21:19:22.248+0000] {manager.py:741} INFO - There are 1 files in /opt/airflow/dags
[2026-10-07T21:19:41.665+0000] {manager.py:879} INFO - 
================================================================================
DAG File Processing Stats

File Path                            PID    Runtime      # DAGs    # Errors  Last Runtime    Last Run
-----------------------------------  -----  ---------  --------  ----------  --------------  -------------------
/opt/airflow/dags/sgfood_elt_dag.py                           1           0  0.33s           2026-10-07T21:19:17
================================================================================
[2026-10-07T21:20:09.177+0000] {manager.py:879} INFO - 
================================================================================
DAG File Processing Stats

File Path                            PID    Runtime      # DAGs    # Errors  Last Runtime    Last Run
-----------------------------------  -----  ---------  --------  ----------  --------------  -------------------
/opt/airflow/dags/sgfood_elt_dag.py                           1           0  0.33s           2026-10-07T21:19:47
================================================================================
[2026-10-07T21:20:36.644+0000] {manager.py:879} INFO - 
================================================================================
DAG File Processing Stats

File Path                            PID    Runtime      # DAGs    # Errors  Last Runtime    Last Run
-----------------------------------  -----  ---------  --------  ----------  --------------  -------------------
/opt/airflow/dags/sgfood_elt_dag.py                           1           0  0.33s           2026-10-07T21:20:18
================================================================================
[2026-10-07T21:21:04.484+0000] {manager.py:879} INFO - 
================================================================================
DAG File Processing Stats

File Path                            PID    Runtime      # DAGs    # Errors  Last Runtime    Last Run
-----------------------------------  -----  ---------  --------  ----------  --------------  -------------------
/opt/airflow/dags/sgfood_elt_dag.py                           1           0  0.33s           2026-10-07T21:20:49
================================================================================
[2026-10-07T21:21:32.086+0000] {manager.py:879} INFO - 
================================================================================
DAG File Processing Stats

File Path                            PID    Runtime      # DAGs    # Errors  Last Runtime    Last Run
-----------------------------------  -----  ---------  --------  ----------  --------------  -------------------
/opt/airflow/dags/sgfood_elt_dag.py                           1           0  0.33s           2026-10-07T21:21:20
================================================================================
[2026-10-07T21:21:59.700+0000] {manager.py:879} INFO - 
================================================================================
DAG File Processing Stats

File Path                            PID    Runtime      # DAGs    # Errors  Last Runtime    Last Run
-----------------------------------  -----  ---------  --------  ----------  --------------  -------------------
/opt/airflow/dags/sgfood_elt_dag.py                           1           0  0.33s           2026-10-07T21:21:51
================================================================================
[2026-10-07T21:22:27.234+0000] {manager.py:879} INFO - 
================================================================================
DAG File Processing Stats

File Path                            PID    Runtime      # DAGs    # Errors  Last Runtime    Last Run
-----------------------------------  -----  ---------  --------  ----------  --------------  -------------------
/opt/airflow/dags/sgfood_elt_dag.py                           1           0  0.32s           2026-10-07T21:22:22
================================================================================
[2026-10-07T21:22:54.765+0000] {manager.py:879} INFO - 
================================================================================
DAG File Processing Stats

File Path                            PID    Runtime      # DAGs    # Errors  Last Runtime    Last Run
-----------------------------------  -----  ---------  --------  ----------  --------------  -------------------
/opt/airflow/dags/sgfood_elt_dag.py                           1           0  0.32s           2026-10-07T21:22:53
================================================================================
[2026-10-07T21:23:22.375+0000] {manager.py:879} INFO - 
================================================================================
DAG File Processing Stats

File Path                            PID    Runtime      # DAGs    # Errors  Last Runtime    Last Run
-----------------------------------  -----  ---------  --------  ----------  --------------  -------------------
/opt/airflow/dags/sgfood_elt_dag.py                           1           0  0.32s           2026-10-07T21:22:53
================================================================================
[2026-10-07T21:23:50.089+0000] {manager.py:879} INFO - 
================================================================================
DAG File Processing Stats

File Path                            PID    Runtime      # DAGs    # Errors  Last Runtime    Last Run
-----------------------------------  -----  ---------  --------  ----------  --------------  -------------------
/opt/airflow/dags/sgfood_elt_dag.py                           1           0  0.22s           2026-10-07T21:23:23
================================================================================
[2026-10-07T21:24:17.595+0000] {manager.py:879} INFO - 
================================================================================
DAG File Processing Stats

File Path                            PID    Runtime      # DAGs    # Errors  Last Runtime    Last Run
-----------------------------------  -----  ---------  --------  ----------  --------------  -------------------
/opt/airflow/dags/sgfood_elt_dag.py                           1           0  0.33s           2026-10-07T21:23:55
================================================================================
[2026-10-07T21:24:22.718+0000] {manager.py:738} INFO - Searching for files in /opt/airflow/dags
[2026-10-07T21:24:22.763+0000] {manager.py:741} INFO - There are 1 files in /opt/airflow/dags
[2026-10-07T21:24:45.261+0000] {manager.py:879} INFO - 
================================================================================
DAG File Processing Stats

File Path                            PID    Runtime      # DAGs    # Errors  Last Runtime    Last Run
-----------------------------------  -----  ---------  --------  ----------  --------------  -------------------
/opt/airflow/dags/sgfood_elt_dag.py                           1           0  0.33s           2026-10-07T21:24:25
================================================================================
[2026-10-07T21:25:12.790+0000] {manager.py:879} INFO - 
================================================================================
DAG File Processing Stats

File Path                            PID    Runtime      # DAGs    # Errors  Last Runtime    Last Run
-----------------------------------  -----  ---------  --------  ----------  --------------  -------------------
/opt/airflow/dags/sgfood_elt_dag.py                           1           0  0.34s           2026-10-07T21:24:57
================================================================================
[2026-10-07T21:25:40.297+0000] {manager.py:879} INFO - 
================================================================================
DAG File Processing Stats

File Path                            PID    Runtime      # DAGs    # Errors  Last Runtime    Last Run
-----------------------------------  -----  ---------  --------  ----------  --------------  -------------------
/opt/airflow/dags/sgfood_elt_dag.py                           1           0  0.34s           2026-10-07T21:25:27
================================================================================
[2026-10-07T21:26:07.868+0000] {manager.py:879} INFO - 
================================================================================
DAG File Processing Stats

File Path                            PID    Runtime      # DAGs    # Errors  Last Runtime    Last Run
-----------------------------------  -----  ---------  --------  ----------  --------------  -------------------
/opt/airflow/dags/sgfood_elt_dag.py                           1           0  0.32s           2026-10-07T21:25:58
================================================================================
[2026-10-07T21:26:35.280+0000] {manager.py:879} INFO - 
================================================================================
DAG File Processing Stats

File Path                            PID    Runtime      # DAGs    # Errors  Last Runtime    Last Run
-----------------------------------  -----  ---------  --------  ----------  --------------  -------------------
/opt/airflow/dags/sgfood_elt_dag.py                           1           0  0.31s           2026-10-07T21:26:29
================================================================================
[2026-10-07T21:27:02.064+0000] {manager.py:879} INFO - 
================================================================================
DAG File Processing Stats

File Path                            PID    Runtime      # DAGs    # Errors  Last Runtime    Last Run
-----------------------------------  -----  ---------  --------  ----------  --------------  -------------------
/opt/airflow/dags/sgfood_elt_dag.py                           1           0  0.33s           2026-10-07T21:27:00
================================================================================
[2026-10-07T21:27:27.953+0000] {manager.py:879} INFO - 
================================================================================
DAG File Processing Stats

File Path                            PID    Runtime      # DAGs    # Errors  Last Runtime    Last Run
-----------------------------------  -----  ---------  --------  ----------  --------------  -------------------
/opt/airflow/dags/sgfood_elt_dag.py                           1           0  0.33s           2026-10-07T21:27:00
================================================================================
[2026-10-07T21:27:55.463+0000] {manager.py:879} INFO - 
================================================================================
DAG File Processing Stats

File Path                            PID    Runtime      # DAGs    # Errors  Last Runtime    Last Run
-----------------------------------  -----  ---------  --------  ----------  --------------  -------------------
/opt/airflow/dags/sgfood_elt_dag.py                           1           0  0.33s           2026-10-07T21:27:31
================================================================================
[2026-10-07T21:28:23.027+0000] {manager.py:879} INFO - 
================================================================================
DAG File Processing Stats

File Path                            PID    Runtime      # DAGs    # Errors  Last Runtime    Last Run
-----------------------------------  -----  ---------  --------  ----------  --------------  -------------------
/opt/airflow/dags/sgfood_elt_dag.py                           1           0  0.32s           2026-10-07T21:28:01
================================================================================
[2026-10-07T21:28:50.606+0000] {manager.py:879} INFO - 
================================================================================
DAG File Processing Stats

File Path                            PID    Runtime      # DAGs    # Errors  Last Runtime    Last Run
-----------------------------------  -----  ---------  --------  ----------  --------------  -------------------
/opt/airflow/dags/sgfood_elt_dag.py                           1           0  0.33s           2026-10-07T21:28:32
================================================================================
[2026-10-07T21:29:18.166+0000] {manager.py:879} INFO - 
================================================================================
DAG File Processing Stats

File Path                            PID    Runtime      # DAGs    # Errors  Last Runtime    Last Run
-----------------------------------  -----  ---------  --------  ----------  --------------  -------------------
/opt/airflow/dags/sgfood_elt_dag.py                           1           0  0.33s           2026-10-07T21:29:03
================================================================================
[2026-10-07T21:29:23.280+0000] {manager.py:738} INFO - Searching for files in /opt/airflow/dags
[2026-10-07T21:29:23.339+0000] {manager.py:741} INFO - There are 1 files in /opt/airflow/dags
[2026-10-07T21:29:45.617+0000] {manager.py:879} INFO - 
================================================================================
DAG File Processing Stats

File Path                            PID    Runtime      # DAGs    # Errors  Last Runtime    Last Run
-----------------------------------  -----  ---------  --------  ----------  --------------  -------------------
/opt/airflow/dags/sgfood_elt_dag.py                           1           0  0.33s           2026-10-07T21:29:34
================================================================================
[2026-10-07T21:30:13.185+0000] {manager.py:879} INFO - 
================================================================================
DAG File Processing Stats

File Path                            PID    Runtime      # DAGs    # Errors  Last Runtime    Last Run
-----------------------------------  -----  ---------  --------  ----------  --------------  -------------------
/opt/airflow/dags/sgfood_elt_dag.py                           1           0  0.33s           2026-10-07T21:30:05
================================================================================
[2026-10-07T21:30:40.616+0000] {manager.py:879} INFO - 
================================================================================
DAG File Processing Stats

File Path                            PID    Runtime      # DAGs    # Errors  Last Runtime    Last Run
-----------------------------------  -----  ---------  --------  ----------  --------------  -------------------
/opt/airflow/dags/sgfood_elt_dag.py                           1           0  0.33s           2026-10-07T21:30:36
================================================================================
[2026-10-07T21:31:08.317+0000] {manager.py:879} INFO - 
================================================================================
DAG File Processing Stats

File Path                            PID    Runtime      # DAGs    # Errors  Last Runtime    Last Run
-----------------------------------  -----  ---------  --------  ----------  --------------  -------------------
/opt/airflow/dags/sgfood_elt_dag.py                           1           0  0.33s           2026-10-07T21:31:07
================================================================================
[2026-10-07T21:31:35.745+0000] {manager.py:879} INFO - 
================================================================================
DAG File Processing Stats

File Path                            PID    Runtime      # DAGs    # Errors  Last Runtime    Last Run
-----------------------------------  -----  ---------  --------  ----------  --------------  -------------------
/opt/airflow/dags/sgfood_elt_dag.py                           1           0  0.33s           2026-10-07T21:31:07
================================================================================
[2026-10-07T21:32:03.183+0000] {manager.py:879} INFO - 
================================================================================
DAG File Processing Stats

File Path                            PID    Runtime      # DAGs    # Errors  Last Runtime    Last Run
-----------------------------------  -----  ---------  --------  ----------  --------------  -------------------
/opt/airflow/dags/sgfood_elt_dag.py                           1           0  0.33s           2026-10-07T21:31:37
================================================================================
[2026-10-07T21:32:30.672+0000] {manager.py:879} INFO - 
================================================================================
DAG File Processing Stats

File Path                            PID    Runtime      # DAGs    # Errors  Last Runtime    Last Run
-----------------------------------  -----  ---------  --------  ----------  --------------  -------------------
/opt/airflow/dags/sgfood_elt_dag.py                           1           0  0.33s           2026-10-07T21:32:08
================================================================================
[2026-10-07T21:32:58.257+0000] {manager.py:879} INFO - 
================================================================================
DAG File Processing Stats

File Path                            PID    Runtime      # DAGs    # Errors  Last Runtime    Last Run
-----------------------------------  -----  ---------  --------  ----------  --------------  -------------------
/opt/airflow/dags/sgfood_elt_dag.py                           1           0  0.32s           2026-10-07T21:32:40
================================================================================
[2026-10-07T21:33:25.913+0000] {manager.py:879} INFO - 
================================================================================
DAG File Processing Stats

File Path                            PID    Runtime      # DAGs    # Errors  Last Runtime    Last Run
-----------------------------------  -----  ---------  --------  ----------  --------------  -------------------
/opt/airflow/dags/sgfood_elt_dag.py                           1           0  0.32s           2026-10-07T21:33:10
================================================================================
[2026-10-07T21:33:53.681+0000] {manager.py:879} INFO - 
================================================================================
DAG File Processing Stats

File Path                            PID    Runtime      # DAGs    # Errors  Last Runtime    Last Run
-----------------------------------  -----  ---------  --------  ----------  --------------  -------------------
/opt/airflow/dags/sgfood_elt_dag.py                           1           0  0.33s           2026-10-07T21:33:41
================================================================================
[2026-10-07T21:34:21.205+0000] {manager.py:879} INFO - 
================================================================================
DAG File Processing Stats

File Path                            PID    Runtime      # DAGs    # Errors  Last Runtime    Last Run
-----------------------------------  -----  ---------  --------  ----------  --------------  -------------------
/opt/airflow/dags/sgfood_elt_dag.py                           1           0  0.34s           2026-10-07T21:34:12
================================================================================
[2026-10-07T21:34:23.653+0000] {manager.py:738} INFO - Searching for files in /opt/airflow/dags
[2026-10-07T21:34:23.706+0000] {manager.py:741} INFO - There are 1 files in /opt/airflow/dags
[2026-10-07T21:34:48.792+0000] {manager.py:879} INFO - 
================================================================================
DAG File Processing Stats

File Path                            PID    Runtime      # DAGs    # Errors  Last Runtime    Last Run
-----------------------------------  -----  ---------  --------  ----------  --------------  -------------------
/opt/airflow/dags/sgfood_elt_dag.py                           1           0  0.32s           2026-10-07T21:34:43
================================================================================
[2026-10-07T21:35:16.377+0000] {manager.py:879} INFO - 
================================================================================
DAG File Processing Stats

File Path                            PID    Runtime      # DAGs    # Errors  Last Runtime    Last Run
-----------------------------------  -----  ---------  --------  ----------  --------------  -------------------
/opt/airflow/dags/sgfood_elt_dag.py                           1           0  0.33s           2026-10-07T21:35:13
================================================================================
[2026-10-07T21:35:43.952+0000] {manager.py:879} INFO - 
================================================================================
DAG File Processing Stats

File Path                            PID    Runtime      # DAGs    # Errors  Last Runtime    Last Run
-----------------------------------  -----  ---------  --------  ----------  --------------  -------------------
/opt/airflow/dags/sgfood_elt_dag.py                           1           0  0.33s           2026-10-07T21:35:13
================================================================================
[2026-10-07T21:36:11.506+0000] {manager.py:879} INFO - 
================================================================================
DAG File Processing Stats

File Path                            PID    Runtime      # DAGs    # Errors  Last Runtime    Last Run
-----------------------------------  -----  ---------  --------  ----------  --------------  -------------------
/opt/airflow/dags/sgfood_elt_dag.py                           1           0  0.34s           2026-10-07T21:35:45
================================================================================
[2026-10-07T21:36:39.067+0000] {manager.py:879} INFO - 
================================================================================
DAG File Processing Stats

File Path                            PID    Runtime      # DAGs    # Errors  Last Runtime    Last Run
-----------------------------------  -----  ---------  --------  ----------  --------------  -------------------
/opt/airflow/dags/sgfood_elt_dag.py                           1           0  0.31s           2026-10-07T21:36:16
================================================================================
[2026-10-07T21:37:06.622+0000] {manager.py:879} INFO - 
================================================================================
DAG File Processing Stats

File Path                            PID    Runtime      # DAGs    # Errors  Last Runtime    Last Run
-----------------------------------  -----  ---------  --------  ----------  --------------  -------------------
/opt/airflow/dags/sgfood_elt_dag.py                           1           0  0.33s           2026-10-07T21:36:47
================================================================================
[2026-10-07T21:37:34.099+0000] {manager.py:879} INFO - 
================================================================================
DAG File Processing Stats

File Path                            PID    Runtime      # DAGs    # Errors  Last Runtime    Last Run
-----------------------------------  -----  ---------  --------  ----------  --------------  -------------------
/opt/airflow/dags/sgfood_elt_dag.py                           1           0  0.33s           2026-10-07T21:37:18
================================================================================
[2026-10-07T21:38:01.638+0000] {manager.py:879} INFO - 
================================================================================
DAG File Processing Stats

File Path                            PID    Runtime      # DAGs    # Errors  Last Runtime    Last Run
-----------------------------------  -----  ---------  --------  ----------  --------------  -------------------
/opt/airflow/dags/sgfood_elt_dag.py                           1           0  0.33s           2026-10-07T21:37:48
================================================================================
[2026-10-07T21:38:29.196+0000] {manager.py:879} INFO - 
================================================================================
DAG File Processing Stats

File Path                            PID    Runtime      # DAGs    # Errors  Last Runtime    Last Run
-----------------------------------  -----  ---------  --------  ----------  --------------  -------------------
/opt/airflow/dags/sgfood_elt_dag.py                           1           0  0.34s           2026-10-07T21:38:19
================================================================================
[2026-10-07T21:38:56.717+0000] {manager.py:879} INFO - 
================================================================================
DAG File Processing Stats

File Path                            PID    Runtime      # DAGs    # Errors  Last Runtime    Last Run
-----------------------------------  -----  ---------  --------  ----------  --------------  -------------------
/opt/airflow/dags/sgfood_elt_dag.py                           1           0  0.34s           2026-10-07T21:38:49
================================================================================
[2026-10-07T21:39:24.128+0000] {manager.py:738} INFO - Searching for files in /opt/airflow/dags
[2026-10-07T21:39:24.180+0000] {manager.py:741} INFO - There are 1 files in /opt/airflow/dags
[2026-10-07T21:39:24.211+0000] {manager.py:879} INFO - 
================================================================================
DAG File Processing Stats

File Path                            PID    Runtime      # DAGs    # Errors  Last Runtime    Last Run
-----------------------------------  -----  ---------  --------  ----------  --------------  -------------------
/opt/airflow/dags/sgfood_elt_dag.py                           1           0  0.33s           2026-10-07T21:39:20
================================================================================
[2026-10-07T21:39:51.829+0000] {manager.py:879} INFO - 
================================================================================
DAG File Processing Stats

File Path                            PID    Runtime      # DAGs    # Errors  Last Runtime    Last Run
-----------------------------------  -----  ---------  --------  ----------  --------------  -------------------
/opt/airflow/dags/sgfood_elt_dag.py                           1           0  0.42s           2026-10-07T21:39:50
================================================================================
[2026-10-07T21:40:19.480+0000] {manager.py:879} INFO - 
================================================================================
DAG File Processing Stats

File Path                            PID    Runtime      # DAGs    # Errors  Last Runtime    Last Run
-----------------------------------  -----  ---------  --------  ----------  --------------  -------------------
/opt/airflow/dags/sgfood_elt_dag.py                           1           0  0.42s           2026-10-07T21:39:50
================================================================================
[2026-10-07T21:40:47.333+0000] {manager.py:879} INFO - 
================================================================================
DAG File Processing Stats

File Path                            PID    Runtime      # DAGs    # Errors  Last Runtime    Last Run
-----------------------------------  -----  ---------  --------  ----------  --------------  -------------------
/opt/airflow/dags/sgfood_elt_dag.py                           1           0  0.33s           2026-10-07T21:40:21
================================================================================
[2026-10-07T21:41:15.447+0000] {manager.py:879} INFO - 
================================================================================
DAG File Processing Stats

File Path                            PID    Runtime      # DAGs    # Errors  Last Runtime    Last Run
-----------------------------------  -----  ---------  --------  ----------  --------------  -------------------
/opt/airflow/dags/sgfood_elt_dag.py                           1           0  0.32s           2026-10-07T21:40:52
================================================================================
[2026-10-07T21:41:43.192+0000] {manager.py:879} INFO - 
================================================================================
DAG File Processing Stats

File Path                            PID    Runtime      # DAGs    # Errors  Last Runtime    Last Run
-----------------------------------  -----  ---------  --------  ----------  --------------  -------------------
/opt/airflow/dags/sgfood_elt_dag.py                           1           0  0.32s           2026-10-07T21:41:23
================================================================================
[2026-10-07T21:42:10.496+0000] {manager.py:879} INFO - 
================================================================================
DAG File Processing Stats

File Path                            PID    Runtime      # DAGs    # Errors  Last Runtime    Last Run
-----------------------------------  -----  ---------  --------  ----------  --------------  -------------------
/opt/airflow/dags/sgfood_elt_dag.py                           1           0  0.33s           2026-10-07T21:41:54
================================================================================
[2026-10-07T21:42:37.982+0000] {manager.py:879} INFO - 
================================================================================
DAG File Processing Stats

File Path                            PID    Runtime      # DAGs    # Errors  Last Runtime    Last Run
-----------------------------------  -----  ---------  --------  ----------  --------------  -------------------
/opt/airflow/dags/sgfood_elt_dag.py                           1           0  0.31s           2026-10-07T21:42:24
================================================================================
[2026-10-07T21:43:05.369+0000] {manager.py:879} INFO - 
================================================================================
DAG File Processing Stats

File Path                            PID    Runtime      # DAGs    # Errors  Last Runtime    Last Run
-----------------------------------  -----  ---------  --------  ----------  --------------  -------------------
/opt/airflow/dags/sgfood_elt_dag.py                           1           0  0.33s           2026-10-07T21:42:55
================================================================================
[2026-10-07T21:43:32.823+0000] {manager.py:879} INFO - 
================================================================================
DAG File Processing Stats

File Path                            PID    Runtime      # DAGs    # Errors  Last Runtime    Last Run
-----------------------------------  -----  ---------  --------  ----------  --------------  -------------------
/opt/airflow/dags/sgfood_elt_dag.py                           1           0  0.32s           2026-10-07T21:43:25
================================================================================
[2026-10-07T21:44:00.280+0000] {manager.py:879} INFO - 
================================================================================
DAG File Processing Stats

File Path                            PID    Runtime      # DAGs    # Errors  Last Runtime    Last Run
-----------------------------------  -----  ---------  --------  ----------  --------------  -------------------
/opt/airflow/dags/sgfood_elt_dag.py                           1           0  0.33s           2026-10-07T21:43:57
================================================================================
[2026-10-07T21:44:24.557+0000] {manager.py:738} INFO - Searching for files in /opt/airflow/dags
[2026-10-07T21:44:24.603+0000] {manager.py:741} INFO - There are 1 files in /opt/airflow/dags
[2026-10-07T21:44:28.147+0000] {manager.py:879} INFO - 
================================================================================
DAG File Processing Stats

File Path                            PID    Runtime      # DAGs    # Errors  Last Runtime    Last Run
-----------------------------------  -----  ---------  --------  ----------  --------------  -------------------
/opt/airflow/dags/sgfood_elt_dag.py                           1           0  0.33s           2026-10-07T21:44:28
================================================================================
[2026-10-07T21:44:55.768+0000] {manager.py:879} INFO - 
================================================================================
DAG File Processing Stats

File Path                            PID    Runtime      # DAGs    # Errors  Last Runtime    Last Run
-----------------------------------  -----  ---------  --------  ----------  --------------  -------------------
/opt/airflow/dags/sgfood_elt_dag.py                           1           0  0.33s           2026-10-07T21:44:28
================================================================================
[2026-10-07T21:45:23.294+0000] {manager.py:879} INFO - 
================================================================================
DAG File Processing Stats

File Path                            PID    Runtime      # DAGs    # Errors  Last Runtime    Last Run
-----------------------------------  -----  ---------  --------  ----------  --------------  -------------------
/opt/airflow/dags/sgfood_elt_dag.py                           1           0  0.33s           2026-10-07T21:44:59
================================================================================
[2026-10-07T21:45:50.768+0000] {manager.py:879} INFO - 
================================================================================
DAG File Processing Stats

File Path                            PID    Runtime      # DAGs    # Errors  Last Runtime    Last Run
-----------------------------------  -----  ---------  --------  ----------  --------------  -------------------
/opt/airflow/dags/sgfood_elt_dag.py                           1           0  0.33s           2026-10-07T21:45:29
================================================================================
[2026-10-07T21:46:18.453+0000] {manager.py:879} INFO - 
================================================================================
DAG File Processing Stats

File Path                            PID    Runtime      # DAGs    # Errors  Last Runtime    Last Run
-----------------------------------  -----  ---------  --------  ----------  --------------  -------------------
/opt/airflow/dags/sgfood_elt_dag.py                           1           0  0.33s           2026-10-07T21:46:01
================================================================================
[2026-10-07T21:46:45.851+0000] {manager.py:879} INFO - 
================================================================================
DAG File Processing Stats

File Path                            PID    Runtime      # DAGs    # Errors  Last Runtime    Last Run
-----------------------------------  -----  ---------  --------  ----------  --------------  -------------------
/opt/airflow/dags/sgfood_elt_dag.py                           1           0  0.31s           2026-10-07T21:46:32
================================================================================
[2026-10-07T21:47:13.369+0000] {manager.py:879} INFO - 
================================================================================
DAG File Processing Stats

File Path                            PID    Runtime      # DAGs    # Errors  Last Runtime    Last Run
-----------------------------------  -----  ---------  --------  ----------  --------------  -------------------
/opt/airflow/dags/sgfood_elt_dag.py                           1           0  0.31s           2026-10-07T21:47:03
================================================================================
[2026-10-07T21:47:40.807+0000] {manager.py:879} INFO - 
================================================================================
DAG File Processing Stats

File Path                            PID    Runtime      # DAGs    # Errors  Last Runtime    Last Run
-----------------------------------  -----  ---------  --------  ----------  --------------  -------------------
/opt/airflow/dags/sgfood_elt_dag.py                           1           0  0.33s           2026-10-07T21:47:33
================================================================================
[2026-10-07T21:48:08.369+0000] {manager.py:879} INFO - 
================================================================================
DAG File Processing Stats

File Path                            PID    Runtime      # DAGs    # Errors  Last Runtime    Last Run
-----------------------------------  -----  ---------  --------  ----------  --------------  -------------------
/opt/airflow/dags/sgfood_elt_dag.py                           1           0  -2.31s          2026-10-07T21:48:02
================================================================================
[2026-10-07T21:48:35.899+0000] {manager.py:879} INFO - 
================================================================================
DAG File Processing Stats

File Path                            PID    Runtime      # DAGs    # Errors  Last Runtime    Last Run
-----------------------------------  -----  ---------  --------  ----------  --------------  -------------------
/opt/airflow/dags/sgfood_elt_dag.py                           1           0  0.31s           2026-10-07T21:48:32
================================================================================
[2026-10-07T21:49:03.426+0000] {manager.py:879} INFO - 
================================================================================
DAG File Processing Stats

File Path                            PID    Runtime      # DAGs    # Errors  Last Runtime    Last Run
-----------------------------------  -----  ---------  --------  ----------  --------------  -------------------
/opt/airflow/dags/sgfood_elt_dag.py                           1           0  0.24s           2026-10-07T21:49:03
================================================================================
[2026-10-07T21:49:24.755+0000] {manager.py:738} INFO - Searching for files in /opt/airflow/dags
[2026-10-07T21:49:24.817+0000] {manager.py:741} INFO - There are 1 files in /opt/airflow/dags
[2026-10-07T21:49:30.858+0000] {manager.py:879} INFO - 
================================================================================
DAG File Processing Stats

File Path                            PID    Runtime      # DAGs    # Errors  Last Runtime    Last Run
-----------------------------------  -----  ---------  --------  ----------  --------------  -------------------
/opt/airflow/dags/sgfood_elt_dag.py                           1           0  0.24s           2026-10-07T21:49:03
================================================================================
[2026-10-07T21:49:58.287+0000] {manager.py:879} INFO - 
================================================================================
DAG File Processing Stats

File Path                            PID    Runtime      # DAGs    # Errors  Last Runtime    Last Run
-----------------------------------  -----  ---------  --------  ----------  --------------  -------------------
/opt/airflow/dags/sgfood_elt_dag.py                           1           0  0.34s           2026-10-07T21:49:34
================================================================================
[2026-10-07T21:50:25.820+0000] {manager.py:879} INFO - 
================================================================================
DAG File Processing Stats

File Path                            PID    Runtime      # DAGs    # Errors  Last Runtime    Last Run
-----------------------------------  -----  ---------  --------  ----------  --------------  -------------------
/opt/airflow/dags/sgfood_elt_dag.py                           1           0  0.31s           2026-10-07T21:50:05
================================================================================
[2026-10-07T21:50:53.325+0000] {manager.py:879} INFO - 
================================================================================
DAG File Processing Stats

File Path                            PID    Runtime      # DAGs    # Errors  Last Runtime    Last Run
-----------------------------------  -----  ---------  --------  ----------  --------------  -------------------
/opt/airflow/dags/sgfood_elt_dag.py                           1           0  0.34s           2026-10-07T21:50:36
================================================================================
[2026-10-07T21:51:20.671+0000] {manager.py:879} INFO - 
================================================================================
DAG File Processing Stats

File Path                            PID    Runtime      # DAGs    # Errors  Last Runtime    Last Run
-----------------------------------  -----  ---------  --------  ----------  --------------  -------------------
/opt/airflow/dags/sgfood_elt_dag.py                           1           0  0.32s           2026-10-07T21:51:07
================================================================================
[2026-10-07T21:51:48.279+0000] {manager.py:879} INFO - 
================================================================================
DAG File Processing Stats

File Path                            PID    Runtime      # DAGs    # Errors  Last Runtime    Last Run
-----------------------------------  -----  ---------  --------  ----------  --------------  -------------------
/opt/airflow/dags/sgfood_elt_dag.py                           1           0  0.33s           2026-10-07T21:51:38
================================================================================
[2026-10-07T21:52:15.684+0000] {manager.py:879} INFO - 
================================================================================
DAG File Processing Stats

File Path                            PID    Runtime      # DAGs    # Errors  Last Runtime    Last Run
-----------------------------------  -----  ---------  --------  ----------  --------------  -------------------
/opt/airflow/dags/sgfood_elt_dag.py                           1           0  0.32s           2026-10-07T21:52:09
================================================================================
[2026-10-07T21:52:43.152+0000] {manager.py:879} INFO - 
================================================================================
DAG File Processing Stats

File Path                            PID    Runtime      # DAGs    # Errors  Last Runtime    Last Run
-----------------------------------  -----  ---------  --------  ----------  --------------  -------------------
/opt/airflow/dags/sgfood_elt_dag.py                           1           0  0.33s           2026-10-07T21:52:40
================================================================================
[2026-10-07T21:53:11.000+0000] {manager.py:879} INFO - 
================================================================================
DAG File Processing Stats

File Path                            PID    Runtime      # DAGs    # Errors  Last Runtime    Last Run
-----------------------------------  -----  ---------  --------  ----------  --------------  -------------------
/opt/airflow/dags/sgfood_elt_dag.py                           1           0  0.33s           2026-10-07T21:53:10
================================================================================
[2026-10-07T21:53:38.431+0000] {manager.py:879} INFO - 
================================================================================
DAG File Processing Stats

File Path                            PID    Runtime      # DAGs    # Errors  Last Runtime    Last Run
-----------------------------------  -----  ---------  --------  ----------  --------------  -------------------
/opt/airflow/dags/sgfood_elt_dag.py                           1           0  0.33s           2026-10-07T21:53:10
================================================================================
[2026-10-07T21:54:05.873+0000] {manager.py:879} INFO - 
================================================================================
DAG File Processing Stats

File Path                            PID    Runtime      # DAGs    # Errors  Last Runtime    Last Run
-----------------------------------  -----  ---------  --------  ----------  --------------  -------------------
/opt/airflow/dags/sgfood_elt_dag.py                           1           0  0.33s           2026-10-07T21:53:41
================================================================================
[2026-10-07T21:54:24.788+0000] {manager.py:738} INFO - Searching for files in /opt/airflow/dags
[2026-10-07T21:54:24.834+0000] {manager.py:741} INFO - There are 1 files in /opt/airflow/dags
[2026-10-07T21:54:33.297+0000] {manager.py:879} INFO - 
================================================================================
DAG File Processing Stats

File Path                            PID    Runtime      # DAGs    # Errors  Last Runtime    Last Run
-----------------------------------  -----  ---------  --------  ----------  --------------  -------------------
/opt/airflow/dags/sgfood_elt_dag.py                           1           0  0.31s           2026-10-07T21:54:12
================================================================================
[2026-10-07T21:55:00.684+0000] {manager.py:879} INFO - 
================================================================================
DAG File Processing Stats

File Path                            PID    Runtime      # DAGs    # Errors  Last Runtime    Last Run
-----------------------------------  -----  ---------  --------  ----------  --------------  -------------------
/opt/airflow/dags/sgfood_elt_dag.py                           1           0  0.33s           2026-10-07T21:54:43
================================================================================
[2026-10-07T21:55:28.165+0000] {manager.py:879} INFO - 
================================================================================
DAG File Processing Stats

File Path                            PID    Runtime      # DAGs    # Errors  Last Runtime    Last Run
-----------------------------------  -----  ---------  --------  ----------  --------------  -------------------
/opt/airflow/dags/sgfood_elt_dag.py                           1           0  0.33s           2026-10-07T21:55:14
================================================================================
[2026-10-07T21:55:55.578+0000] {manager.py:879} INFO - 
================================================================================
DAG File Processing Stats

File Path                            PID    Runtime      # DAGs    # Errors  Last Runtime    Last Run
-----------------------------------  -----  ---------  --------  ----------  --------------  -------------------
/opt/airflow/dags/sgfood_elt_dag.py                           1           0  0.32s           2026-10-07T21:55:45
================================================================================
[2026-10-07T21:56:23.079+0000] {manager.py:879} INFO - 
================================================================================
DAG File Processing Stats

File Path                            PID    Runtime      # DAGs    # Errors  Last Runtime    Last Run
-----------------------------------  -----  ---------  --------  ----------  --------------  -------------------
/opt/airflow/dags/sgfood_elt_dag.py                           1           0  0.33s           2026-10-07T21:56:16
================================================================================
[2026-10-07T21:56:50.519+0000] {manager.py:879} INFO - 
================================================================================
DAG File Processing Stats

File Path                            PID    Runtime      # DAGs    # Errors  Last Runtime    Last Run
-----------------------------------  -----  ---------  --------  ----------  --------------  -------------------
/opt/airflow/dags/sgfood_elt_dag.py                           1           0  0.34s           2026-10-07T21:56:46
================================================================================
[2026-10-07T21:57:18.016+0000] {manager.py:879} INFO - 
================================================================================
DAG File Processing Stats

File Path                            PID    Runtime      # DAGs    # Errors  Last Runtime    Last Run
-----------------------------------  -----  ---------  --------  ----------  --------------  -------------------
/opt/airflow/dags/sgfood_elt_dag.py                           1           0  0.33s           2026-10-07T21:57:18
================================================================================
[2026-10-07T21:57:45.414+0000] {manager.py:879} INFO - 
================================================================================
DAG File Processing Stats

File Path                            PID    Runtime      # DAGs    # Errors  Last Runtime    Last Run
-----------------------------------  -----  ---------  --------  ----------  --------------  -------------------
/opt/airflow/dags/sgfood_elt_dag.py                           1           0  0.33s           2026-10-07T21:57:18
================================================================================
[2026-10-07T21:58:12.839+0000] {manager.py:879} INFO - 
================================================================================
DAG File Processing Stats

File Path                            PID    Runtime      # DAGs    # Errors  Last Runtime    Last Run
-----------------------------------  -----  ---------  --------  ----------  --------------  -------------------
/opt/airflow/dags/sgfood_elt_dag.py                           1           0  0.32s           2026-10-07T21:57:48
================================================================================
[2026-10-07T21:58:40.243+0000] {manager.py:879} INFO - 
================================================================================
DAG File Processing Stats

File Path                            PID    Runtime      # DAGs    # Errors  Last Runtime    Last Run
-----------------------------------  -----  ---------  --------  ----------  --------------  -------------------
/opt/airflow/dags/sgfood_elt_dag.py                           1           0  0.32s           2026-10-07T21:58:19
================================================================================
[2026-10-07T21:59:07.613+0000] {manager.py:879} INFO - 
================================================================================
DAG File Processing Stats

File Path                            PID    Runtime      # DAGs    # Errors  Last Runtime    Last Run
-----------------------------------  -----  ---------  --------  ----------  --------------  -------------------
/opt/airflow/dags/sgfood_elt_dag.py                           1           0  0.31s           2026-10-07T21:58:50
================================================================================
[2026-10-07T21:59:25.732+0000] {manager.py:738} INFO - Searching for files in /opt/airflow/dags
[2026-10-07T21:59:25.774+0000] {manager.py:741} INFO - There are 1 files in /opt/airflow/dags
[2026-10-07T21:59:35.070+0000] {manager.py:879} INFO - 
================================================================================
DAG File Processing Stats

File Path                            PID    Runtime      # DAGs    # Errors  Last Runtime    Last Run
-----------------------------------  -----  ---------  --------  ----------  --------------  -------------------
/opt/airflow/dags/sgfood_elt_dag.py                           1           0  0.32s           2026-10-07T21:59:20
================================================================================
[2026-10-07T22:00:02.395+0000] {manager.py:879} INFO - 
================================================================================
DAG File Processing Stats

File Path                            PID    Runtime      # DAGs    # Errors  Last Runtime    Last Run
-----------------------------------  -----  ---------  --------  ----------  --------------  -------------------
/opt/airflow/dags/sgfood_elt_dag.py                           1           0  0.31s           2026-10-07T21:59:51
================================================================================
[2026-10-07T22:00:29.889+0000] {manager.py:879} INFO - 
================================================================================
DAG File Processing Stats

File Path                            PID    Runtime      # DAGs    # Errors  Last Runtime    Last Run
-----------------------------------  -----  ---------  --------  ----------  --------------  -------------------
/opt/airflow/dags/sgfood_elt_dag.py                           1           0  0.33s           2026-10-07T22:00:22
================================================================================
[2026-10-07T22:00:57.282+0000] {manager.py:879} INFO - 
================================================================================
DAG File Processing Stats

File Path                            PID    Runtime      # DAGs    # Errors  Last Runtime    Last Run
-----------------------------------  -----  ---------  --------  ----------  --------------  -------------------
/opt/airflow/dags/sgfood_elt_dag.py                           1           0  0.43s           2026-10-07T22:00:53
================================================================================
[2026-10-07T22:01:24.715+0000] {manager.py:879} INFO - 
================================================================================
DAG File Processing Stats

File Path                            PID    Runtime      # DAGs    # Errors  Last Runtime    Last Run
-----------------------------------  -----  ---------  --------  ----------  --------------  -------------------
/opt/airflow/dags/sgfood_elt_dag.py                           1           0  0.32s           2026-10-07T22:01:24
================================================================================
[2026-10-07T22:01:52.021+0000] {manager.py:879} INFO - 
================================================================================
DAG File Processing Stats

File Path                            PID    Runtime      # DAGs    # Errors  Last Runtime    Last Run
-----------------------------------  -----  ---------  --------  ----------  --------------  -------------------
/opt/airflow/dags/sgfood_elt_dag.py                           1           0  0.32s           2026-10-07T22:01:24
================================================================================
[2026-10-07T22:02:19.536+0000] {manager.py:879} INFO - 
================================================================================
DAG File Processing Stats

File Path                            PID    Runtime      # DAGs    # Errors  Last Runtime    Last Run
-----------------------------------  -----  ---------  --------  ----------  --------------  -------------------
/opt/airflow/dags/sgfood_elt_dag.py                           1           0  0.31s           2026-10-07T22:01:55
================================================================================
[2026-10-07T22:02:46.957+0000] {manager.py:879} INFO - 
================================================================================
DAG File Processing Stats

File Path                            PID    Runtime      # DAGs    # Errors  Last Runtime    Last Run
-----------------------------------  -----  ---------  --------  ----------  --------------  -------------------
/opt/airflow/dags/sgfood_elt_dag.py                           1           0  0.32s           2026-10-07T22:02:26
================================================================================
[2026-10-07T22:03:14.333+0000] {manager.py:879} INFO - 
================================================================================
DAG File Processing Stats

File Path                            PID    Runtime      # DAGs    # Errors  Last Runtime    Last Run
-----------------------------------  -----  ---------  --------  ----------  --------------  -------------------
/opt/airflow/dags/sgfood_elt_dag.py                           1           0  0.33s           2026-10-07T22:02:56
================================================================================
[2026-10-07T22:03:41.602+0000] {manager.py:879} INFO - 
================================================================================
DAG File Processing Stats

File Path                            PID    Runtime      # DAGs    # Errors  Last Runtime    Last Run
-----------------------------------  -----  ---------  --------  ----------  --------------  -------------------
/opt/airflow/dags/sgfood_elt_dag.py                           1           0  0.33s           2026-10-07T22:03:27
================================================================================
[2026-10-07T22:04:08.976+0000] {manager.py:879} INFO - 
================================================================================
DAG File Processing Stats

File Path                            PID    Runtime      # DAGs    # Errors  Last Runtime    Last Run
-----------------------------------  -----  ---------  --------  ----------  --------------  -------------------
/opt/airflow/dags/sgfood_elt_dag.py                           1           0  0.32s           2026-10-07T22:03:58
================================================================================
[2026-10-07T22:04:25.948+0000] {manager.py:738} INFO - Searching for files in /opt/airflow/dags
[2026-10-07T22:04:26.000+0000] {manager.py:741} INFO - There are 1 files in /opt/airflow/dags
[2026-10-07T22:04:36.431+0000] {manager.py:879} INFO - 
================================================================================
DAG File Processing Stats

File Path                            PID    Runtime      # DAGs    # Errors  Last Runtime    Last Run
-----------------------------------  -----  ---------  --------  ----------  --------------  -------------------
/opt/airflow/dags/sgfood_elt_dag.py                           1           0  0.32s           2026-10-07T22:04:28
================================================================================
[2026-10-07T22:05:03.850+0000] {manager.py:879} INFO - 
================================================================================
DAG File Processing Stats

File Path                            PID    Runtime      # DAGs    # Errors  Last Runtime    Last Run
-----------------------------------  -----  ---------  --------  ----------  --------------  -------------------
/opt/airflow/dags/sgfood_elt_dag.py                           1           0  0.33s           2026-10-07T22:04:59
================================================================================
[2026-10-07T22:05:31.290+0000] {manager.py:879} INFO - 
================================================================================
DAG File Processing Stats

File Path                            PID    Runtime      # DAGs    # Errors  Last Runtime    Last Run
-----------------------------------  -----  ---------  --------  ----------  --------------  -------------------
/opt/airflow/dags/sgfood_elt_dag.py                           1           0  0.33s           2026-10-07T22:05:30
================================================================================
[2026-10-07T22:05:58.710+0000] {manager.py:879} INFO - 
================================================================================
DAG File Processing Stats

File Path                            PID    Runtime      # DAGs    # Errors  Last Runtime    Last Run
-----------------------------------  -----  ---------  --------  ----------  --------------  -------------------
/opt/airflow/dags/sgfood_elt_dag.py                           1           0  0.33s           2026-10-07T22:05:30
================================================================================
[2026-10-07T22:06:26.139+0000] {manager.py:879} INFO - 
================================================================================
DAG File Processing Stats

File Path                            PID    Runtime      # DAGs    # Errors  Last Runtime    Last Run
-----------------------------------  -----  ---------  --------  ----------  --------------  -------------------
/opt/airflow/dags/sgfood_elt_dag.py                           1           0  0.32s           2026-10-07T22:06:01
================================================================================
[2026-10-07T22:06:53.556+0000] {manager.py:879} INFO - 
================================================================================
DAG File Processing Stats

File Path                            PID    Runtime      # DAGs    # Errors  Last Runtime    Last Run
-----------------------------------  -----  ---------  --------  ----------  --------------  -------------------
/opt/airflow/dags/sgfood_elt_dag.py                           1           0  0.33s           2026-10-07T22:06:31
================================================================================
[2026-10-07T22:07:20.939+0000] {manager.py:879} INFO - 
================================================================================
DAG File Processing Stats

File Path                            PID    Runtime      # DAGs    # Errors  Last Runtime    Last Run
-----------------------------------  -----  ---------  --------  ----------  --------------  -------------------
/opt/airflow/dags/sgfood_elt_dag.py                           1           0  0.33s           2026-10-07T22:07:02
================================================================================
[2026-10-07T22:07:48.344+0000] {manager.py:879} INFO - 
================================================================================
DAG File Processing Stats

File Path                            PID    Runtime      # DAGs    # Errors  Last Runtime    Last Run
-----------------------------------  -----  ---------  --------  ----------  --------------  -------------------
/opt/airflow/dags/sgfood_elt_dag.py                           1           0  0.33s           2026-10-07T22:07:33
================================================================================
[2026-10-07T22:08:15.719+0000] {manager.py:879} INFO - 
================================================================================
DAG File Processing Stats

File Path                            PID    Runtime      # DAGs    # Errors  Last Runtime    Last Run
-----------------------------------  -----  ---------  --------  ----------  --------------  -------------------
/opt/airflow/dags/sgfood_elt_dag.py                           1           0  0.32s           2026-10-07T22:08:04
================================================================================
[2026-10-07T22:08:43.108+0000] {manager.py:879} INFO - 
================================================================================
DAG File Processing Stats

File Path                            PID    Runtime      # DAGs    # Errors  Last Runtime    Last Run
-----------------------------------  -----  ---------  --------  ----------  --------------  -------------------
/opt/airflow/dags/sgfood_elt_dag.py                           1           0  0.32s           2026-10-07T22:08:36
================================================================================
[2026-10-07T22:09:10.442+0000] {manager.py:879} INFO - 
================================================================================
DAG File Processing Stats

File Path                            PID    Runtime      # DAGs    # Errors  Last Runtime    Last Run
-----------------------------------  -----  ---------  --------  ----------  --------------  -------------------
/opt/airflow/dags/sgfood_elt_dag.py                           1           0  0.33s           2026-10-07T22:09:06
================================================================================
[2026-10-07T22:09:26.716+0000] {manager.py:738} INFO - Searching for files in /opt/airflow/dags
[2026-10-07T22:09:26.761+0000] {manager.py:741} INFO - There are 1 files in /opt/airflow/dags
[2026-10-07T22:09:37.950+0000] {manager.py:879} INFO - 
================================================================================
DAG File Processing Stats

File Path                            PID    Runtime      # DAGs    # Errors  Last Runtime    Last Run
-----------------------------------  -----  ---------  --------  ----------  --------------  -------------------
/opt/airflow/dags/sgfood_elt_dag.py                           1           0  0.33s           2026-10-07T22:09:37
================================================================================
[2026-10-07T22:10:05.358+0000] {manager.py:879} INFO - 
================================================================================
DAG File Processing Stats

File Path                            PID    Runtime      # DAGs    # Errors  Last Runtime    Last Run
-----------------------------------  -----  ---------  --------  ----------  --------------  -------------------
/opt/airflow/dags/sgfood_elt_dag.py                           1           0  0.33s           2026-10-07T22:09:37
================================================================================
[2026-10-07T22:10:32.710+0000] {manager.py:879} INFO - 
================================================================================
DAG File Processing Stats

File Path                            PID    Runtime      # DAGs    # Errors  Last Runtime    Last Run
-----------------------------------  -----  ---------  --------  ----------  --------------  -------------------
/opt/airflow/dags/sgfood_elt_dag.py                           1           0  0.32s           2026-10-07T22:10:08
================================================================================
[2026-10-07T22:10:59.991+0000] {manager.py:879} INFO - 
================================================================================
DAG File Processing Stats

File Path                            PID    Runtime      # DAGs    # Errors  Last Runtime    Last Run
-----------------------------------  -----  ---------  --------  ----------  --------------  -------------------
/opt/airflow/dags/sgfood_elt_dag.py                           1           0  0.33s           2026-10-07T22:10:39
================================================================================
[2026-10-07T22:11:27.575+0000] {manager.py:879} INFO - 
================================================================================
DAG File Processing Stats

File Path                            PID    Runtime      # DAGs    # Errors  Last Runtime    Last Run
-----------------------------------  -----  ---------  --------  ----------  --------------  -------------------
/opt/airflow/dags/sgfood_elt_dag.py                           1           0  0.32s           2026-10-07T22:11:10
================================================================================
[2026-10-07T22:11:54.993+0000] {manager.py:879} INFO - 
================================================================================
DAG File Processing Stats

File Path                            PID    Runtime      # DAGs    # Errors  Last Runtime    Last Run
-----------------------------------  -----  ---------  --------  ----------  --------------  -------------------
/opt/airflow/dags/sgfood_elt_dag.py                           1           0  0.31s           2026-10-07T22:11:41
================================================================================
[2026-10-07T22:12:22.395+0000] {manager.py:879} INFO - 
================================================================================
DAG File Processing Stats

File Path                            PID    Runtime      # DAGs    # Errors  Last Runtime    Last Run
-----------------------------------  -----  ---------  --------  ----------  --------------  -------------------
/opt/airflow/dags/sgfood_elt_dag.py                           1           0  0.33s           2026-10-07T22:12:11
================================================================================
[2026-10-07T22:12:49.807+0000] {manager.py:879} INFO - 
================================================================================
DAG File Processing Stats

File Path                            PID    Runtime      # DAGs    # Errors  Last Runtime    Last Run
-----------------------------------  -----  ---------  --------  ----------  --------------  -------------------
/opt/airflow/dags/sgfood_elt_dag.py                           1           0  0.41s           2026-10-07T22:12:42
================================================================================
[2026-10-07T22:13:17.202+0000] {manager.py:879} INFO - 
================================================================================
DAG File Processing Stats

File Path                            PID    Runtime      # DAGs    # Errors  Last Runtime    Last Run
-----------------------------------  -----  ---------  --------  ----------  --------------  -------------------
/opt/airflow/dags/sgfood_elt_dag.py                           1           0  0.32s           2026-10-07T22:13:14
================================================================================
[2026-10-07T22:13:44.952+0000] {manager.py:879} INFO - 
================================================================================
DAG File Processing Stats

File Path                            PID    Runtime      # DAGs    # Errors  Last Runtime    Last Run
-----------------------------------  -----  ---------  --------  ----------  --------------  -------------------
/opt/airflow/dags/sgfood_elt_dag.py                           1           0  0.33s           2026-10-07T22:13:44
================================================================================
[2026-10-07T22:14:12.451+0000] {manager.py:879} INFO - 
================================================================================
DAG File Processing Stats

File Path                            PID    Runtime      # DAGs    # Errors  Last Runtime    Last Run
-----------------------------------  -----  ---------  --------  ----------  --------------  -------------------
/opt/airflow/dags/sgfood_elt_dag.py                           1           0  0.33s           2026-10-07T22:13:44
================================================================================
[2026-10-07T22:14:27.492+0000] {manager.py:738} INFO - Searching for files in /opt/airflow/dags
[2026-10-07T22:14:27.539+0000] {manager.py:741} INFO - There are 1 files in /opt/airflow/dags
[2026-10-07T22:14:39.937+0000] {manager.py:879} INFO - 
================================================================================
DAG File Processing Stats

File Path                            PID    Runtime      # DAGs    # Errors  Last Runtime    Last Run
-----------------------------------  -----  ---------  --------  ----------  --------------  -------------------
/opt/airflow/dags/sgfood_elt_dag.py                           1           0  0.33s           2026-10-07T22:14:16
================================================================================
[2026-10-07T22:15:07.259+0000] {manager.py:879} INFO - 
================================================================================
DAG File Processing Stats

File Path                            PID    Runtime      # DAGs    # Errors  Last Runtime    Last Run
-----------------------------------  -----  ---------  --------  ----------  --------------  -------------------
/opt/airflow/dags/sgfood_elt_dag.py                           1           0  0.32s           2026-10-07T22:14:46
================================================================================
[2026-10-07T22:15:34.809+0000] {manager.py:879} INFO - 
================================================================================
DAG File Processing Stats

File Path                            PID    Runtime      # DAGs    # Errors  Last Runtime    Last Run
-----------------------------------  -----  ---------  --------  ----------  --------------  -------------------
/opt/airflow/dags/sgfood_elt_dag.py                           1           0  0.33s           2026-10-07T22:15:16
================================================================================
[2026-10-07T22:16:02.192+0000] {manager.py:879} INFO - 
================================================================================
DAG File Processing Stats

File Path                            PID    Runtime      # DAGs    # Errors  Last Runtime    Last Run
-----------------------------------  -----  ---------  --------  ----------  --------------  -------------------
/opt/airflow/dags/sgfood_elt_dag.py                           1           0  0.32s           2026-10-07T22:15:48
================================================================================
[2026-10-07T22:16:29.625+0000] {manager.py:879} INFO - 
================================================================================
DAG File Processing Stats

File Path                            PID    Runtime      # DAGs    # Errors  Last Runtime    Last Run
-----------------------------------  -----  ---------  --------  ----------  --------------  -------------------
/opt/airflow/dags/sgfood_elt_dag.py                           1           0  0.33s           2026-10-07T22:16:19
================================================================================
[2026-10-07T22:16:57.096+0000] {manager.py:879} INFO - 
================================================================================
DAG File Processing Stats

File Path                            PID    Runtime      # DAGs    # Errors  Last Runtime    Last Run
-----------------------------------  -----  ---------  --------  ----------  --------------  -------------------
/opt/airflow/dags/sgfood_elt_dag.py                           1           0  0.32s           2026-10-07T22:16:49
================================================================================
[2026-10-07T22:17:24.500+0000] {manager.py:879} INFO - 
================================================================================
DAG File Processing Stats

File Path                            PID    Runtime      # DAGs    # Errors  Last Runtime    Last Run
-----------------------------------  -----  ---------  --------  ----------  --------------  -------------------
/opt/airflow/dags/sgfood_elt_dag.py                           1           0  0.32s           2026-10-07T22:17:20
================================================================================
[2026-10-07T22:17:51.915+0000] {manager.py:879} INFO - 
================================================================================
DAG File Processing Stats

File Path                            PID    Runtime      # DAGs    # Errors  Last Runtime    Last Run
-----------------------------------  -----  ---------  --------  ----------  --------------  -------------------
/opt/airflow/dags/sgfood_elt_dag.py                           1           0  0.33s           2026-10-07T22:17:51
================================================================================
[2026-10-07T22:18:19.239+0000] {manager.py:879} INFO - 
================================================================================
DAG File Processing Stats

File Path                            PID    Runtime      # DAGs    # Errors  Last Runtime    Last Run
-----------------------------------  -----  ---------  --------  ----------  --------------  -------------------
/opt/airflow/dags/sgfood_elt_dag.py                           1           0  0.33s           2026-10-07T22:17:51
================================================================================
[2026-10-07T22:18:46.668+0000] {manager.py:879} INFO - 
================================================================================
DAG File Processing Stats

File Path                            PID    Runtime      # DAGs    # Errors  Last Runtime    Last Run
-----------------------------------  -----  ---------  --------  ----------  --------------  -------------------
/opt/airflow/dags/sgfood_elt_dag.py                           1           0  0.33s           2026-10-07T22:18:22
================================================================================
[2026-10-07T22:19:14.061+0000] {manager.py:879} INFO - 
================================================================================
DAG File Processing Stats

File Path                            PID    Runtime      # DAGs    # Errors  Last Runtime    Last Run
-----------------------------------  -----  ---------  --------  ----------  --------------  -------------------
/opt/airflow/dags/sgfood_elt_dag.py                           1           0  0.32s           2026-10-07T22:18:53
================================================================================
[2026-10-07T22:19:27.828+0000] {manager.py:738} INFO - Searching for files in /opt/airflow/dags
[2026-10-07T22:19:27.883+0000] {manager.py:741} INFO - There are 1 files in /opt/airflow/dags
[2026-10-07T22:19:41.407+0000] {manager.py:879} INFO - 
================================================================================
DAG File Processing Stats

File Path                            PID    Runtime      # DAGs    # Errors  Last Runtime    Last Run
-----------------------------------  -----  ---------  --------  ----------  --------------  -------------------
/opt/airflow/dags/sgfood_elt_dag.py                           1           0  0.31s           2026-10-07T22:19:24
================================================================================
[2026-10-07T22:20:08.797+0000] {manager.py:879} INFO - 
================================================================================
DAG File Processing Stats

File Path                            PID    Runtime      # DAGs    # Errors  Last Runtime    Last Run
-----------------------------------  -----  ---------  --------  ----------  --------------  -------------------
/opt/airflow/dags/sgfood_elt_dag.py                           1           0  0.31s           2026-10-07T22:19:54
================================================================================
[2026-10-07T22:20:36.212+0000] {manager.py:879} INFO - 
================================================================================
DAG File Processing Stats

File Path                            PID    Runtime      # DAGs    # Errors  Last Runtime    Last Run
-----------------------------------  -----  ---------  --------  ----------  --------------  -------------------
/opt/airflow/dags/sgfood_elt_dag.py                           1           0  0.31s           2026-10-07T22:20:26
================================================================================
[2026-10-07T22:21:03.619+0000] {manager.py:879} INFO - 
================================================================================
DAG File Processing Stats

File Path                            PID    Runtime      # DAGs    # Errors  Last Runtime    Last Run
-----------------------------------  -----  ---------  --------  ----------  --------------  -------------------
/opt/airflow/dags/sgfood_elt_dag.py                           1           0  0.33s           2026-10-07T22:20:56
================================================================================
[2026-10-07T22:21:31.058+0000] {manager.py:879} INFO - 
================================================================================
DAG File Processing Stats

File Path                            PID    Runtime      # DAGs    # Errors  Last Runtime    Last Run
-----------------------------------  -----  ---------  --------  ----------  --------------  -------------------
/opt/airflow/dags/sgfood_elt_dag.py                           1           0  0.33s           2026-10-07T22:21:27
================================================================================
[2026-10-07T22:21:58.472+0000] {manager.py:879} INFO - 
================================================================================
DAG File Processing Stats

File Path                            PID    Runtime      # DAGs    # Errors  Last Runtime    Last Run
-----------------------------------  -----  ---------  --------  ----------  --------------  -------------------
/opt/airflow/dags/sgfood_elt_dag.py                           1           0  0.31s           2026-10-07T22:21:58
================================================================================
[2026-10-07T22:22:25.872+0000] {manager.py:879} INFO - 
================================================================================
DAG File Processing Stats

File Path                            PID    Runtime      # DAGs    # Errors  Last Runtime    Last Run
-----------------------------------  -----  ---------  --------  ----------  --------------  -------------------
/opt/airflow/dags/sgfood_elt_dag.py                           1           0  0.31s           2026-10-07T22:21:58
================================================================================
[2026-10-07T22:22:53.304+0000] {manager.py:879} INFO - 
================================================================================
DAG File Processing Stats

File Path                            PID    Runtime      # DAGs    # Errors  Last Runtime    Last Run
-----------------------------------  -----  ---------  --------  ----------  --------------  -------------------
/opt/airflow/dags/sgfood_elt_dag.py                           1           0  0.32s           2026-10-07T22:22:29
================================================================================
[2026-10-07T22:23:20.685+0000] {manager.py:879} INFO - 
================================================================================
DAG File Processing Stats

File Path                            PID    Runtime      # DAGs    # Errors  Last Runtime    Last Run
-----------------------------------  -----  ---------  --------  ----------  --------------  -------------------
/opt/airflow/dags/sgfood_elt_dag.py                           1           0  0.32s           2026-10-07T22:23:00
================================================================================
[2026-10-07T22:23:48.085+0000] {manager.py:879} INFO - 
================================================================================
DAG File Processing Stats

File Path                            PID    Runtime      # DAGs    # Errors  Last Runtime    Last Run
-----------------------------------  -----  ---------  --------  ----------  --------------  -------------------
/opt/airflow/dags/sgfood_elt_dag.py                           1           0  0.32s           2026-10-07T22:23:31
================================================================================
[2026-10-07T22:24:14.087+0000] {manager.py:879} INFO - 
================================================================================
DAG File Processing Stats

File Path                            PID    Runtime      # DAGs    # Errors  Last Runtime    Last Run
-----------------------------------  -----  ---------  --------  ----------  --------------  -------------------
/opt/airflow/dags/sgfood_elt_dag.py                           1           0  0.33s           2026-10-07T22:24:01
================================================================================
[2026-10-07T22:24:27.833+0000] {manager.py:738} INFO - Searching for files in /opt/airflow/dags
[2026-10-07T22:24:27.877+0000] {manager.py:741} INFO - There are 1 files in /opt/airflow/dags
[2026-10-07T22:24:42.972+0000] {manager.py:879} INFO - 
================================================================================
DAG File Processing Stats

File Path                            PID    Runtime      # DAGs    # Errors  Last Runtime    Last Run
-----------------------------------  -----  ---------  --------  ----------  --------------  -------------------
/opt/airflow/dags/sgfood_elt_dag.py                           1           0  0.32s           2026-10-07T22:24:32
================================================================================
[2026-10-07T22:25:10.317+0000] {manager.py:879} INFO - 
================================================================================
DAG File Processing Stats

File Path                            PID    Runtime      # DAGs    # Errors  Last Runtime    Last Run
-----------------------------------  -----  ---------  --------  ----------  --------------  -------------------
/opt/airflow/dags/sgfood_elt_dag.py                           1           0  0.32s           2026-10-07T22:25:04
================================================================================
[2026-10-07T22:25:37.727+0000] {manager.py:879} INFO - 
================================================================================
DAG File Processing Stats

File Path                            PID    Runtime      # DAGs    # Errors  Last Runtime    Last Run
-----------------------------------  -----  ---------  --------  ----------  --------------  -------------------
/opt/airflow/dags/sgfood_elt_dag.py                           1           0  0.32s           2026-10-07T22:25:35
================================================================================
[2026-10-07T22:26:05.472+0000] {manager.py:879} INFO - 
================================================================================
DAG File Processing Stats

File Path                            PID    Runtime      # DAGs    # Errors  Last Runtime    Last Run
-----------------------------------  -----  ---------  --------  ----------  --------------  -------------------
/opt/airflow/dags/sgfood_elt_dag.py                           1           0  0.32s           2026-10-07T22:26:05
================================================================================
[2026-10-07T22:26:32.904+0000] {manager.py:879} INFO - 
================================================================================
DAG File Processing Stats

File Path                            PID    Runtime      # DAGs    # Errors  Last Runtime    Last Run
-----------------------------------  -----  ---------  --------  ----------  --------------  -------------------
/opt/airflow/dags/sgfood_elt_dag.py                           1           0  0.32s           2026-10-07T22:26:05
================================================================================
[2026-10-07T22:27:00.309+0000] {manager.py:879} INFO - 
================================================================================
DAG File Processing Stats

File Path                            PID    Runtime      # DAGs    # Errors  Last Runtime    Last Run
-----------------------------------  -----  ---------  --------  ----------  --------------  -------------------
/opt/airflow/dags/sgfood_elt_dag.py                           1           0  0.31s           2026-10-07T22:26:35
================================================================================
[2026-10-07T22:27:27.721+0000] {manager.py:879} INFO - 
================================================================================
DAG File Processing Stats

File Path                            PID    Runtime      # DAGs    # Errors  Last Runtime    Last Run
-----------------------------------  -----  ---------  --------  ----------  --------------  -------------------
/opt/airflow/dags/sgfood_elt_dag.py                           1           0  0.32s           2026-10-07T22:27:07
================================================================================
[2026-10-07T22:27:55.116+0000] {manager.py:879} INFO - 
================================================================================
DAG File Processing Stats

File Path                            PID    Runtime      # DAGs    # Errors  Last Runtime    Last Run
-----------------------------------  -----  ---------  --------  ----------  --------------  -------------------
/opt/airflow/dags/sgfood_elt_dag.py                           1           0  0.33s           2026-10-07T22:27:37
================================================================================
[2026-10-07T22:28:22.521+0000] {manager.py:879} INFO - 
================================================================================
DAG File Processing Stats

File Path                            PID    Runtime      # DAGs    # Errors  Last Runtime    Last Run
-----------------------------------  -----  ---------  --------  ----------  --------------  -------------------
/opt/airflow/dags/sgfood_elt_dag.py                           1           0  0.33s           2026-10-07T22:28:08
================================================================================
[2026-10-07T22:28:49.915+0000] {manager.py:879} INFO - 
================================================================================
DAG File Processing Stats

File Path                            PID    Runtime      # DAGs    # Errors  Last Runtime    Last Run
-----------------------------------  -----  ---------  --------  ----------  --------------  -------------------
/opt/airflow/dags/sgfood_elt_dag.py                           1           0  0.33s           2026-10-07T22:28:40
================================================================================
[2026-10-07T22:29:17.325+0000] {manager.py:879} INFO - 
================================================================================
DAG File Processing Stats

File Path                            PID    Runtime      # DAGs    # Errors  Last Runtime    Last Run
-----------------------------------  -----  ---------  --------  ----------  --------------  -------------------
/opt/airflow/dags/sgfood_elt_dag.py                           1           0  0.32s           2026-10-07T22:29:11
================================================================================
[2026-10-07T22:29:28.005+0000] {manager.py:738} INFO - Searching for files in /opt/airflow/dags
[2026-10-07T22:29:28.063+0000] {manager.py:741} INFO - There are 1 files in /opt/airflow/dags
[2026-10-07T22:29:44.722+0000] {manager.py:879} INFO - 
================================================================================
DAG File Processing Stats

File Path                            PID    Runtime      # DAGs    # Errors  Last Runtime    Last Run
-----------------------------------  -----  ---------  --------  ----------  --------------  -------------------
/opt/airflow/dags/sgfood_elt_dag.py                           1           0  0.33s           2026-10-07T22:29:42
================================================================================
[2026-10-07T22:30:12.503+0000] {manager.py:879} INFO - 
================================================================================
DAG File Processing Stats

File Path                            PID    Runtime      # DAGs    # Errors  Last Runtime    Last Run
-----------------------------------  -----  ---------  --------  ----------  --------------  -------------------
/opt/airflow/dags/sgfood_elt_dag.py                           1           0  0.33s           2026-10-07T22:30:12
================================================================================
[2026-10-07T22:30:39.929+0000] {manager.py:879} INFO - 
================================================================================
DAG File Processing Stats

File Path                            PID    Runtime      # DAGs    # Errors  Last Runtime    Last Run
-----------------------------------  -----  ---------  --------  ----------  --------------  -------------------
/opt/airflow/dags/sgfood_elt_dag.py                           1           0  0.33s           2026-10-07T22:30:12
================================================================================
[2026-10-07T22:31:07.334+0000] {manager.py:879} INFO - 
================================================================================
DAG File Processing Stats

File Path                            PID    Runtime      # DAGs    # Errors  Last Runtime    Last Run
-----------------------------------  -----  ---------  --------  ----------  --------------  -------------------
/opt/airflow/dags/sgfood_elt_dag.py                           1           0  0.33s           2026-10-07T22:30:43
================================================================================
[2026-10-07T22:31:34.748+0000] {manager.py:879} INFO - 
================================================================================
DAG File Processing Stats

File Path                            PID    Runtime      # DAGs    # Errors  Last Runtime    Last Run
-----------------------------------  -----  ---------  --------  ----------  --------------  -------------------
/opt/airflow/dags/sgfood_elt_dag.py                           1           0  0.32s           2026-10-07T22:31:14
================================================================================
[2026-10-07T22:32:02.170+0000] {manager.py:879} INFO - 
================================================================================
DAG File Processing Stats

File Path                            PID    Runtime      # DAGs    # Errors  Last Runtime    Last Run
-----------------------------------  -----  ---------  --------  ----------  --------------  -------------------
/opt/airflow/dags/sgfood_elt_dag.py                           1           0  0.33s           2026-10-07T22:31:45
================================================================================
[2026-10-07T22:32:29.497+0000] {manager.py:879} INFO - 
================================================================================
DAG File Processing Stats

File Path                            PID    Runtime      # DAGs    # Errors  Last Runtime    Last Run
-----------------------------------  -----  ---------  --------  ----------  --------------  -------------------
/opt/airflow/dags/sgfood_elt_dag.py                           1           0  0.32s           2026-10-07T22:32:15
================================================================================
[2026-10-07T22:32:56.907+0000] {manager.py:879} INFO - 
================================================================================
DAG File Processing Stats

File Path                            PID    Runtime      # DAGs    # Errors  Last Runtime    Last Run
-----------------------------------  -----  ---------  --------  ----------  --------------  -------------------
/opt/airflow/dags/sgfood_elt_dag.py                           1           0  0.33s           2026-10-07T22:32:47
================================================================================
[2026-10-07T22:33:24.368+0000] {manager.py:879} INFO - 
================================================================================
DAG File Processing Stats

File Path                            PID    Runtime      # DAGs    # Errors  Last Runtime    Last Run
-----------------------------------  -----  ---------  --------  ----------  --------------  -------------------
/opt/airflow/dags/sgfood_elt_dag.py                           1           0  0.32s           2026-10-07T22:33:17
================================================================================
[2026-10-07T22:33:51.651+0000] {manager.py:879} INFO - 
================================================================================
DAG File Processing Stats

File Path                            PID    Runtime      # DAGs    # Errors  Last Runtime    Last Run
-----------------------------------  -----  ---------  --------  ----------  --------------  -------------------
/opt/airflow/dags/sgfood_elt_dag.py                           1           0  0.33s           2026-10-07T22:33:49
================================================================================
[2026-10-07T22:34:19.542+0000] {manager.py:879} INFO - 
================================================================================
DAG File Processing Stats

File Path                            PID    Runtime      # DAGs    # Errors  Last Runtime    Last Run
-----------------------------------  -----  ---------  --------  ----------  --------------  -------------------
/opt/airflow/dags/sgfood_elt_dag.py                           1           0  0.34s           2026-10-07T22:34:19
================================================================================
[2026-10-07T22:34:28.467+0000] {manager.py:738} INFO - Searching for files in /opt/airflow/dags
[2026-10-07T22:34:28.521+0000] {manager.py:741} INFO - There are 1 files in /opt/airflow/dags
[2026-10-07T22:34:46.982+0000] {manager.py:879} INFO - 
================================================================================
DAG File Processing Stats

File Path                            PID    Runtime      # DAGs    # Errors  Last Runtime    Last Run
-----------------------------------  -----  ---------  --------  ----------  --------------  -------------------
/opt/airflow/dags/sgfood_elt_dag.py                           1           0  0.34s           2026-10-07T22:34:19
================================================================================
[2026-10-07T22:35:14.587+0000] {manager.py:879} INFO - 
================================================================================
DAG File Processing Stats

File Path                            PID    Runtime      # DAGs    # Errors  Last Runtime    Last Run
-----------------------------------  -----  ---------  --------  ----------  --------------  -------------------
/opt/airflow/dags/sgfood_elt_dag.py                           1           0  0.32s           2026-10-07T22:34:49
================================================================================
[2026-10-07T22:35:41.822+0000] {manager.py:879} INFO - 
================================================================================
DAG File Processing Stats

File Path                            PID    Runtime      # DAGs    # Errors  Last Runtime    Last Run
-----------------------------------  -----  ---------  --------  ----------  --------------  -------------------
/opt/airflow/dags/sgfood_elt_dag.py                           1           0  0.33s           2026-10-07T22:35:20
================================================================================
[2026-10-07T22:36:09.233+0000] {manager.py:879} INFO - 
================================================================================
DAG File Processing Stats

File Path                            PID    Runtime      # DAGs    # Errors  Last Runtime    Last Run
-----------------------------------  -----  ---------  --------  ----------  --------------  -------------------
/opt/airflow/dags/sgfood_elt_dag.py                           1           0  0.25s           2026-10-07T22:35:50
================================================================================
[2026-10-07T22:36:36.634+0000] {manager.py:879} INFO - 
================================================================================
DAG File Processing Stats

File Path                            PID    Runtime      # DAGs    # Errors  Last Runtime    Last Run
-----------------------------------  -----  ---------  --------  ----------  --------------  -------------------
/opt/airflow/dags/sgfood_elt_dag.py                           1           0  0.33s           2026-10-07T22:36:21
================================================================================
[2026-10-07T22:37:04.013+0000] {manager.py:879} INFO - 
================================================================================
DAG File Processing Stats

File Path                            PID    Runtime      # DAGs    # Errors  Last Runtime    Last Run
-----------------------------------  -----  ---------  --------  ----------  --------------  -------------------
/opt/airflow/dags/sgfood_elt_dag.py                           1           0  0.33s           2026-10-07T22:36:52
================================================================================
[2026-10-07T22:37:31.430+0000] {manager.py:879} INFO - 
================================================================================
DAG File Processing Stats

File Path                            PID    Runtime      # DAGs    # Errors  Last Runtime    Last Run
-----------------------------------  -----  ---------  --------  ----------  --------------  -------------------
/opt/airflow/dags/sgfood_elt_dag.py                           1           0  0.31s           2026-10-07T22:37:23
================================================================================
[2026-10-07T22:37:58.811+0000] {manager.py:879} INFO - 
================================================================================
DAG File Processing Stats

File Path                            PID    Runtime      # DAGs    # Errors  Last Runtime    Last Run
-----------------------------------  -----  ---------  --------  ----------  --------------  -------------------
/opt/airflow/dags/sgfood_elt_dag.py                           1           0  0.33s           2026-10-07T22:37:54
================================================================================
[2026-10-07T22:38:26.211+0000] {manager.py:879} INFO - 
================================================================================
DAG File Processing Stats

File Path                            PID    Runtime      # DAGs    # Errors  Last Runtime    Last Run
-----------------------------------  -----  ---------  --------  ----------  --------------  -------------------
/opt/airflow/dags/sgfood_elt_dag.py                           1           0  0.34s           2026-10-07T22:38:25
================================================================================
[2026-10-07T22:38:53.590+0000] {manager.py:879} INFO - 
================================================================================
DAG File Processing Stats

File Path                            PID    Runtime      # DAGs    # Errors  Last Runtime    Last Run
-----------------------------------  -----  ---------  --------  ----------  --------------  -------------------
/opt/airflow/dags/sgfood_elt_dag.py                           1           0  0.34s           2026-10-07T22:38:25
================================================================================
[2026-10-07T22:39:20.983+0000] {manager.py:879} INFO - 
================================================================================
DAG File Processing Stats

File Path                            PID    Runtime      # DAGs    # Errors  Last Runtime    Last Run
-----------------------------------  -----  ---------  --------  ----------  --------------  -------------------
/opt/airflow/dags/sgfood_elt_dag.py                           1           0  0.34s           2026-10-07T22:38:56
================================================================================
[2026-10-07T22:39:28.563+0000] {manager.py:738} INFO - Searching for files in /opt/airflow/dags
[2026-10-07T22:39:28.616+0000] {manager.py:741} INFO - There are 1 files in /opt/airflow/dags
[2026-10-07T22:39:48.326+0000] {manager.py:879} INFO - 
================================================================================
DAG File Processing Stats

File Path                            PID    Runtime      # DAGs    # Errors  Last Runtime    Last Run
-----------------------------------  -----  ---------  --------  ----------  --------------  -------------------
/opt/airflow/dags/sgfood_elt_dag.py                           1           0  0.33s           2026-10-07T22:39:27
================================================================================
[2026-10-07T22:40:15.760+0000] {manager.py:879} INFO - 
================================================================================
DAG File Processing Stats

File Path                            PID    Runtime      # DAGs    # Errors  Last Runtime    Last Run
-----------------------------------  -----  ---------  --------  ----------  --------------  -------------------
/opt/airflow/dags/sgfood_elt_dag.py                           1           0  0.33s           2026-10-07T22:39:58
================================================================================
[2026-10-07T22:40:43.123+0000] {manager.py:879} INFO - 
================================================================================
DAG File Processing Stats

File Path                            PID    Runtime      # DAGs    # Errors  Last Runtime    Last Run
-----------------------------------  -----  ---------  --------  ----------  --------------  -------------------
/opt/airflow/dags/sgfood_elt_dag.py                           1           0  0.33s           2026-10-07T22:40:29
================================================================================
[2026-10-07T22:41:10.569+0000] {manager.py:879} INFO - 
================================================================================
DAG File Processing Stats

File Path                            PID    Runtime      # DAGs    # Errors  Last Runtime    Last Run
-----------------------------------  -----  ---------  --------  ----------  --------------  -------------------
/opt/airflow/dags/sgfood_elt_dag.py                           1           0  0.33s           2026-10-07T22:40:59
================================================================================
[2026-10-07T22:41:38.002+0000] {manager.py:879} INFO - 
================================================================================
DAG File Processing Stats

File Path                            PID    Runtime      # DAGs    # Errors  Last Runtime    Last Run
-----------------------------------  -----  ---------  --------  ----------  --------------  -------------------
/opt/airflow/dags/sgfood_elt_dag.py                           1           0  0.33s           2026-10-07T22:41:31
================================================================================
[2026-10-07T22:42:05.414+0000] {manager.py:879} INFO - 
================================================================================
DAG File Processing Stats

File Path                            PID    Runtime      # DAGs    # Errors  Last Runtime    Last Run
-----------------------------------  -----  ---------  --------  ----------  --------------  -------------------
/opt/airflow/dags/sgfood_elt_dag.py                           1           0  0.33s           2026-10-07T22:42:01
================================================================================
[2026-10-07T22:42:32.861+0000] {manager.py:879} INFO - 
================================================================================
DAG File Processing Stats

File Path                            PID    Runtime      # DAGs    # Errors  Last Runtime    Last Run
-----------------------------------  -----  ---------  --------  ----------  --------------  -------------------
/opt/airflow/dags/sgfood_elt_dag.py                           1           0  0.34s           2026-10-07T22:42:32
================================================================================
[2026-10-07T22:43:00.258+0000] {manager.py:879} INFO - 
================================================================================
DAG File Processing Stats

File Path                            PID    Runtime      # DAGs    # Errors  Last Runtime    Last Run
-----------------------------------  -----  ---------  --------  ----------  --------------  -------------------
/opt/airflow/dags/sgfood_elt_dag.py                           1           0  0.34s           2026-10-07T22:42:32
================================================================================
[2026-10-07T22:43:27.665+0000] {manager.py:879} INFO - 
================================================================================
DAG File Processing Stats

File Path                            PID    Runtime      # DAGs    # Errors  Last Runtime    Last Run
-----------------------------------  -----  ---------  --------  ----------  --------------  -------------------
/opt/airflow/dags/sgfood_elt_dag.py                           1           0  0.31s           2026-10-07T22:43:02
================================================================================
[2026-10-07T22:43:54.981+0000] {manager.py:879} INFO - 
================================================================================
DAG File Processing Stats

File Path                            PID    Runtime      # DAGs    # Errors  Last Runtime    Last Run
-----------------------------------  -----  ---------  --------  ----------  --------------  -------------------
/opt/airflow/dags/sgfood_elt_dag.py                           1           0  0.32s           2026-10-07T22:43:33
================================================================================
[2026-10-07T22:44:22.468+0000] {manager.py:879} INFO - 
================================================================================
DAG File Processing Stats

File Path                            PID    Runtime      # DAGs    # Errors  Last Runtime    Last Run
-----------------------------------  -----  ---------  --------  ----------  --------------  -------------------
/opt/airflow/dags/sgfood_elt_dag.py                           1           0  0.33s           2026-10-07T22:44:04
================================================================================
[2026-10-07T22:44:28.786+0000] {manager.py:738} INFO - Searching for files in /opt/airflow/dags
[2026-10-07T22:44:28.843+0000] {manager.py:741} INFO - There are 1 files in /opt/airflow/dags
[2026-10-07T22:44:49.961+0000] {manager.py:879} INFO - 
================================================================================
DAG File Processing Stats

File Path                            PID    Runtime      # DAGs    # Errors  Last Runtime    Last Run
-----------------------------------  -----  ---------  --------  ----------  --------------  -------------------
/opt/airflow/dags/sgfood_elt_dag.py                           1           0  0.32s           2026-10-07T22:44:35
================================================================================
[2026-10-07T22:45:17.385+0000] {manager.py:879} INFO - 
================================================================================
DAG File Processing Stats

File Path                            PID    Runtime      # DAGs    # Errors  Last Runtime    Last Run
-----------------------------------  -----  ---------  --------  ----------  --------------  -------------------
/opt/airflow/dags/sgfood_elt_dag.py                           1           0  0.32s           2026-10-07T22:45:06
================================================================================
[2026-10-07T22:45:44.769+0000] {manager.py:879} INFO - 
================================================================================
DAG File Processing Stats

File Path                            PID    Runtime      # DAGs    # Errors  Last Runtime    Last Run
-----------------------------------  -----  ---------  --------  ----------  --------------  -------------------
/opt/airflow/dags/sgfood_elt_dag.py                           1           0  0.31s           2026-10-07T22:45:37
================================================================================
[2026-10-07T22:46:12.086+0000] {manager.py:879} INFO - 
================================================================================
DAG File Processing Stats

File Path                            PID    Runtime      # DAGs    # Errors  Last Runtime    Last Run
-----------------------------------  -----  ---------  --------  ----------  --------------  -------------------
/opt/airflow/dags/sgfood_elt_dag.py                           1           0  0.32s           2026-10-07T22:46:08
================================================================================
[2026-10-07T22:46:39.564+0000] {manager.py:879} INFO - 
================================================================================
DAG File Processing Stats

File Path                            PID    Runtime      # DAGs    # Errors  Last Runtime    Last Run
-----------------------------------  -----  ---------  --------  ----------  --------------  -------------------
/opt/airflow/dags/sgfood_elt_dag.py                           1           0  0.33s           2026-10-07T22:46:39
================================================================================
[2026-10-07T22:47:07.016+0000] {manager.py:879} INFO - 
================================================================================
DAG File Processing Stats

File Path                            PID    Runtime      # DAGs    # Errors  Last Runtime    Last Run
-----------------------------------  -----  ---------  --------  ----------  --------------  -------------------
/opt/airflow/dags/sgfood_elt_dag.py                           1           0  0.33s           2026-10-07T22:46:39
================================================================================
[2026-10-07T22:47:34.299+0000] {manager.py:879} INFO - 
================================================================================
DAG File Processing Stats

File Path                            PID    Runtime      # DAGs    # Errors  Last Runtime    Last Run
-----------------------------------  -----  ---------  --------  ----------  --------------  -------------------
/opt/airflow/dags/sgfood_elt_dag.py                           1           0  0.33s           2026-10-07T22:47:09
================================================================================
[2026-10-07T22:48:01.868+0000] {manager.py:879} INFO - 
================================================================================
DAG File Processing Stats

File Path                            PID    Runtime      # DAGs    # Errors  Last Runtime    Last Run
-----------------------------------  -----  ---------  --------  ----------  --------------  -------------------
/opt/airflow/dags/sgfood_elt_dag.py                           1           0  0.33s           2026-10-07T22:47:40
================================================================================
[2026-10-07T22:48:29.354+0000] {manager.py:879} INFO - 
================================================================================
DAG File Processing Stats

File Path                            PID    Runtime      # DAGs    # Errors  Last Runtime    Last Run
-----------------------------------  -----  ---------  --------  ----------  --------------  -------------------
/opt/airflow/dags/sgfood_elt_dag.py                           1           0  0.32s           2026-10-07T22:48:10
================================================================================
[2026-10-07T22:48:55.385+0000] {manager.py:879} INFO - 
================================================================================
DAG File Processing Stats

File Path                            PID    Runtime      # DAGs    # Errors  Last Runtime    Last Run
-----------------------------------  -----  ---------  --------  ----------  --------------  -------------------
/opt/airflow/dags/sgfood_elt_dag.py                           1           0  0.33s           2026-10-07T22:48:41
================================================================================
[2026-10-07T22:49:24.237+0000] {manager.py:879} INFO - 
================================================================================
DAG File Processing Stats

File Path                            PID    Runtime      # DAGs    # Errors  Last Runtime    Last Run
-----------------------------------  -----  ---------  --------  ----------  --------------  -------------------
/opt/airflow/dags/sgfood_elt_dag.py                           1           0  0.32s           2026-10-07T22:49:12
================================================================================
[2026-10-07T22:49:28.996+0000] {manager.py:738} INFO - Searching for files in /opt/airflow/dags
[2026-10-07T22:49:29.053+0000] {manager.py:741} INFO - There are 1 files in /opt/airflow/dags
[2026-10-07T22:49:51.670+0000] {manager.py:879} INFO - 
================================================================================
DAG File Processing Stats

File Path                            PID    Runtime      # DAGs    # Errors  Last Runtime    Last Run
-----------------------------------  -----  ---------  --------  ----------  --------------  -------------------
/opt/airflow/dags/sgfood_elt_dag.py                           1           0  0.32s           2026-10-07T22:49:43
================================================================================
[2026-10-07T22:50:19.021+0000] {manager.py:879} INFO - 
================================================================================
DAG File Processing Stats

File Path                            PID    Runtime      # DAGs    # Errors  Last Runtime    Last Run
-----------------------------------  -----  ---------  --------  ----------  --------------  -------------------
/opt/airflow/dags/sgfood_elt_dag.py                           1           0  0.31s           2026-10-07T22:50:13
================================================================================
[2026-10-07T22:50:46.421+0000] {manager.py:879} INFO - 
================================================================================
DAG File Processing Stats

File Path                            PID    Runtime      # DAGs    # Errors  Last Runtime    Last Run
-----------------------------------  -----  ---------  --------  ----------  --------------  -------------------
/opt/airflow/dags/sgfood_elt_dag.py                           1           0  0.33s           2026-10-07T22:50:45
================================================================================
[2026-10-07T22:51:13.808+0000] {manager.py:879} INFO - 
================================================================================
DAG File Processing Stats

File Path                            PID    Runtime      # DAGs    # Errors  Last Runtime    Last Run
-----------------------------------  -----  ---------  --------  ----------  --------------  -------------------
/opt/airflow/dags/sgfood_elt_dag.py                           1           0  0.33s           2026-10-07T22:50:45
================================================================================
[2026-10-07T22:51:41.262+0000] {manager.py:879} INFO - 
================================================================================
DAG File Processing Stats

File Path                            PID    Runtime      # DAGs    # Errors  Last Runtime    Last Run
-----------------------------------  -----  ---------  --------  ----------  --------------  -------------------
/opt/airflow/dags/sgfood_elt_dag.py                           1           0  0.33s           2026-10-07T22:51:15
================================================================================
[2026-10-07T22:52:08.687+0000] {manager.py:879} INFO - 
================================================================================
DAG File Processing Stats

File Path                            PID    Runtime      # DAGs    # Errors  Last Runtime    Last Run
-----------------------------------  -----  ---------  --------  ----------  --------------  -------------------
/opt/airflow/dags/sgfood_elt_dag.py                           1           0  0.31s           2026-10-07T22:51:46
================================================================================
[2026-10-07T22:52:36.083+0000] {manager.py:879} INFO - 
================================================================================
DAG File Processing Stats

File Path                            PID    Runtime      # DAGs    # Errors  Last Runtime    Last Run
-----------------------------------  -----  ---------  --------  ----------  --------------  -------------------
/opt/airflow/dags/sgfood_elt_dag.py                           1           0  0.32s           2026-10-07T22:52:17
================================================================================
[2026-10-07T22:53:03.445+0000] {manager.py:879} INFO - 
================================================================================
DAG File Processing Stats

File Path                            PID    Runtime      # DAGs    # Errors  Last Runtime    Last Run
-----------------------------------  -----  ---------  --------  ----------  --------------  -------------------
/opt/airflow/dags/sgfood_elt_dag.py                           1           0  0.32s           2026-10-07T22:52:48
================================================================================
[2026-10-07T22:53:31.083+0000] {manager.py:879} INFO - 
================================================================================
DAG File Processing Stats

File Path                            PID    Runtime      # DAGs    # Errors  Last Runtime    Last Run
-----------------------------------  -----  ---------  --------  ----------  --------------  -------------------
/opt/airflow/dags/sgfood_elt_dag.py                           1           0  0.32s           2026-10-07T22:53:19
================================================================================
[2026-10-07T22:53:58.506+0000] {manager.py:879} INFO - 
================================================================================
DAG File Processing Stats

File Path                            PID    Runtime      # DAGs    # Errors  Last Runtime    Last Run
-----------------------------------  -----  ---------  --------  ----------  --------------  -------------------
/opt/airflow/dags/sgfood_elt_dag.py                           1           0  0.33s           2026-10-07T22:53:50
================================================================================
[2026-10-07T22:54:25.958+0000] {manager.py:879} INFO - 
================================================================================
DAG File Processing Stats

File Path                            PID    Runtime      # DAGs    # Errors  Last Runtime    Last Run
-----------------------------------  -----  ---------  --------  ----------  --------------  -------------------
/opt/airflow/dags/sgfood_elt_dag.py                           1           0  0.33s           2026-10-07T22:54:20
================================================================================
[2026-10-07T22:54:29.399+0000] {manager.py:738} INFO - Searching for files in /opt/airflow/dags
[2026-10-07T22:54:29.447+0000] {manager.py:741} INFO - There are 1 files in /opt/airflow/dags
[2026-10-07T22:54:53.471+0000] {manager.py:879} INFO - 
================================================================================
DAG File Processing Stats

File Path                            PID    Runtime      # DAGs    # Errors  Last Runtime    Last Run
-----------------------------------  -----  ---------  --------  ----------  --------------  -------------------
/opt/airflow/dags/sgfood_elt_dag.py                           1           0  0.33s           2026-10-07T22:54:51
================================================================================
[2026-10-07T22:55:20.791+0000] {manager.py:879} INFO - 
================================================================================
DAG File Processing Stats

File Path                            PID    Runtime      # DAGs    # Errors  Last Runtime    Last Run
-----------------------------------  -----  ---------  --------  ----------  --------------  -------------------
/opt/airflow/dags/sgfood_elt_dag.py                           1           0  0.33s           2026-10-07T22:54:51
================================================================================
[2026-10-07T22:55:48.224+0000] {manager.py:879} INFO - 
================================================================================
DAG File Processing Stats

File Path                            PID    Runtime      # DAGs    # Errors  Last Runtime    Last Run
-----------------------------------  -----  ---------  --------  ----------  --------------  -------------------
/opt/airflow/dags/sgfood_elt_dag.py                           1           0  0.33s           2026-10-07T22:55:22
================================================================================
[2026-10-07T22:56:15.515+0000] {manager.py:879} INFO - 
================================================================================
DAG File Processing Stats

File Path                            PID    Runtime      # DAGs    # Errors  Last Runtime    Last Run
-----------------------------------  -----  ---------  --------  ----------  --------------  -------------------
/opt/airflow/dags/sgfood_elt_dag.py                           1           0  0.33s           2026-10-07T22:55:52
================================================================================
[2026-10-07T22:56:43.044+0000] {manager.py:879} INFO - 
================================================================================
DAG File Processing Stats

File Path                            PID    Runtime      # DAGs    # Errors  Last Runtime    Last Run
-----------------------------------  -----  ---------  --------  ----------  --------------  -------------------
/opt/airflow/dags/sgfood_elt_dag.py                           1           0  0.32s           2026-10-07T22:56:23
================================================================================
[2026-10-07T22:57:10.416+0000] {manager.py:879} INFO - 
================================================================================
DAG File Processing Stats

File Path                            PID    Runtime      # DAGs    # Errors  Last Runtime    Last Run
-----------------------------------  -----  ---------  --------  ----------  --------------  -------------------
/opt/airflow/dags/sgfood_elt_dag.py                           1           0  0.34s           2026-10-07T22:56:54
================================================================================
[2026-10-07T22:57:37.795+0000] {manager.py:879} INFO - 
================================================================================
DAG File Processing Stats

File Path                            PID    Runtime      # DAGs    # Errors  Last Runtime    Last Run
-----------------------------------  -----  ---------  --------  ----------  --------------  -------------------
/opt/airflow/dags/sgfood_elt_dag.py                           1           0  0.33s           2026-10-07T22:57:25
================================================================================
[2026-10-07T22:58:05.175+0000] {manager.py:879} INFO - 
================================================================================
DAG File Processing Stats

File Path                            PID    Runtime      # DAGs    # Errors  Last Runtime    Last Run
-----------------------------------  -----  ---------  --------  ----------  --------------  -------------------
/opt/airflow/dags/sgfood_elt_dag.py                           1           0  0.32s           2026-10-07T22:57:56
================================================================================
[2026-10-07T22:58:32.599+0000] {manager.py:879} INFO - 
================================================================================
DAG File Processing Stats

File Path                            PID    Runtime      # DAGs    # Errors  Last Runtime    Last Run
-----------------------------------  -----  ---------  --------  ----------  --------------  -------------------
/opt/airflow/dags/sgfood_elt_dag.py                           1           0  0.32s           2026-10-07T22:58:27
================================================================================
[2026-10-07T22:58:59.991+0000] {manager.py:879} INFO - 
================================================================================
DAG File Processing Stats

File Path                            PID    Runtime      # DAGs    # Errors  Last Runtime    Last Run
-----------------------------------  -----  ---------  --------  ----------  --------------  -------------------
/opt/airflow/dags/sgfood_elt_dag.py                           1           0  0.32s           2026-10-07T22:58:58
================================================================================
[2026-10-07T22:59:27.570+0000] {manager.py:879} INFO - 
================================================================================
DAG File Processing Stats

File Path                            PID    Runtime      # DAGs    # Errors  Last Runtime    Last Run
-----------------------------------  -----  ---------  --------  ----------  --------------  -------------------
/opt/airflow/dags/sgfood_elt_dag.py                           1           0  0.32s           2026-10-07T22:58:58
================================================================================
[2026-10-07T22:59:29.412+0000] {manager.py:738} INFO - Searching for files in /opt/airflow/dags
[2026-10-07T22:59:29.466+0000] {manager.py:741} INFO - There are 1 files in /opt/airflow/dags
[2026-10-07T22:59:55.043+0000] {manager.py:879} INFO - 
================================================================================
DAG File Processing Stats

File Path                            PID    Runtime      # DAGs    # Errors  Last Runtime    Last Run
-----------------------------------  -----  ---------  --------  ----------  --------------  -------------------
/opt/airflow/dags/sgfood_elt_dag.py                           1           0  0.32s           2026-10-07T22:59:29
================================================================================
[2026-10-07T23:00:21.046+0000] {manager.py:879} INFO - 
================================================================================
DAG File Processing Stats

File Path                            PID    Runtime      # DAGs    # Errors  Last Runtime    Last Run
-----------------------------------  -----  ---------  --------  ----------  --------------  -------------------
/opt/airflow/dags/sgfood_elt_dag.py                           1           0  0.33s           2026-10-07T23:00:00
================================================================================
[2026-10-07T23:00:49.894+0000] {manager.py:879} INFO - 
================================================================================
DAG File Processing Stats

File Path                            PID    Runtime      # DAGs    # Errors  Last Runtime    Last Run
-----------------------------------  -----  ---------  --------  ----------  --------------  -------------------
/opt/airflow/dags/sgfood_elt_dag.py                           1           0  0.41s           2026-10-07T23:00:31
================================================================================
[2026-10-07T23:01:17.704+0000] {manager.py:879} INFO - 
================================================================================
DAG File Processing Stats

File Path                            PID    Runtime      # DAGs    # Errors  Last Runtime    Last Run
-----------------------------------  -----  ---------  --------  ----------  --------------  -------------------
/opt/airflow/dags/sgfood_elt_dag.py                           1           0  0.32s           2026-10-07T23:01:02
================================================================================
[2026-10-07T23:01:45.144+0000] {manager.py:879} INFO - 
================================================================================
DAG File Processing Stats

File Path                            PID    Runtime      # DAGs    # Errors  Last Runtime    Last Run
-----------------------------------  -----  ---------  --------  ----------  --------------  -------------------
/opt/airflow/dags/sgfood_elt_dag.py                           1           0  0.33s           2026-10-07T23:01:33
================================================================================
[2026-10-07T23:02:12.496+0000] {manager.py:879} INFO - 
================================================================================
DAG File Processing Stats

File Path                            PID    Runtime      # DAGs    # Errors  Last Runtime    Last Run
-----------------------------------  -----  ---------  --------  ----------  --------------  -------------------
/opt/airflow/dags/sgfood_elt_dag.py                           1           0  0.35s           2026-10-07T23:02:04
================================================================================
