[2026-10-06T22:30:21.534+0000] {processor.py:161} INFO - Started process (PID=75) to work on /opt/airflow/dags/sgfood_elt_dag.py
[2026-10-06T22:30:21.536+0000] {processor.py:830} INFO - Processing file /opt/airflow/dags/sgfood_elt_dag.py for tasks to queue
[2026-10-06T22:30:21.540+0000] {logging_mixin.py:188} INFO - [2026-10-06T22:30:21.538+0000] {dagbag.py:538} INFO - Filling up the DagBag from /opt/airflow/dags/sgfood_elt_dag.py
[2026-10-06T22:30:21.614+0000] {processor.py:840} INFO - DAG(s) 'sgfood_elt_pipeline' retrieved from /opt/airflow/dags/sgfood_elt_dag.py
[2026-10-06T22:30:21.824+0000] {logging_mixin.py:188} INFO - [2026-10-06T22:30:21.823+0000] {override.py:1769} INFO - Created Permission View: can read on DAG:sgfood_elt_pipeline
[2026-10-06T22:30:21.845+0000] {logging_mixin.py:188} INFO - [2026-10-06T22:30:21.844+0000] {override.py:1769} INFO - Created Permission View: can edit on DAG:sgfood_elt_pipeline
[2026-10-06T22:30:21.861+0000] {logging_mixin.py:188} INFO - [2026-10-06T22:30:21.860+0000] {override.py:1769} INFO - Created Permission View: can delete on DAG:sgfood_elt_pipeline
[2026-10-06T22:30:21.862+0000] {logging_mixin.py:188} INFO - [2026-10-06T22:30:21.862+0000] {dag.py:3036} INFO - Sync 1 DAGs
[2026-10-06T22:30:21.879+0000] {logging_mixin.py:188} INFO - [2026-10-06T22:30:21.878+0000] {dag.py:3058} INFO - Creating ORM DAG for sgfood_elt_pipeline
[2026-10-06T22:30:21.897+0000] {logging_mixin.py:188} INFO - [2026-10-06T22:30:21.896+0000] {dag.py:3823} INFO - Setting next_dagrun for sgfood_elt_pipeline to 2026-10-05 03:00:00+00:00, run_after=2026-10-06 03:00:00+00:00
[2026-10-06T22:30:21.941+0000] {processor.py:183} INFO - Processing /opt/airflow/dags/sgfood_elt_dag.py took 0.416 seconds
[2026-10-06T22:30:55.185+0000] {processor.py:161} INFO - Started process (PID=134) to work on /opt/airflow/dags/sgfood_elt_dag.py
[2026-10-06T22:30:55.188+0000] {processor.py:830} INFO - Processing file /opt/airflow/dags/sgfood_elt_dag.py for tasks to queue
[2026-10-06T22:30:55.191+0000] {logging_mixin.py:188} INFO - [2026-10-06T22:30:55.190+0000] {dagbag.py:538} INFO - Filling up the DagBag from /opt/airflow/dags/sgfood_elt_dag.py
[2026-10-06T22:30:55.245+0000] {processor.py:840} INFO - DAG(s) 'sgfood_elt_pipeline' retrieved from /opt/airflow/dags/sgfood_elt_dag.py
[2026-10-06T22:30:55.291+0000] {logging_mixin.py:188} INFO - [2026-10-06T22:30:55.291+0000] {dag.py:3036} INFO - Sync 1 DAGs
[2026-10-06T22:30:55.328+0000] {logging_mixin.py:188} INFO - [2026-10-06T22:30:55.327+0000] {dag.py:3823} INFO - Setting next_dagrun for sgfood_elt_pipeline to 2026-10-06 03:00:00+00:00, run_after=2026-10-07 03:00:00+00:00
[2026-10-06T22:30:55.370+0000] {processor.py:183} INFO - Processing /opt/airflow/dags/sgfood_elt_dag.py took 0.192 seconds
[2026-10-06T22:31:26.177+0000] {processor.py:161} INFO - Started process (PID=154) to work on /opt/airflow/dags/sgfood_elt_dag.py
[2026-10-06T22:31:26.179+0000] {processor.py:830} INFO - Processing file /opt/airflow/dags/sgfood_elt_dag.py for tasks to queue
[2026-10-06T22:31:26.181+0000] {logging_mixin.py:188} INFO - [2026-10-06T22:31:26.180+0000] {dagbag.py:538} INFO - Filling up the DagBag from /opt/airflow/dags/sgfood_elt_dag.py
[2026-10-06T22:31:26.221+0000] {processor.py:840} INFO - DAG(s) 'sgfood_elt_pipeline' retrieved from /opt/airflow/dags/sgfood_elt_dag.py
[2026-10-06T22:31:34.315+0000] {logging_mixin.py:188} INFO - [2026-10-06T22:31:34.314+0000] {dag.py:3036} INFO - Sync 1 DAGs
[2026-10-06T22:31:34.345+0000] {logging_mixin.py:188} INFO - [2026-10-06T22:31:34.345+0000] {dag.py:3823} INFO - Setting next_dagrun for sgfood_elt_pipeline to 2026-10-06 03:00:00+00:00, run_after=2026-10-07 03:00:00+00:00
[2026-10-06T22:31:34.378+0000] {processor.py:183} INFO - Processing /opt/airflow/dags/sgfood_elt_dag.py took 0.142 seconds
[2026-10-06T22:31:56.951+0000] {processor.py:161} INFO - Started process (PID=173) to work on /opt/airflow/dags/sgfood_elt_dag.py
[2026-10-06T22:31:56.953+0000] {processor.py:830} INFO - Processing file /opt/airflow/dags/sgfood_elt_dag.py for tasks to queue
[2026-10-06T22:31:56.954+0000] {logging_mixin.py:188} INFO - [2026-10-06T22:31:56.954+0000] {dagbag.py:538} INFO - Filling up the DagBag from /opt/airflow/dags/sgfood_elt_dag.py
[2026-10-06T22:31:57.001+0000] {processor.py:840} INFO - DAG(s) 'sgfood_elt_pipeline' retrieved from /opt/airflow/dags/sgfood_elt_dag.py
[2026-10-06T22:31:57.046+0000] {logging_mixin.py:188} INFO - [2026-10-06T22:31:57.045+0000] {dag.py:3036} INFO - Sync 1 DAGs
[2026-10-06T22:31:57.091+0000] {logging_mixin.py:188} INFO - [2026-10-06T22:31:57.091+0000] {dag.py:3823} INFO - Setting next_dagrun for sgfood_elt_pipeline to 2026-10-06 03:00:00+00:00, run_after=2026-10-07 03:00:00+00:00
[2026-10-06T22:31:57.133+0000] {processor.py:183} INFO - Processing /opt/airflow/dags/sgfood_elt_dag.py took 0.186 seconds
[2026-10-06T22:32:31.158+0000] {processor.py:161} INFO - Started process (PID=192) to work on /opt/airflow/dags/sgfood_elt_dag.py
[2026-10-06T22:32:31.160+0000] {processor.py:830} INFO - Processing file /opt/airflow/dags/sgfood_elt_dag.py for tasks to queue
[2026-10-06T22:32:31.164+0000] {logging_mixin.py:188} INFO - [2026-10-06T22:32:31.163+0000] {dagbag.py:538} INFO - Filling up the DagBag from /opt/airflow/dags/sgfood_elt_dag.py
[2026-10-06T22:32:31.211+0000] {processor.py:840} INFO - DAG(s) 'sgfood_elt_pipeline' retrieved from /opt/airflow/dags/sgfood_elt_dag.py
[2026-10-06T22:32:31.246+0000] {logging_mixin.py:188} INFO - [2026-10-06T22:32:31.246+0000] {dag.py:3036} INFO - Sync 1 DAGs
[2026-10-06T22:32:31.286+0000] {logging_mixin.py:188} INFO - [2026-10-06T22:32:31.285+0000] {dag.py:3823} INFO - Setting next_dagrun for sgfood_elt_pipeline to 2026-10-06 03:00:00+00:00, run_after=2026-10-07 03:00:00+00:00
[2026-10-06T22:32:31.326+0000] {processor.py:183} INFO - Processing /opt/airflow/dags/sgfood_elt_dag.py took 0.172 seconds
[2026-10-06T22:33:27.449+0000] {processor.py:161} INFO - Started process (PID=75) to work on /opt/airflow/dags/sgfood_elt_dag.py
[2026-10-06T22:33:27.452+0000] {processor.py:830} INFO - Processing file /opt/airflow/dags/sgfood_elt_dag.py for tasks to queue
[2026-10-06T22:33:27.455+0000] {logging_mixin.py:188} INFO - [2026-10-06T22:33:27.454+0000] {dagbag.py:538} INFO - Filling up the DagBag from /opt/airflow/dags/sgfood_elt_dag.py
[2026-10-06T22:33:27.508+0000] {processor.py:840} INFO - DAG(s) 'sgfood_elt_pipeline' retrieved from /opt/airflow/dags/sgfood_elt_dag.py
[2026-10-06T22:33:27.526+0000] {logging_mixin.py:188} INFO - [2026-10-06T22:33:27.526+0000] {dag.py:3036} INFO - Sync 1 DAGs
[2026-10-06T22:33:27.570+0000] {logging_mixin.py:188} INFO - [2026-10-06T22:33:27.570+0000] {dag.py:3823} INFO - Setting next_dagrun for sgfood_elt_pipeline to 2026-10-06 03:00:00+00:00, run_after=2026-10-07 03:00:00+00:00
[2026-10-06T22:33:27.614+0000] {processor.py:183} INFO - Processing /opt/airflow/dags/sgfood_elt_dag.py took 0.170 seconds
[2026-10-06T22:33:57.787+0000] {processor.py:161} INFO - Started process (PID=99) to work on /opt/airflow/dags/sgfood_elt_dag.py
[2026-10-06T22:33:57.789+0000] {processor.py:830} INFO - Processing file /opt/airflow/dags/sgfood_elt_dag.py for tasks to queue
[2026-10-06T22:33:57.791+0000] {logging_mixin.py:188} INFO - [2026-10-06T22:33:57.790+0000] {dagbag.py:538} INFO - Filling up the DagBag from /opt/airflow/dags/sgfood_elt_dag.py
[2026-10-06T22:33:57.858+0000] {processor.py:840} INFO - DAG(s) 'sgfood_elt_pipeline' retrieved from /opt/airflow/dags/sgfood_elt_dag.py
[2026-10-06T22:33:57.881+0000] {logging_mixin.py:188} INFO - [2026-10-06T22:33:57.880+0000] {dag.py:3036} INFO - Sync 1 DAGs
[2026-10-06T22:33:57.939+0000] {logging_mixin.py:188} INFO - [2026-10-06T22:33:57.939+0000] {dag.py:3823} INFO - Setting next_dagrun for sgfood_elt_pipeline to 2026-10-06 03:00:00+00:00, run_after=2026-10-07 03:00:00+00:00
[2026-10-06T22:33:58.005+0000] {processor.py:183} INFO - Processing /opt/airflow/dags/sgfood_elt_dag.py took 0.227 seconds
[2026-10-06T22:34:58.446+0000] {processor.py:161} INFO - Started process (PID=75) to work on /opt/airflow/dags/sgfood_elt_dag.py
[2026-10-06T22:34:58.449+0000] {processor.py:830} INFO - Processing file /opt/airflow/dags/sgfood_elt_dag.py for tasks to queue
[2026-10-06T22:34:58.452+0000] {logging_mixin.py:188} INFO - [2026-10-06T22:34:58.451+0000] {dagbag.py:538} INFO - Filling up the DagBag from /opt/airflow/dags/sgfood_elt_dag.py
[2026-10-06T22:34:58.501+0000] {processor.py:840} INFO - DAG(s) 'sgfood_elt_pipeline' retrieved from /opt/airflow/dags/sgfood_elt_dag.py
[2026-10-06T22:34:58.721+0000] {logging_mixin.py:188} INFO - [2026-10-06T22:34:58.720+0000] {override.py:1769} INFO - Created Permission View: can read on DAG:sgfood_elt_pipeline
[2026-10-06T22:34:58.744+0000] {logging_mixin.py:188} INFO - [2026-10-06T22:34:58.743+0000] {override.py:1769} INFO - Created Permission View: can delete on DAG:sgfood_elt_pipeline
[2026-10-06T22:34:58.768+0000] {logging_mixin.py:188} INFO - [2026-10-06T22:34:58.767+0000] {override.py:1769} INFO - Created Permission View: can edit on DAG:sgfood_elt_pipeline
[2026-10-06T22:34:58.769+0000] {logging_mixin.py:188} INFO - [2026-10-06T22:34:58.769+0000] {dag.py:3036} INFO - Sync 1 DAGs
[2026-10-06T22:34:58.791+0000] {logging_mixin.py:188} INFO - [2026-10-06T22:34:58.791+0000] {dag.py:3058} INFO - Creating ORM DAG for sgfood_elt_pipeline
[2026-10-06T22:34:58.815+0000] {logging_mixin.py:188} INFO - [2026-10-06T22:34:58.815+0000] {dag.py:3823} INFO - Setting next_dagrun for sgfood_elt_pipeline to 2026-10-05 03:00:00+00:00, run_after=2026-10-06 03:00:00+00:00
[2026-10-06T22:34:58.857+0000] {processor.py:183} INFO - Processing /opt/airflow/dags/sgfood_elt_dag.py took 0.416 seconds
[2026-10-06T22:35:29.474+0000] {processor.py:161} INFO - Started process (PID=134) to work on /opt/airflow/dags/sgfood_elt_dag.py
[2026-10-06T22:35:29.476+0000] {processor.py:830} INFO - Processing file /opt/airflow/dags/sgfood_elt_dag.py for tasks to queue
[2026-10-06T22:35:29.477+0000] {logging_mixin.py:188} INFO - [2026-10-06T22:35:29.477+0000] {dagbag.py:538} INFO - Filling up the DagBag from /opt/airflow/dags/sgfood_elt_dag.py
[2026-10-06T22:35:29.539+0000] {processor.py:840} INFO - DAG(s) 'sgfood_elt_pipeline' retrieved from /opt/airflow/dags/sgfood_elt_dag.py
[2026-10-06T22:35:29.589+0000] {logging_mixin.py:188} INFO - [2026-10-06T22:35:29.588+0000] {dag.py:3036} INFO - Sync 1 DAGs
[2026-10-06T22:35:29.645+0000] {logging_mixin.py:188} INFO - [2026-10-06T22:35:29.644+0000] {dag.py:3823} INFO - Setting next_dagrun for sgfood_elt_pipeline to 2026-10-06 03:00:00+00:00, run_after=2026-10-07 03:00:00+00:00
[2026-10-06T22:35:29.700+0000] {processor.py:183} INFO - Processing /opt/airflow/dags/sgfood_elt_dag.py took 0.232 seconds
[2026-10-06T22:36:00.128+0000] {processor.py:161} INFO - Started process (PID=136) to work on /opt/airflow/dags/sgfood_elt_dag.py
[2026-10-06T22:36:00.131+0000] {processor.py:830} INFO - Processing file /opt/airflow/dags/sgfood_elt_dag.py for tasks to queue
[2026-10-06T22:36:00.133+0000] {logging_mixin.py:188} INFO - [2026-10-06T22:36:00.133+0000] {dagbag.py:538} INFO - Filling up the DagBag from /opt/airflow/dags/sgfood_elt_dag.py
[2026-10-06T22:36:00.179+0000] {processor.py:840} INFO - DAG(s) 'sgfood_elt_pipeline' retrieved from /opt/airflow/dags/sgfood_elt_dag.py
[2026-10-06T22:36:00.222+0000] {logging_mixin.py:188} INFO - [2026-10-06T22:36:00.222+0000] {dag.py:3036} INFO - Sync 1 DAGs
[2026-10-06T22:36:00.264+0000] {logging_mixin.py:188} INFO - [2026-10-06T22:36:00.263+0000] {dag.py:3823} INFO - Setting next_dagrun for sgfood_elt_pipeline to 2026-10-06 03:00:00+00:00, run_after=2026-10-07 03:00:00+00:00
[2026-10-06T22:36:00.307+0000] {processor.py:183} INFO - Processing /opt/airflow/dags/sgfood_elt_dag.py took 0.187 seconds
[2026-10-06T22:36:22.730+0000] {processor.py:161} INFO - Started process (PID=173) to work on /opt/airflow/dags/sgfood_elt_dag.py
[2026-10-06T22:36:22.731+0000] {processor.py:830} INFO - Processing file /opt/airflow/dags/sgfood_elt_dag.py for tasks to queue
[2026-10-06T22:36:22.734+0000] {logging_mixin.py:188} INFO - [2026-10-06T22:36:22.733+0000] {dagbag.py:538} INFO - Filling up the DagBag from /opt/airflow/dags/sgfood_elt_dag.py
[2026-10-06T22:36:22.794+0000] {processor.py:840} INFO - DAG(s) 'sgfood_elt_pipeline' retrieved from /opt/airflow/dags/sgfood_elt_dag.py
[2026-10-06T22:36:22.832+0000] {logging_mixin.py:188} INFO - [2026-10-06T22:36:22.832+0000] {dag.py:3036} INFO - Sync 1 DAGs
[2026-10-06T22:36:22.870+0000] {logging_mixin.py:188} INFO - [2026-10-06T22:36:22.869+0000] {dag.py:3823} INFO - Setting next_dagrun for sgfood_elt_pipeline to 2026-10-06 03:00:00+00:00, run_after=2026-10-07 03:00:00+00:00
[2026-10-06T22:36:22.910+0000] {processor.py:183} INFO - Processing /opt/airflow/dags/sgfood_elt_dag.py took 0.185 seconds
[2026-10-06T22:36:53.811+0000] {processor.py:161} INFO - Started process (PID=180) to work on /opt/airflow/dags/sgfood_elt_dag.py
[2026-10-06T22:36:53.813+0000] {processor.py:830} INFO - Processing file /opt/airflow/dags/sgfood_elt_dag.py for tasks to queue
[2026-10-06T22:36:53.816+0000] {logging_mixin.py:188} INFO - [2026-10-06T22:36:53.815+0000] {dagbag.py:538} INFO - Filling up the DagBag from /opt/airflow/dags/sgfood_elt_dag.py
[2026-10-06T22:36:53.871+0000] {processor.py:840} INFO - DAG(s) 'sgfood_elt_pipeline' retrieved from /opt/airflow/dags/sgfood_elt_dag.py
[2026-10-06T22:36:53.908+0000] {logging_mixin.py:188} INFO - [2026-10-06T22:36:53.908+0000] {dag.py:3036} INFO - Sync 1 DAGs
[2026-10-06T22:36:53.947+0000] {logging_mixin.py:188} INFO - [2026-10-06T22:36:53.947+0000] {dag.py:3823} INFO - Setting next_dagrun for sgfood_elt_pipeline to 2026-10-06 03:00:00+00:00, run_after=2026-10-07 03:00:00+00:00
[2026-10-06T22:36:53.997+0000] {processor.py:183} INFO - Processing /opt/airflow/dags/sgfood_elt_dag.py took 0.190 seconds
[2026-10-06T22:37:24.316+0000] {processor.py:161} INFO - Started process (PID=268) to work on /opt/airflow/dags/sgfood_elt_dag.py
[2026-10-06T22:37:24.319+0000] {processor.py:830} INFO - Processing file /opt/airflow/dags/sgfood_elt_dag.py for tasks to queue
[2026-10-06T22:37:24.321+0000] {logging_mixin.py:188} INFO - [2026-10-06T22:37:24.320+0000] {dagbag.py:538} INFO - Filling up the DagBag from /opt/airflow/dags/sgfood_elt_dag.py
[2026-10-06T22:37:24.378+0000] {processor.py:840} INFO - DAG(s) 'sgfood_elt_pipeline' retrieved from /opt/airflow/dags/sgfood_elt_dag.py
[2026-10-06T22:37:24.430+0000] {logging_mixin.py:188} INFO - [2026-10-06T22:37:24.430+0000] {dag.py:3036} INFO - Sync 1 DAGs
[2026-10-06T22:37:24.477+0000] {logging_mixin.py:188} INFO - [2026-10-06T22:37:24.476+0000] {dag.py:3823} INFO - Setting next_dagrun for sgfood_elt_pipeline to 2026-10-06 03:00:00+00:00, run_after=2026-10-07 03:00:00+00:00
[2026-10-06T22:37:24.530+0000] {processor.py:183} INFO - Processing /opt/airflow/dags/sgfood_elt_dag.py took 0.222 seconds
[2026-10-06T22:37:55.016+0000] {processor.py:161} INFO - Started process (PID=291) to work on /opt/airflow/dags/sgfood_elt_dag.py
[2026-10-06T22:37:55.020+0000] {processor.py:830} INFO - Processing file /opt/airflow/dags/sgfood_elt_dag.py for tasks to queue
[2026-10-06T22:37:55.023+0000] {logging_mixin.py:188} INFO - [2026-10-06T22:37:55.022+0000] {dagbag.py:538} INFO - Filling up the DagBag from /opt/airflow/dags/sgfood_elt_dag.py
[2026-10-06T22:37:55.084+0000] {processor.py:840} INFO - DAG(s) 'sgfood_elt_pipeline' retrieved from /opt/airflow/dags/sgfood_elt_dag.py
[2026-10-06T22:37:55.134+0000] {logging_mixin.py:188} INFO - [2026-10-06T22:37:55.134+0000] {dag.py:3036} INFO - Sync 1 DAGs
[2026-10-06T22:37:55.177+0000] {logging_mixin.py:188} INFO - [2026-10-06T22:37:55.176+0000] {dag.py:3823} INFO - Setting next_dagrun for sgfood_elt_pipeline to 2026-10-06 03:00:00+00:00, run_after=2026-10-07 03:00:00+00:00
[2026-10-06T22:37:55.225+0000] {processor.py:183} INFO - Processing /opt/airflow/dags/sgfood_elt_dag.py took 0.214 seconds
[2026-10-06T22:38:25.468+0000] {processor.py:161} INFO - Started process (PID=292) to work on /opt/airflow/dags/sgfood_elt_dag.py
[2026-10-06T22:38:25.470+0000] {processor.py:830} INFO - Processing file /opt/airflow/dags/sgfood_elt_dag.py for tasks to queue
[2026-10-06T22:38:25.472+0000] {logging_mixin.py:188} INFO - [2026-10-06T22:38:25.471+0000] {dagbag.py:538} INFO - Filling up the DagBag from /opt/airflow/dags/sgfood_elt_dag.py
[2026-10-06T22:38:25.522+0000] {processor.py:840} INFO - DAG(s) 'sgfood_elt_pipeline' retrieved from /opt/airflow/dags/sgfood_elt_dag.py
[2026-10-06T22:38:25.574+0000] {logging_mixin.py:188} INFO - [2026-10-06T22:38:25.573+0000] {dag.py:3036} INFO - Sync 1 DAGs
[2026-10-06T22:38:25.618+0000] {logging_mixin.py:188} INFO - [2026-10-06T22:38:25.617+0000] {dag.py:3823} INFO - Setting next_dagrun for sgfood_elt_pipeline to 2026-10-06 03:00:00+00:00, run_after=2026-10-07 03:00:00+00:00
[2026-10-06T22:38:25.665+0000] {processor.py:183} INFO - Processing /opt/airflow/dags/sgfood_elt_dag.py took 0.204 seconds
[2026-10-06T22:39:35.931+0000] {processor.py:161} INFO - Started process (PID=76) to work on /opt/airflow/dags/sgfood_elt_dag.py
[2026-10-06T22:39:35.934+0000] {processor.py:830} INFO - Processing file /opt/airflow/dags/sgfood_elt_dag.py for tasks to queue
[2026-10-06T22:39:35.937+0000] {logging_mixin.py:188} INFO - [2026-10-06T22:39:35.936+0000] {dagbag.py:538} INFO - Filling up the DagBag from /opt/airflow/dags/sgfood_elt_dag.py
[2026-10-06T22:39:35.997+0000] {processor.py:840} INFO - DAG(s) 'sgfood_elt_pipeline' retrieved from /opt/airflow/dags/sgfood_elt_dag.py
[2026-10-06T22:39:36.271+0000] {logging_mixin.py:188} INFO - [2026-10-06T22:39:36.270+0000] {override.py:1769} INFO - Created Permission View: can delete on DAG:sgfood_elt_pipeline
[2026-10-06T22:39:36.297+0000] {logging_mixin.py:188} INFO - [2026-10-06T22:39:36.296+0000] {override.py:1769} INFO - Created Permission View: can edit on DAG:sgfood_elt_pipeline
[2026-10-06T22:39:36.318+0000] {logging_mixin.py:188} INFO - [2026-10-06T22:39:36.317+0000] {override.py:1769} INFO - Created Permission View: can read on DAG:sgfood_elt_pipeline
[2026-10-06T22:39:36.319+0000] {logging_mixin.py:188} INFO - [2026-10-06T22:39:36.319+0000] {dag.py:3036} INFO - Sync 1 DAGs
[2026-10-06T22:39:36.346+0000] {logging_mixin.py:188} INFO - [2026-10-06T22:39:36.345+0000] {dag.py:3058} INFO - Creating ORM DAG for sgfood_elt_pipeline
[2026-10-06T22:39:36.379+0000] {logging_mixin.py:188} INFO - [2026-10-06T22:39:36.378+0000] {dag.py:3823} INFO - Setting next_dagrun for sgfood_elt_pipeline to 2026-10-05 03:00:00+00:00, run_after=2026-10-06 03:00:00+00:00
[2026-10-06T22:39:36.434+0000] {processor.py:183} INFO - Processing /opt/airflow/dags/sgfood_elt_dag.py took 0.509 seconds
[2026-10-06T22:40:07.626+0000] {processor.py:161} INFO - Started process (PID=130) to work on /opt/airflow/dags/sgfood_elt_dag.py
[2026-10-06T22:40:07.629+0000] {processor.py:830} INFO - Processing file /opt/airflow/dags/sgfood_elt_dag.py for tasks to queue
[2026-10-06T22:40:07.632+0000] {logging_mixin.py:188} INFO - [2026-10-06T22:40:07.631+0000] {dagbag.py:538} INFO - Filling up the DagBag from /opt/airflow/dags/sgfood_elt_dag.py
[2026-10-06T22:40:07.692+0000] {processor.py:840} INFO - DAG(s) 'sgfood_elt_pipeline' retrieved from /opt/airflow/dags/sgfood_elt_dag.py
[2026-10-06T22:40:07.739+0000] {logging_mixin.py:188} INFO - [2026-10-06T22:40:07.739+0000] {dag.py:3036} INFO - Sync 1 DAGs
[2026-10-06T22:40:07.782+0000] {logging_mixin.py:188} INFO - [2026-10-06T22:40:07.782+0000] {dag.py:3823} INFO - Setting next_dagrun for sgfood_elt_pipeline to 2026-10-06 03:00:00+00:00, run_after=2026-10-07 03:00:00+00:00
[2026-10-06T22:40:07.841+0000] {processor.py:183} INFO - Processing /opt/airflow/dags/sgfood_elt_dag.py took 0.223 seconds
[2026-10-06T22:40:38.900+0000] {processor.py:161} INFO - Started process (PID=139) to work on /opt/airflow/dags/sgfood_elt_dag.py
[2026-10-06T22:40:38.903+0000] {processor.py:830} INFO - Processing file /opt/airflow/dags/sgfood_elt_dag.py for tasks to queue
[2026-10-06T22:40:38.906+0000] {logging_mixin.py:188} INFO - [2026-10-06T22:40:38.905+0000] {dagbag.py:538} INFO - Filling up the DagBag from /opt/airflow/dags/sgfood_elt_dag.py
[2026-10-06T22:40:38.952+0000] {processor.py:840} INFO - DAG(s) 'sgfood_elt_pipeline' retrieved from /opt/airflow/dags/sgfood_elt_dag.py
[2026-10-06T22:40:38.998+0000] {logging_mixin.py:188} INFO - [2026-10-06T22:40:38.998+0000] {dag.py:3036} INFO - Sync 1 DAGs
[2026-10-06T22:40:39.041+0000] {logging_mixin.py:188} INFO - [2026-10-06T22:40:39.041+0000] {dag.py:3823} INFO - Setting next_dagrun for sgfood_elt_pipeline to 2026-10-06 03:00:00+00:00, run_after=2026-10-07 03:00:00+00:00
[2026-10-06T22:40:39.084+0000] {processor.py:183} INFO - Processing /opt/airflow/dags/sgfood_elt_dag.py took 0.191 seconds
[2026-10-06T22:41:09.841+0000] {processor.py:161} INFO - Started process (PID=176) to work on /opt/airflow/dags/sgfood_elt_dag.py
[2026-10-06T22:41:09.843+0000] {processor.py:830} INFO - Processing file /opt/airflow/dags/sgfood_elt_dag.py for tasks to queue
[2026-10-06T22:41:09.845+0000] {logging_mixin.py:188} INFO - [2026-10-06T22:41:09.844+0000] {dagbag.py:538} INFO - Filling up the DagBag from /opt/airflow/dags/sgfood_elt_dag.py
[2026-10-06T22:41:09.890+0000] {processor.py:840} INFO - DAG(s) 'sgfood_elt_pipeline' retrieved from /opt/airflow/dags/sgfood_elt_dag.py
[2026-10-06T22:41:09.923+0000] {logging_mixin.py:188} INFO - [2026-10-06T22:41:09.923+0000] {dag.py:3036} INFO - Sync 1 DAGs
[2026-10-06T22:41:09.957+0000] {logging_mixin.py:188} INFO - [2026-10-06T22:41:09.957+0000] {dag.py:3823} INFO - Setting next_dagrun for sgfood_elt_pipeline to 2026-10-06 03:00:00+00:00, run_after=2026-10-07 03:00:00+00:00
[2026-10-06T22:41:09.996+0000] {processor.py:183} INFO - Processing /opt/airflow/dags/sgfood_elt_dag.py took 0.159 seconds
[2026-10-06T22:41:40.174+0000] {processor.py:161} INFO - Started process (PID=178) to work on /opt/airflow/dags/sgfood_elt_dag.py
[2026-10-06T22:41:40.178+0000] {processor.py:830} INFO - Processing file /opt/airflow/dags/sgfood_elt_dag.py for tasks to queue
[2026-10-06T22:41:40.181+0000] {logging_mixin.py:188} INFO - [2026-10-06T22:41:40.180+0000] {dagbag.py:538} INFO - Filling up the DagBag from /opt/airflow/dags/sgfood_elt_dag.py
[2026-10-06T22:41:40.242+0000] {processor.py:840} INFO - DAG(s) 'sgfood_elt_pipeline' retrieved from /opt/airflow/dags/sgfood_elt_dag.py
[2026-10-06T22:41:40.289+0000] {logging_mixin.py:188} INFO - [2026-10-06T22:41:40.289+0000] {dag.py:3036} INFO - Sync 1 DAGs
[2026-10-06T22:41:40.339+0000] {logging_mixin.py:188} INFO - [2026-10-06T22:41:40.338+0000] {dag.py:3823} INFO - Setting next_dagrun for sgfood_elt_pipeline to 2026-10-06 03:00:00+00:00, run_after=2026-10-07 03:00:00+00:00
[2026-10-06T22:41:40.389+0000] {processor.py:183} INFO - Processing /opt/airflow/dags/sgfood_elt_dag.py took 0.225 seconds
[2026-10-06T22:42:10.655+0000] {processor.py:161} INFO - Started process (PID=215) to work on /opt/airflow/dags/sgfood_elt_dag.py
[2026-10-06T22:42:10.657+0000] {processor.py:830} INFO - Processing file /opt/airflow/dags/sgfood_elt_dag.py for tasks to queue
[2026-10-06T22:42:10.660+0000] {logging_mixin.py:188} INFO - [2026-10-06T22:42:10.659+0000] {dagbag.py:538} INFO - Filling up the DagBag from /opt/airflow/dags/sgfood_elt_dag.py
[2026-10-06T22:42:10.714+0000] {processor.py:840} INFO - DAG(s) 'sgfood_elt_pipeline' retrieved from /opt/airflow/dags/sgfood_elt_dag.py
[2026-10-06T22:42:10.751+0000] {logging_mixin.py:188} INFO - [2026-10-06T22:42:10.751+0000] {dag.py:3036} INFO - Sync 1 DAGs
[2026-10-06T22:42:10.790+0000] {logging_mixin.py:188} INFO - [2026-10-06T22:42:10.789+0000] {dag.py:3823} INFO - Setting next_dagrun for sgfood_elt_pipeline to 2026-10-06 03:00:00+00:00, run_after=2026-10-07 03:00:00+00:00
[2026-10-06T22:42:10.830+0000] {processor.py:183} INFO - Processing /opt/airflow/dags/sgfood_elt_dag.py took 0.181 seconds
[2026-10-06T22:42:41.220+0000] {processor.py:161} INFO - Started process (PID=216) to work on /opt/airflow/dags/sgfood_elt_dag.py
[2026-10-06T22:42:41.222+0000] {processor.py:830} INFO - Processing file /opt/airflow/dags/sgfood_elt_dag.py for tasks to queue
[2026-10-06T22:42:41.225+0000] {logging_mixin.py:188} INFO - [2026-10-06T22:42:41.224+0000] {dagbag.py:538} INFO - Filling up the DagBag from /opt/airflow/dags/sgfood_elt_dag.py
[2026-10-06T22:42:41.280+0000] {processor.py:840} INFO - DAG(s) 'sgfood_elt_pipeline' retrieved from /opt/airflow/dags/sgfood_elt_dag.py
[2026-10-06T22:42:41.326+0000] {logging_mixin.py:188} INFO - [2026-10-06T22:42:41.326+0000] {dag.py:3036} INFO - Sync 1 DAGs
[2026-10-06T22:42:41.367+0000] {logging_mixin.py:188} INFO - [2026-10-06T22:42:41.367+0000] {dag.py:3823} INFO - Setting next_dagrun for sgfood_elt_pipeline to 2026-10-06 03:00:00+00:00, run_after=2026-10-07 03:00:00+00:00
[2026-10-06T22:42:41.414+0000] {processor.py:183} INFO - Processing /opt/airflow/dags/sgfood_elt_dag.py took 0.201 seconds
[2026-10-06T22:43:12.533+0000] {processor.py:161} INFO - Started process (PID=217) to work on /opt/airflow/dags/sgfood_elt_dag.py
[2026-10-06T22:43:12.535+0000] {processor.py:830} INFO - Processing file /opt/airflow/dags/sgfood_elt_dag.py for tasks to queue
[2026-10-06T22:43:12.538+0000] {logging_mixin.py:188} INFO - [2026-10-06T22:43:12.537+0000] {dagbag.py:538} INFO - Filling up the DagBag from /opt/airflow/dags/sgfood_elt_dag.py
[2026-10-06T22:43:12.592+0000] {processor.py:840} INFO - DAG(s) 'sgfood_elt_pipeline' retrieved from /opt/airflow/dags/sgfood_elt_dag.py
[2026-10-06T22:43:12.629+0000] {logging_mixin.py:188} INFO - [2026-10-06T22:43:12.628+0000] {dag.py:3036} INFO - Sync 1 DAGs
[2026-10-06T22:43:12.667+0000] {logging_mixin.py:188} INFO - [2026-10-06T22:43:12.667+0000] {dag.py:3823} INFO - Setting next_dagrun for sgfood_elt_pipeline to 2026-10-06 03:00:00+00:00, run_after=2026-10-07 03:00:00+00:00
[2026-10-06T22:43:12.710+0000] {processor.py:183} INFO - Processing /opt/airflow/dags/sgfood_elt_dag.py took 0.183 seconds
[2026-10-06T22:43:43.343+0000] {processor.py:161} INFO - Started process (PID=218) to work on /opt/airflow/dags/sgfood_elt_dag.py
[2026-10-06T22:43:43.345+0000] {processor.py:830} INFO - Processing file /opt/airflow/dags/sgfood_elt_dag.py for tasks to queue
[2026-10-06T22:43:43.348+0000] {logging_mixin.py:188} INFO - [2026-10-06T22:43:43.347+0000] {dagbag.py:538} INFO - Filling up the DagBag from /opt/airflow/dags/sgfood_elt_dag.py
[2026-10-06T22:43:43.402+0000] {processor.py:840} INFO - DAG(s) 'sgfood_elt_pipeline' retrieved from /opt/airflow/dags/sgfood_elt_dag.py
[2026-10-06T22:43:43.443+0000] {logging_mixin.py:188} INFO - [2026-10-06T22:43:43.442+0000] {dag.py:3036} INFO - Sync 1 DAGs
[2026-10-06T22:43:43.482+0000] {logging_mixin.py:188} INFO - [2026-10-06T22:43:43.482+0000] {dag.py:3823} INFO - Setting next_dagrun for sgfood_elt_pipeline to 2026-10-06 03:00:00+00:00, run_after=2026-10-07 03:00:00+00:00
[2026-10-06T22:43:43.532+0000] {processor.py:183} INFO - Processing /opt/airflow/dags/sgfood_elt_dag.py took 0.193 seconds
[2026-10-06T22:44:14.049+0000] {processor.py:161} INFO - Started process (PID=219) to work on /opt/airflow/dags/sgfood_elt_dag.py
[2026-10-06T22:44:14.052+0000] {processor.py:830} INFO - Processing file /opt/airflow/dags/sgfood_elt_dag.py for tasks to queue
[2026-10-06T22:44:14.054+0000] {logging_mixin.py:188} INFO - [2026-10-06T22:44:14.053+0000] {dagbag.py:538} INFO - Filling up the DagBag from /opt/airflow/dags/sgfood_elt_dag.py
[2026-10-06T22:44:14.107+0000] {processor.py:840} INFO - DAG(s) 'sgfood_elt_pipeline' retrieved from /opt/airflow/dags/sgfood_elt_dag.py
[2026-10-06T22:44:14.152+0000] {logging_mixin.py:188} INFO - [2026-10-06T22:44:14.151+0000] {dag.py:3036} INFO - Sync 1 DAGs
[2026-10-06T22:44:14.191+0000] {logging_mixin.py:188} INFO - [2026-10-06T22:44:14.191+0000] {dag.py:3823} INFO - Setting next_dagrun for sgfood_elt_pipeline to 2026-10-06 03:00:00+00:00, run_after=2026-10-07 03:00:00+00:00
[2026-10-06T22:44:14.241+0000] {processor.py:183} INFO - Processing /opt/airflow/dags/sgfood_elt_dag.py took 0.198 seconds
[2026-10-06T22:44:44.852+0000] {processor.py:161} INFO - Started process (PID=249) to work on /opt/airflow/dags/sgfood_elt_dag.py
[2026-10-06T22:44:44.854+0000] {processor.py:830} INFO - Processing file /opt/airflow/dags/sgfood_elt_dag.py for tasks to queue
[2026-10-06T22:44:44.856+0000] {logging_mixin.py:188} INFO - [2026-10-06T22:44:44.855+0000] {dagbag.py:538} INFO - Filling up the DagBag from /opt/airflow/dags/sgfood_elt_dag.py
[2026-10-06T22:44:44.907+0000] {processor.py:840} INFO - DAG(s) 'sgfood_elt_pipeline' retrieved from /opt/airflow/dags/sgfood_elt_dag.py
[2026-10-06T22:44:44.947+0000] {logging_mixin.py:188} INFO - [2026-10-06T22:44:44.947+0000] {dag.py:3036} INFO - Sync 1 DAGs
[2026-10-06T22:44:44.981+0000] {logging_mixin.py:188} INFO - [2026-10-06T22:44:44.980+0000] {dag.py:3823} INFO - Setting next_dagrun for sgfood_elt_pipeline to 2026-10-06 03:00:00+00:00, run_after=2026-10-07 03:00:00+00:00
[2026-10-06T22:44:45.021+0000] {processor.py:183} INFO - Processing /opt/airflow/dags/sgfood_elt_dag.py took 0.174 seconds
[2026-10-06T22:45:15.296+0000] {processor.py:161} INFO - Started process (PID=295) to work on /opt/airflow/dags/sgfood_elt_dag.py
[2026-10-06T22:45:15.299+0000] {processor.py:830} INFO - Processing file /opt/airflow/dags/sgfood_elt_dag.py for tasks to queue
[2026-10-06T22:45:15.301+0000] {logging_mixin.py:188} INFO - [2026-10-06T22:45:15.300+0000] {dagbag.py:538} INFO - Filling up the DagBag from /opt/airflow/dags/sgfood_elt_dag.py
[2026-10-06T22:45:15.355+0000] {processor.py:840} INFO - DAG(s) 'sgfood_elt_pipeline' retrieved from /opt/airflow/dags/sgfood_elt_dag.py
[2026-10-06T22:45:15.395+0000] {logging_mixin.py:188} INFO - [2026-10-06T22:45:15.394+0000] {dag.py:3036} INFO - Sync 1 DAGs
[2026-10-06T22:45:15.432+0000] {logging_mixin.py:188} INFO - [2026-10-06T22:45:15.432+0000] {dag.py:3823} INFO - Setting next_dagrun for sgfood_elt_pipeline to 2026-10-06 03:00:00+00:00, run_after=2026-10-07 03:00:00+00:00
[2026-10-06T22:45:15.474+0000] {processor.py:183} INFO - Processing /opt/airflow/dags/sgfood_elt_dag.py took 0.182 seconds
[2026-10-06T22:45:46.234+0000] {processor.py:161} INFO - Started process (PID=296) to work on /opt/airflow/dags/sgfood_elt_dag.py
[2026-10-06T22:45:46.236+0000] {processor.py:830} INFO - Processing file /opt/airflow/dags/sgfood_elt_dag.py for tasks to queue
[2026-10-06T22:45:46.239+0000] {logging_mixin.py:188} INFO - [2026-10-06T22:45:46.238+0000] {dagbag.py:538} INFO - Filling up the DagBag from /opt/airflow/dags/sgfood_elt_dag.py
[2026-10-06T22:45:46.291+0000] {processor.py:840} INFO - DAG(s) 'sgfood_elt_pipeline' retrieved from /opt/airflow/dags/sgfood_elt_dag.py
[2026-10-06T22:45:46.334+0000] {logging_mixin.py:188} INFO - [2026-10-06T22:45:46.333+0000] {dag.py:3036} INFO - Sync 1 DAGs
[2026-10-06T22:45:46.375+0000] {logging_mixin.py:188} INFO - [2026-10-06T22:45:46.375+0000] {dag.py:3823} INFO - Setting next_dagrun for sgfood_elt_pipeline to 2026-10-06 03:00:00+00:00, run_after=2026-10-07 03:00:00+00:00
[2026-10-06T22:45:46.421+0000] {processor.py:183} INFO - Processing /opt/airflow/dags/sgfood_elt_dag.py took 0.192 seconds
[2026-10-06T22:46:08.748+0000] {processor.py:161} INFO - Started process (PID=297) to work on /opt/airflow/dags/sgfood_elt_dag.py
[2026-10-06T22:46:08.751+0000] {processor.py:830} INFO - Processing file /opt/airflow/dags/sgfood_elt_dag.py for tasks to queue
[2026-10-06T22:46:08.754+0000] {logging_mixin.py:188} INFO - [2026-10-06T22:46:08.753+0000] {dagbag.py:538} INFO - Filling up the DagBag from /opt/airflow/dags/sgfood_elt_dag.py
[2026-10-06T22:46:08.810+0000] {processor.py:840} INFO - DAG(s) 'sgfood_elt_pipeline' retrieved from /opt/airflow/dags/sgfood_elt_dag.py
[2026-10-06T22:46:08.858+0000] {logging_mixin.py:188} INFO - [2026-10-06T22:46:08.858+0000] {dag.py:3036} INFO - Sync 1 DAGs
[2026-10-06T22:46:08.902+0000] {logging_mixin.py:188} INFO - [2026-10-06T22:46:08.901+0000] {dag.py:3823} INFO - Setting next_dagrun for sgfood_elt_pipeline to 2026-10-06 03:00:00+00:00, run_after=2026-10-07 03:00:00+00:00
[2026-10-06T22:46:08.948+0000] {processor.py:183} INFO - Processing /opt/airflow/dags/sgfood_elt_dag.py took 0.207 seconds
[2026-10-06T22:46:39.696+0000] {processor.py:161} INFO - Started process (PID=298) to work on /opt/airflow/dags/sgfood_elt_dag.py
[2026-10-06T22:46:39.700+0000] {processor.py:830} INFO - Processing file /opt/airflow/dags/sgfood_elt_dag.py for tasks to queue
[2026-10-06T22:46:39.702+0000] {logging_mixin.py:188} INFO - [2026-10-06T22:46:39.701+0000] {dagbag.py:538} INFO - Filling up the DagBag from /opt/airflow/dags/sgfood_elt_dag.py
[2026-10-06T22:46:39.752+0000] {processor.py:840} INFO - DAG(s) 'sgfood_elt_pipeline' retrieved from /opt/airflow/dags/sgfood_elt_dag.py
[2026-10-06T22:46:39.794+0000] {logging_mixin.py:188} INFO - [2026-10-06T22:46:39.794+0000] {dag.py:3036} INFO - Sync 1 DAGs
[2026-10-06T22:46:39.834+0000] {logging_mixin.py:188} INFO - [2026-10-06T22:46:39.833+0000] {dag.py:3823} INFO - Setting next_dagrun for sgfood_elt_pipeline to 2026-10-06 03:00:00+00:00, run_after=2026-10-07 03:00:00+00:00
[2026-10-06T22:46:39.877+0000] {processor.py:183} INFO - Processing /opt/airflow/dags/sgfood_elt_dag.py took 0.187 seconds
[2026-10-06T22:47:10.981+0000] {processor.py:161} INFO - Started process (PID=299) to work on /opt/airflow/dags/sgfood_elt_dag.py
[2026-10-06T22:47:10.984+0000] {processor.py:830} INFO - Processing file /opt/airflow/dags/sgfood_elt_dag.py for tasks to queue
[2026-10-06T22:47:10.986+0000] {logging_mixin.py:188} INFO - [2026-10-06T22:47:10.985+0000] {dagbag.py:538} INFO - Filling up the DagBag from /opt/airflow/dags/sgfood_elt_dag.py
[2026-10-06T22:47:11.040+0000] {processor.py:840} INFO - DAG(s) 'sgfood_elt_pipeline' retrieved from /opt/airflow/dags/sgfood_elt_dag.py
[2026-10-06T22:47:11.077+0000] {logging_mixin.py:188} INFO - [2026-10-06T22:47:11.077+0000] {dag.py:3036} INFO - Sync 1 DAGs
[2026-10-06T22:47:11.113+0000] {logging_mixin.py:188} INFO - [2026-10-06T22:47:11.112+0000] {dag.py:3823} INFO - Setting next_dagrun for sgfood_elt_pipeline to 2026-10-06 03:00:00+00:00, run_after=2026-10-07 03:00:00+00:00
[2026-10-06T22:47:11.157+0000] {processor.py:183} INFO - Processing /opt/airflow/dags/sgfood_elt_dag.py took 0.180 seconds
[2026-10-06T22:49:00.874+0000] {processor.py:161} INFO - Started process (PID=93) to work on /opt/airflow/dags/sgfood_elt_dag.py
[2026-10-06T22:49:00.877+0000] {processor.py:830} INFO - Processing file /opt/airflow/dags/sgfood_elt_dag.py for tasks to queue
[2026-10-06T22:49:00.881+0000] {logging_mixin.py:188} INFO - [2026-10-06T22:49:00.880+0000] {dagbag.py:538} INFO - Filling up the DagBag from /opt/airflow/dags/sgfood_elt_dag.py
[2026-10-06T22:49:00.951+0000] {processor.py:840} INFO - DAG(s) 'sgfood_elt_pipeline' retrieved from /opt/airflow/dags/sgfood_elt_dag.py
[2026-10-06T22:49:00.974+0000] {logging_mixin.py:188} INFO - [2026-10-06T22:49:00.974+0000] {dag.py:3036} INFO - Sync 1 DAGs
[2026-10-06T22:49:01.034+0000] {logging_mixin.py:188} INFO - [2026-10-06T22:49:01.034+0000] {dag.py:3823} INFO - Setting next_dagrun for sgfood_elt_pipeline to 2026-10-05 03:00:00+00:00, run_after=2026-10-06 03:00:00+00:00
[2026-10-06T22:49:01.093+0000] {processor.py:183} INFO - Processing /opt/airflow/dags/sgfood_elt_dag.py took 0.226 seconds
[2026-10-06T22:49:24.129+0000] {processor.py:161} INFO - Started process (PID=147) to work on /opt/airflow/dags/sgfood_elt_dag.py
[2026-10-06T22:49:24.132+0000] {processor.py:830} INFO - Processing file /opt/airflow/dags/sgfood_elt_dag.py for tasks to queue
[2026-10-06T22:49:24.135+0000] {logging_mixin.py:188} INFO - [2026-10-06T22:49:24.134+0000] {dagbag.py:538} INFO - Filling up the DagBag from /opt/airflow/dags/sgfood_elt_dag.py
[2026-10-06T22:49:24.215+0000] {processor.py:840} INFO - DAG(s) 'sgfood_elt_pipeline' retrieved from /opt/airflow/dags/sgfood_elt_dag.py
[2026-10-06T22:49:24.499+0000] {logging_mixin.py:188} INFO - [2026-10-06T22:49:24.498+0000] {dag.py:3036} INFO - Sync 1 DAGs
[2026-10-06T22:49:24.560+0000] {logging_mixin.py:188} INFO - [2026-10-06T22:49:24.560+0000] {dag.py:3823} INFO - Setting next_dagrun for sgfood_elt_pipeline to 2026-10-06 03:00:00+00:00, run_after=2026-10-07 03:00:00+00:00
[2026-10-06T22:49:24.635+0000] {processor.py:183} INFO - Processing /opt/airflow/dags/sgfood_elt_dag.py took 0.515 seconds
[2026-10-06T22:49:55.059+0000] {processor.py:161} INFO - Started process (PID=154) to work on /opt/airflow/dags/sgfood_elt_dag.py
[2026-10-06T22:49:55.061+0000] {processor.py:830} INFO - Processing file /opt/airflow/dags/sgfood_elt_dag.py for tasks to queue
[2026-10-06T22:49:55.064+0000] {logging_mixin.py:188} INFO - [2026-10-06T22:49:55.063+0000] {dagbag.py:538} INFO - Filling up the DagBag from /opt/airflow/dags/sgfood_elt_dag.py
[2026-10-06T22:49:55.117+0000] {processor.py:840} INFO - DAG(s) 'sgfood_elt_pipeline' retrieved from /opt/airflow/dags/sgfood_elt_dag.py
[2026-10-06T22:49:55.157+0000] {logging_mixin.py:188} INFO - [2026-10-06T22:49:55.156+0000] {dag.py:3036} INFO - Sync 1 DAGs
[2026-10-06T22:49:55.196+0000] {logging_mixin.py:188} INFO - [2026-10-06T22:49:55.196+0000] {dag.py:3823} INFO - Setting next_dagrun for sgfood_elt_pipeline to 2026-10-06 03:00:00+00:00, run_after=2026-10-07 03:00:00+00:00
[2026-10-06T22:49:55.244+0000] {processor.py:183} INFO - Processing /opt/airflow/dags/sgfood_elt_dag.py took 0.190 seconds
[2026-10-06T22:50:26.365+0000] {processor.py:161} INFO - Started process (PID=191) to work on /opt/airflow/dags/sgfood_elt_dag.py
[2026-10-06T22:50:26.368+0000] {processor.py:830} INFO - Processing file /opt/airflow/dags/sgfood_elt_dag.py for tasks to queue
[2026-10-06T22:50:26.370+0000] {logging_mixin.py:188} INFO - [2026-10-06T22:50:26.369+0000] {dagbag.py:538} INFO - Filling up the DagBag from /opt/airflow/dags/sgfood_elt_dag.py
[2026-10-06T22:50:26.439+0000] {processor.py:840} INFO - DAG(s) 'sgfood_elt_pipeline' retrieved from /opt/airflow/dags/sgfood_elt_dag.py
[2026-10-06T22:50:26.497+0000] {logging_mixin.py:188} INFO - [2026-10-06T22:50:26.497+0000] {dag.py:3036} INFO - Sync 1 DAGs
[2026-10-06T22:50:26.551+0000] {logging_mixin.py:188} INFO - [2026-10-06T22:50:26.550+0000] {dag.py:3823} INFO - Setting next_dagrun for sgfood_elt_pipeline to 2026-10-06 03:00:00+00:00, run_after=2026-10-07 03:00:00+00:00
[2026-10-06T22:50:26.597+0000] {processor.py:183} INFO - Processing /opt/airflow/dags/sgfood_elt_dag.py took 0.239 seconds
[2026-10-06T22:50:57.693+0000] {processor.py:161} INFO - Started process (PID=192) to work on /opt/airflow/dags/sgfood_elt_dag.py
[2026-10-06T22:50:57.696+0000] {processor.py:830} INFO - Processing file /opt/airflow/dags/sgfood_elt_dag.py for tasks to queue
[2026-10-06T22:50:57.699+0000] {logging_mixin.py:188} INFO - [2026-10-06T22:50:57.698+0000] {dagbag.py:538} INFO - Filling up the DagBag from /opt/airflow/dags/sgfood_elt_dag.py
[2026-10-06T22:50:57.765+0000] {processor.py:840} INFO - DAG(s) 'sgfood_elt_pipeline' retrieved from /opt/airflow/dags/sgfood_elt_dag.py
[2026-10-06T22:50:57.822+0000] {logging_mixin.py:188} INFO - [2026-10-06T22:50:57.821+0000] {dag.py:3036} INFO - Sync 1 DAGs
[2026-10-06T22:50:57.876+0000] {logging_mixin.py:188} INFO - [2026-10-06T22:50:57.876+0000] {dag.py:3823} INFO - Setting next_dagrun for sgfood_elt_pipeline to 2026-10-06 03:00:00+00:00, run_after=2026-10-07 03:00:00+00:00
[2026-10-06T22:50:57.929+0000] {processor.py:183} INFO - Processing /opt/airflow/dags/sgfood_elt_dag.py took 0.242 seconds
[2026-10-06T22:51:28.439+0000] {processor.py:161} INFO - Started process (PID=229) to work on /opt/airflow/dags/sgfood_elt_dag.py
[2026-10-06T22:51:28.441+0000] {processor.py:830} INFO - Processing file /opt/airflow/dags/sgfood_elt_dag.py for tasks to queue
[2026-10-06T22:51:28.444+0000] {logging_mixin.py:188} INFO - [2026-10-06T22:51:28.443+0000] {dagbag.py:538} INFO - Filling up the DagBag from /opt/airflow/dags/sgfood_elt_dag.py
[2026-10-06T22:51:28.515+0000] {processor.py:840} INFO - DAG(s) 'sgfood_elt_pipeline' retrieved from /opt/airflow/dags/sgfood_elt_dag.py
[2026-10-06T22:51:28.561+0000] {logging_mixin.py:188} INFO - [2026-10-06T22:51:28.560+0000] {dag.py:3036} INFO - Sync 1 DAGs
[2026-10-06T22:51:28.607+0000] {logging_mixin.py:188} INFO - [2026-10-06T22:51:28.606+0000] {dag.py:3823} INFO - Setting next_dagrun for sgfood_elt_pipeline to 2026-10-06 03:00:00+00:00, run_after=2026-10-07 03:00:00+00:00
[2026-10-06T22:51:28.658+0000] {processor.py:183} INFO - Processing /opt/airflow/dags/sgfood_elt_dag.py took 0.225 seconds
[2026-10-06T22:51:59.400+0000] {processor.py:161} INFO - Started process (PID=230) to work on /opt/airflow/dags/sgfood_elt_dag.py
[2026-10-06T22:51:59.404+0000] {processor.py:830} INFO - Processing file /opt/airflow/dags/sgfood_elt_dag.py for tasks to queue
[2026-10-06T22:51:59.407+0000] {logging_mixin.py:188} INFO - [2026-10-06T22:51:59.406+0000] {dagbag.py:538} INFO - Filling up the DagBag from /opt/airflow/dags/sgfood_elt_dag.py
[2026-10-06T22:51:59.473+0000] {processor.py:840} INFO - DAG(s) 'sgfood_elt_pipeline' retrieved from /opt/airflow/dags/sgfood_elt_dag.py
[2026-10-06T22:51:59.536+0000] {logging_mixin.py:188} INFO - [2026-10-06T22:51:59.535+0000] {dag.py:3036} INFO - Sync 1 DAGs
[2026-10-06T22:51:59.585+0000] {logging_mixin.py:188} INFO - [2026-10-06T22:51:59.585+0000] {dag.py:3823} INFO - Setting next_dagrun for sgfood_elt_pipeline to 2026-10-06 03:00:00+00:00, run_after=2026-10-07 03:00:00+00:00
[2026-10-06T22:51:59.631+0000] {processor.py:183} INFO - Processing /opt/airflow/dags/sgfood_elt_dag.py took 0.241 seconds
[2026-10-06T22:52:32.496+0000] {processor.py:161} INFO - Started process (PID=231) to work on /opt/airflow/dags/sgfood_elt_dag.py
[2026-10-06T22:52:32.498+0000] {processor.py:830} INFO - Processing file /opt/airflow/dags/sgfood_elt_dag.py for tasks to queue
[2026-10-06T22:52:32.501+0000] {logging_mixin.py:188} INFO - [2026-10-06T22:52:32.500+0000] {dagbag.py:538} INFO - Filling up the DagBag from /opt/airflow/dags/sgfood_elt_dag.py
[2026-10-06T22:52:24.457+0000] {processor.py:840} INFO - DAG(s) 'sgfood_elt_pipeline' retrieved from /opt/airflow/dags/sgfood_elt_dag.py
[2026-10-06T22:52:24.506+0000] {logging_mixin.py:188} INFO - [2026-10-06T22:52:24.506+0000] {dag.py:3036} INFO - Sync 1 DAGs
[2026-10-06T22:52:24.542+0000] {logging_mixin.py:188} INFO - [2026-10-06T22:52:24.542+0000] {dag.py:3823} INFO - Setting next_dagrun for sgfood_elt_pipeline to 2026-10-06 03:00:00+00:00, run_after=2026-10-07 03:00:00+00:00
[2026-10-06T22:52:24.584+0000] {processor.py:183} INFO - Processing /opt/airflow/dags/sgfood_elt_dag.py took 0.195 seconds
[2026-10-06T22:52:55.091+0000] {processor.py:161} INFO - Started process (PID=232) to work on /opt/airflow/dags/sgfood_elt_dag.py
[2026-10-06T22:52:55.093+0000] {processor.py:830} INFO - Processing file /opt/airflow/dags/sgfood_elt_dag.py for tasks to queue
[2026-10-06T22:52:55.095+0000] {logging_mixin.py:188} INFO - [2026-10-06T22:52:55.094+0000] {dagbag.py:538} INFO - Filling up the DagBag from /opt/airflow/dags/sgfood_elt_dag.py
[2026-10-06T22:52:55.148+0000] {processor.py:840} INFO - DAG(s) 'sgfood_elt_pipeline' retrieved from /opt/airflow/dags/sgfood_elt_dag.py
[2026-10-06T22:52:55.190+0000] {logging_mixin.py:188} INFO - [2026-10-06T22:52:55.190+0000] {dag.py:3036} INFO - Sync 1 DAGs
[2026-10-06T22:52:55.226+0000] {logging_mixin.py:188} INFO - [2026-10-06T22:52:55.226+0000] {dag.py:3823} INFO - Setting next_dagrun for sgfood_elt_pipeline to 2026-10-06 03:00:00+00:00, run_after=2026-10-07 03:00:00+00:00
[2026-10-06T22:52:55.271+0000] {processor.py:183} INFO - Processing /opt/airflow/dags/sgfood_elt_dag.py took 0.185 seconds
[2026-10-06T22:53:25.588+0000] {processor.py:161} INFO - Started process (PID=233) to work on /opt/airflow/dags/sgfood_elt_dag.py
[2026-10-06T22:53:25.590+0000] {processor.py:830} INFO - Processing file /opt/airflow/dags/sgfood_elt_dag.py for tasks to queue
[2026-10-06T22:53:25.593+0000] {logging_mixin.py:188} INFO - [2026-10-06T22:53:25.592+0000] {dagbag.py:538} INFO - Filling up the DagBag from /opt/airflow/dags/sgfood_elt_dag.py
[2026-10-06T22:53:25.650+0000] {processor.py:840} INFO - DAG(s) 'sgfood_elt_pipeline' retrieved from /opt/airflow/dags/sgfood_elt_dag.py
[2026-10-06T22:53:25.697+0000] {logging_mixin.py:188} INFO - [2026-10-06T22:53:25.696+0000] {dag.py:3036} INFO - Sync 1 DAGs
[2026-10-06T22:53:25.738+0000] {logging_mixin.py:188} INFO - [2026-10-06T22:53:25.738+0000] {dag.py:3823} INFO - Setting next_dagrun for sgfood_elt_pipeline to 2026-10-06 03:00:00+00:00, run_after=2026-10-07 03:00:00+00:00
[2026-10-06T22:53:25.780+0000] {processor.py:183} INFO - Processing /opt/airflow/dags/sgfood_elt_dag.py took 0.198 seconds
[2026-10-06T22:53:57.925+0000] {processor.py:161} INFO - Started process (PID=234) to work on /opt/airflow/dags/sgfood_elt_dag.py
[2026-10-06T22:53:57.927+0000] {processor.py:830} INFO - Processing file /opt/airflow/dags/sgfood_elt_dag.py for tasks to queue
[2026-10-06T22:53:57.929+0000] {logging_mixin.py:188} INFO - [2026-10-06T22:53:57.929+0000] {dagbag.py:538} INFO - Filling up the DagBag from /opt/airflow/dags/sgfood_elt_dag.py
[2026-10-06T22:53:57.975+0000] {processor.py:840} INFO - DAG(s) 'sgfood_elt_pipeline' retrieved from /opt/airflow/dags/sgfood_elt_dag.py
[2026-10-06T22:53:58.010+0000] {logging_mixin.py:188} INFO - [2026-10-06T22:53:58.010+0000] {dag.py:3036} INFO - Sync 1 DAGs
[2026-10-06T22:53:58.048+0000] {logging_mixin.py:188} INFO - [2026-10-06T22:53:58.048+0000] {dag.py:3823} INFO - Setting next_dagrun for sgfood_elt_pipeline to 2026-10-06 03:00:00+00:00, run_after=2026-10-07 03:00:00+00:00
[2026-10-06T22:53:58.094+0000] {processor.py:183} INFO - Processing /opt/airflow/dags/sgfood_elt_dag.py took 0.174 seconds
[2026-10-06T22:54:24.174+0000] {processor.py:161} INFO - Started process (PID=235) to work on /opt/airflow/dags/sgfood_elt_dag.py
[2026-10-06T22:54:24.176+0000] {processor.py:830} INFO - Processing file /opt/airflow/dags/sgfood_elt_dag.py for tasks to queue
[2026-10-06T22:54:24.178+0000] {logging_mixin.py:188} INFO - [2026-10-06T22:54:24.177+0000] {dagbag.py:538} INFO - Filling up the DagBag from /opt/airflow/dags/sgfood_elt_dag.py
[2026-10-06T22:54:24.234+0000] {processor.py:840} INFO - DAG(s) 'sgfood_elt_pipeline' retrieved from /opt/airflow/dags/sgfood_elt_dag.py
[2026-10-06T22:54:24.275+0000] {logging_mixin.py:188} INFO - [2026-10-06T22:54:24.275+0000] {dag.py:3036} INFO - Sync 1 DAGs
[2026-10-06T22:54:24.316+0000] {logging_mixin.py:188} INFO - [2026-10-06T22:54:24.315+0000] {dag.py:3823} INFO - Setting next_dagrun for sgfood_elt_pipeline to 2026-10-06 03:00:00+00:00, run_after=2026-10-07 03:00:00+00:00
[2026-10-06T22:54:24.363+0000] {processor.py:183} INFO - Processing /opt/airflow/dags/sgfood_elt_dag.py took 0.194 seconds
[2026-10-06T22:54:54.529+0000] {processor.py:161} INFO - Started process (PID=236) to work on /opt/airflow/dags/sgfood_elt_dag.py
[2026-10-06T22:54:54.531+0000] {processor.py:830} INFO - Processing file /opt/airflow/dags/sgfood_elt_dag.py for tasks to queue
[2026-10-06T22:54:54.533+0000] {logging_mixin.py:188} INFO - [2026-10-06T22:54:54.532+0000] {dagbag.py:538} INFO - Filling up the DagBag from /opt/airflow/dags/sgfood_elt_dag.py
[2026-10-06T22:54:54.581+0000] {processor.py:840} INFO - DAG(s) 'sgfood_elt_pipeline' retrieved from /opt/airflow/dags/sgfood_elt_dag.py
[2026-10-06T22:55:02.746+0000] {logging_mixin.py:188} INFO - [2026-10-06T22:55:02.746+0000] {dag.py:3036} INFO - Sync 1 DAGs
[2026-10-06T22:55:02.788+0000] {logging_mixin.py:188} INFO - [2026-10-06T22:55:02.787+0000] {dag.py:3823} INFO - Setting next_dagrun for sgfood_elt_pipeline to 2026-10-06 03:00:00+00:00, run_after=2026-10-07 03:00:00+00:00
[2026-10-06T22:54:54.707+0000] {processor.py:183} INFO - Processing /opt/airflow/dags/sgfood_elt_dag.py took 0.183 seconds
[2026-10-06T22:55:24.900+0000] {processor.py:161} INFO - Started process (PID=237) to work on /opt/airflow/dags/sgfood_elt_dag.py
[2026-10-06T22:55:24.902+0000] {processor.py:830} INFO - Processing file /opt/airflow/dags/sgfood_elt_dag.py for tasks to queue
[2026-10-06T22:55:24.904+0000] {logging_mixin.py:188} INFO - [2026-10-06T22:55:24.904+0000] {dagbag.py:538} INFO - Filling up the DagBag from /opt/airflow/dags/sgfood_elt_dag.py
[2026-10-06T22:55:24.952+0000] {processor.py:840} INFO - DAG(s) 'sgfood_elt_pipeline' retrieved from /opt/airflow/dags/sgfood_elt_dag.py
[2026-10-06T22:55:24.991+0000] {logging_mixin.py:188} INFO - [2026-10-06T22:55:24.990+0000] {dag.py:3036} INFO - Sync 1 DAGs
[2026-10-06T22:55:25.027+0000] {logging_mixin.py:188} INFO - [2026-10-06T22:55:25.027+0000] {dag.py:3823} INFO - Setting next_dagrun for sgfood_elt_pipeline to 2026-10-06 03:00:00+00:00, run_after=2026-10-07 03:00:00+00:00
[2026-10-06T22:55:25.074+0000] {processor.py:183} INFO - Processing /opt/airflow/dags/sgfood_elt_dag.py took 0.179 seconds
[2026-10-06T22:56:03.162+0000] {processor.py:161} INFO - Started process (PID=238) to work on /opt/airflow/dags/sgfood_elt_dag.py
[2026-10-06T22:56:03.165+0000] {processor.py:830} INFO - Processing file /opt/airflow/dags/sgfood_elt_dag.py for tasks to queue
[2026-10-06T22:56:03.167+0000] {logging_mixin.py:188} INFO - [2026-10-06T22:56:03.167+0000] {dagbag.py:538} INFO - Filling up the DagBag from /opt/airflow/dags/sgfood_elt_dag.py
[2026-10-06T22:56:03.240+0000] {processor.py:840} INFO - DAG(s) 'sgfood_elt_pipeline' retrieved from /opt/airflow/dags/sgfood_elt_dag.py
[2026-10-06T22:56:03.282+0000] {logging_mixin.py:188} INFO - [2026-10-06T22:56:03.282+0000] {dag.py:3036} INFO - Sync 1 DAGs
[2026-10-06T22:56:03.331+0000] {logging_mixin.py:188} INFO - [2026-10-06T22:56:03.331+0000] {dag.py:3823} INFO - Setting next_dagrun for sgfood_elt_pipeline to 2026-10-06 03:00:00+00:00, run_after=2026-10-07 03:00:00+00:00
[2026-10-06T22:56:03.384+0000] {processor.py:183} INFO - Processing /opt/airflow/dags/sgfood_elt_dag.py took 0.227 seconds
[2026-10-06T22:56:29.944+0000] {processor.py:161} INFO - Started process (PID=239) to work on /opt/airflow/dags/sgfood_elt_dag.py
[2026-10-06T22:56:29.955+0000] {processor.py:830} INFO - Processing file /opt/airflow/dags/sgfood_elt_dag.py for tasks to queue
[2026-10-06T22:56:29.958+0000] {logging_mixin.py:188} INFO - [2026-10-06T22:56:29.957+0000] {dagbag.py:538} INFO - Filling up the DagBag from /opt/airflow/dags/sgfood_elt_dag.py
[2026-10-06T22:56:30.055+0000] {processor.py:840} INFO - DAG(s) 'sgfood_elt_pipeline' retrieved from /opt/airflow/dags/sgfood_elt_dag.py
[2026-10-06T22:56:30.135+0000] {logging_mixin.py:188} INFO - [2026-10-06T22:56:30.135+0000] {dag.py:3036} INFO - Sync 1 DAGs
[2026-10-06T22:56:30.196+0000] {logging_mixin.py:188} INFO - [2026-10-06T22:56:30.196+0000] {dag.py:3823} INFO - Setting next_dagrun for sgfood_elt_pipeline to 2026-10-06 03:00:00+00:00, run_after=2026-10-07 03:00:00+00:00
[2026-10-06T22:56:30.259+0000] {processor.py:183} INFO - Processing /opt/airflow/dags/sgfood_elt_dag.py took 0.340 seconds
[2026-10-06T22:57:02.990+0000] {processor.py:161} INFO - Started process (PID=240) to work on /opt/airflow/dags/sgfood_elt_dag.py
[2026-10-06T22:57:02.993+0000] {processor.py:830} INFO - Processing file /opt/airflow/dags/sgfood_elt_dag.py for tasks to queue
[2026-10-06T22:57:02.996+0000] {logging_mixin.py:188} INFO - [2026-10-06T22:57:02.995+0000] {dagbag.py:538} INFO - Filling up the DagBag from /opt/airflow/dags/sgfood_elt_dag.py
[2026-10-06T22:56:54.940+0000] {processor.py:840} INFO - DAG(s) 'sgfood_elt_pipeline' retrieved from /opt/airflow/dags/sgfood_elt_dag.py
[2026-10-06T22:56:54.997+0000] {logging_mixin.py:188} INFO - [2026-10-06T22:56:54.997+0000] {dag.py:3036} INFO - Sync 1 DAGs
[2026-10-06T22:56:55.059+0000] {logging_mixin.py:188} INFO - [2026-10-06T22:56:55.058+0000] {dag.py:3823} INFO - Setting next_dagrun for sgfood_elt_pipeline to 2026-10-06 03:00:00+00:00, run_after=2026-10-07 03:00:00+00:00
[2026-10-06T22:56:55.103+0000] {processor.py:183} INFO - Processing /opt/airflow/dags/sgfood_elt_dag.py took 0.256 seconds
[2026-10-06T22:57:33.069+0000] {processor.py:161} INFO - Started process (PID=241) to work on /opt/airflow/dags/sgfood_elt_dag.py
[2026-10-06T22:57:33.071+0000] {processor.py:830} INFO - Processing file /opt/airflow/dags/sgfood_elt_dag.py for tasks to queue
[2026-10-06T22:57:33.075+0000] {logging_mixin.py:188} INFO - [2026-10-06T22:57:33.073+0000] {dagbag.py:538} INFO - Filling up the DagBag from /opt/airflow/dags/sgfood_elt_dag.py
[2026-10-06T22:57:33.131+0000] {processor.py:840} INFO - DAG(s) 'sgfood_elt_pipeline' retrieved from /opt/airflow/dags/sgfood_elt_dag.py
[2026-10-06T22:57:33.177+0000] {logging_mixin.py:188} INFO - [2026-10-06T22:57:33.176+0000] {dag.py:3036} INFO - Sync 1 DAGs
[2026-10-06T22:57:33.219+0000] {logging_mixin.py:188} INFO - [2026-10-06T22:57:33.219+0000] {dag.py:3823} INFO - Setting next_dagrun for sgfood_elt_pipeline to 2026-10-06 03:00:00+00:00, run_after=2026-10-07 03:00:00+00:00
[2026-10-06T22:57:33.261+0000] {processor.py:183} INFO - Processing /opt/airflow/dags/sgfood_elt_dag.py took 0.198 seconds
[2026-10-06T22:57:55.848+0000] {processor.py:161} INFO - Started process (PID=242) to work on /opt/airflow/dags/sgfood_elt_dag.py
[2026-10-06T22:57:55.849+0000] {processor.py:830} INFO - Processing file /opt/airflow/dags/sgfood_elt_dag.py for tasks to queue
[2026-10-06T22:57:55.851+0000] {logging_mixin.py:188} INFO - [2026-10-06T22:57:55.851+0000] {dagbag.py:538} INFO - Filling up the DagBag from /opt/airflow/dags/sgfood_elt_dag.py
[2026-10-06T22:57:55.909+0000] {processor.py:840} INFO - DAG(s) 'sgfood_elt_pipeline' retrieved from /opt/airflow/dags/sgfood_elt_dag.py
[2026-10-06T22:57:55.959+0000] {logging_mixin.py:188} INFO - [2026-10-06T22:57:55.959+0000] {dag.py:3036} INFO - Sync 1 DAGs
[2026-10-06T22:57:56.006+0000] {logging_mixin.py:188} INFO - [2026-10-06T22:57:56.005+0000] {dag.py:3823} INFO - Setting next_dagrun for sgfood_elt_pipeline to 2026-10-06 03:00:00+00:00, run_after=2026-10-07 03:00:00+00:00
[2026-10-06T22:57:56.057+0000] {processor.py:183} INFO - Processing /opt/airflow/dags/sgfood_elt_dag.py took 0.216 seconds
[2026-10-06T22:58:18.107+0000] {processor.py:161} INFO - Started process (PID=243) to work on /opt/airflow/dags/sgfood_elt_dag.py
[2026-10-06T22:58:18.109+0000] {processor.py:830} INFO - Processing file /opt/airflow/dags/sgfood_elt_dag.py for tasks to queue
[2026-10-06T22:58:18.110+0000] {logging_mixin.py:188} INFO - [2026-10-06T22:58:18.110+0000] {dagbag.py:538} INFO - Filling up the DagBag from /opt/airflow/dags/sgfood_elt_dag.py
[2026-10-06T22:58:18.144+0000] {processor.py:840} INFO - DAG(s) 'sgfood_elt_pipeline' retrieved from /opt/airflow/dags/sgfood_elt_dag.py
[2026-10-06T22:58:18.178+0000] {logging_mixin.py:188} INFO - [2026-10-06T22:58:18.178+0000] {dag.py:3036} INFO - Sync 1 DAGs
[2026-10-06T22:58:18.204+0000] {logging_mixin.py:188} INFO - [2026-10-06T22:58:18.204+0000] {dag.py:3823} INFO - Setting next_dagrun for sgfood_elt_pipeline to 2026-10-06 03:00:00+00:00, run_after=2026-10-07 03:00:00+00:00
[2026-10-06T22:58:18.233+0000] {processor.py:183} INFO - Processing /opt/airflow/dags/sgfood_elt_dag.py took 0.128 seconds
[2026-10-06T22:58:48.504+0000] {processor.py:161} INFO - Started process (PID=244) to work on /opt/airflow/dags/sgfood_elt_dag.py
[2026-10-06T22:58:48.507+0000] {processor.py:830} INFO - Processing file /opt/airflow/dags/sgfood_elt_dag.py for tasks to queue
[2026-10-06T22:58:48.509+0000] {logging_mixin.py:188} INFO - [2026-10-06T22:58:48.509+0000] {dagbag.py:538} INFO - Filling up the DagBag from /opt/airflow/dags/sgfood_elt_dag.py
[2026-10-06T22:58:48.554+0000] {processor.py:840} INFO - DAG(s) 'sgfood_elt_pipeline' retrieved from /opt/airflow/dags/sgfood_elt_dag.py
[2026-10-06T22:58:48.595+0000] {logging_mixin.py:188} INFO - [2026-10-06T22:58:48.594+0000] {dag.py:3036} INFO - Sync 1 DAGs
[2026-10-06T22:58:48.634+0000] {logging_mixin.py:188} INFO - [2026-10-06T22:58:48.634+0000] {dag.py:3823} INFO - Setting next_dagrun for sgfood_elt_pipeline to 2026-10-06 03:00:00+00:00, run_after=2026-10-07 03:00:00+00:00
[2026-10-06T22:58:48.683+0000] {processor.py:183} INFO - Processing /opt/airflow/dags/sgfood_elt_dag.py took 0.194 seconds
[2026-10-06T22:59:27.087+0000] {processor.py:161} INFO - Started process (PID=245) to work on /opt/airflow/dags/sgfood_elt_dag.py
[2026-10-06T22:59:27.089+0000] {processor.py:830} INFO - Processing file /opt/airflow/dags/sgfood_elt_dag.py for tasks to queue
[2026-10-06T22:59:27.093+0000] {logging_mixin.py:188} INFO - [2026-10-06T22:59:27.090+0000] {dagbag.py:538} INFO - Filling up the DagBag from /opt/airflow/dags/sgfood_elt_dag.py
[2026-10-06T22:59:27.142+0000] {processor.py:840} INFO - DAG(s) 'sgfood_elt_pipeline' retrieved from /opt/airflow/dags/sgfood_elt_dag.py
[2026-10-06T22:59:27.196+0000] {logging_mixin.py:188} INFO - [2026-10-06T22:59:27.195+0000] {dag.py:3036} INFO - Sync 1 DAGs
[2026-10-06T22:59:27.230+0000] {logging_mixin.py:188} INFO - [2026-10-06T22:59:27.230+0000] {dag.py:3823} INFO - Setting next_dagrun for sgfood_elt_pipeline to 2026-10-06 03:00:00+00:00, run_after=2026-10-07 03:00:00+00:00
[2026-10-06T22:59:27.270+0000] {processor.py:183} INFO - Processing /opt/airflow/dags/sgfood_elt_dag.py took 0.188 seconds
[2026-10-06T22:59:58.351+0000] {processor.py:161} INFO - Started process (PID=246) to work on /opt/airflow/dags/sgfood_elt_dag.py
[2026-10-06T22:59:58.354+0000] {processor.py:830} INFO - Processing file /opt/airflow/dags/sgfood_elt_dag.py for tasks to queue
[2026-10-06T22:59:58.357+0000] {logging_mixin.py:188} INFO - [2026-10-06T22:59:58.356+0000] {dagbag.py:538} INFO - Filling up the DagBag from /opt/airflow/dags/sgfood_elt_dag.py
[2026-10-06T22:59:58.419+0000] {processor.py:840} INFO - DAG(s) 'sgfood_elt_pipeline' retrieved from /opt/airflow/dags/sgfood_elt_dag.py
[2026-10-06T22:59:58.478+0000] {logging_mixin.py:188} INFO - [2026-10-06T22:59:58.478+0000] {dag.py:3036} INFO - Sync 1 DAGs
[2026-10-06T22:59:58.527+0000] {logging_mixin.py:188} INFO - [2026-10-06T22:59:58.526+0000] {dag.py:3823} INFO - Setting next_dagrun for sgfood_elt_pipeline to 2026-10-06 03:00:00+00:00, run_after=2026-10-07 03:00:00+00:00
[2026-10-06T22:59:58.574+0000] {processor.py:183} INFO - Processing /opt/airflow/dags/sgfood_elt_dag.py took 0.227 seconds
[2026-10-06T23:00:34.175+0000] {processor.py:161} INFO - Started process (PID=247) to work on /opt/airflow/dags/sgfood_elt_dag.py
[2026-10-06T23:00:34.177+0000] {processor.py:830} INFO - Processing file /opt/airflow/dags/sgfood_elt_dag.py for tasks to queue
[2026-10-06T23:00:34.180+0000] {logging_mixin.py:188} INFO - [2026-10-06T23:00:34.179+0000] {dagbag.py:538} INFO - Filling up the DagBag from /opt/airflow/dags/sgfood_elt_dag.py
[2026-10-06T23:00:34.242+0000] {processor.py:840} INFO - DAG(s) 'sgfood_elt_pipeline' retrieved from /opt/airflow/dags/sgfood_elt_dag.py
[2026-10-06T23:00:34.303+0000] {logging_mixin.py:188} INFO - [2026-10-06T23:00:34.302+0000] {dag.py:3036} INFO - Sync 1 DAGs
[2026-10-06T23:00:34.369+0000] {logging_mixin.py:188} INFO - [2026-10-06T23:00:34.369+0000] {dag.py:3823} INFO - Setting next_dagrun for sgfood_elt_pipeline to 2026-10-06 03:00:00+00:00, run_after=2026-10-07 03:00:00+00:00
[2026-10-06T23:00:34.417+0000] {processor.py:183} INFO - Processing /opt/airflow/dags/sgfood_elt_dag.py took 0.259 seconds
[2026-10-06T23:01:00.276+0000] {processor.py:161} INFO - Started process (PID=248) to work on /opt/airflow/dags/sgfood_elt_dag.py
[2026-10-06T23:01:00.283+0000] {processor.py:830} INFO - Processing file /opt/airflow/dags/sgfood_elt_dag.py for tasks to queue
[2026-10-06T23:01:00.287+0000] {logging_mixin.py:188} INFO - [2026-10-06T23:01:00.286+0000] {dagbag.py:538} INFO - Filling up the DagBag from /opt/airflow/dags/sgfood_elt_dag.py
[2026-10-06T23:01:00.349+0000] {processor.py:840} INFO - DAG(s) 'sgfood_elt_pipeline' retrieved from /opt/airflow/dags/sgfood_elt_dag.py
[2026-10-06T23:01:00.419+0000] {logging_mixin.py:188} INFO - [2026-10-06T23:01:00.419+0000] {dag.py:3036} INFO - Sync 1 DAGs
[2026-10-06T23:01:00.462+0000] {logging_mixin.py:188} INFO - [2026-10-06T23:01:00.462+0000] {dag.py:3823} INFO - Setting next_dagrun for sgfood_elt_pipeline to 2026-10-06 03:00:00+00:00, run_after=2026-10-07 03:00:00+00:00
[2026-10-06T23:01:00.506+0000] {processor.py:183} INFO - Processing /opt/airflow/dags/sgfood_elt_dag.py took 0.246 seconds
[2026-10-06T23:01:30.613+0000] {processor.py:161} INFO - Started process (PID=249) to work on /opt/airflow/dags/sgfood_elt_dag.py
[2026-10-06T23:01:30.616+0000] {processor.py:830} INFO - Processing file /opt/airflow/dags/sgfood_elt_dag.py for tasks to queue
[2026-10-06T23:01:30.620+0000] {logging_mixin.py:188} INFO - [2026-10-06T23:01:30.619+0000] {dagbag.py:538} INFO - Filling up the DagBag from /opt/airflow/dags/sgfood_elt_dag.py
[2026-10-06T23:01:30.682+0000] {processor.py:840} INFO - DAG(s) 'sgfood_elt_pipeline' retrieved from /opt/airflow/dags/sgfood_elt_dag.py
[2026-10-06T23:01:30.736+0000] {logging_mixin.py:188} INFO - [2026-10-06T23:01:30.736+0000] {dag.py:3036} INFO - Sync 1 DAGs
[2026-10-06T23:01:30.781+0000] {logging_mixin.py:188} INFO - [2026-10-06T23:01:30.780+0000] {dag.py:3823} INFO - Setting next_dagrun for sgfood_elt_pipeline to 2026-10-06 03:00:00+00:00, run_after=2026-10-07 03:00:00+00:00
[2026-10-06T23:01:30.829+0000] {processor.py:183} INFO - Processing /opt/airflow/dags/sgfood_elt_dag.py took 0.223 seconds
[2026-10-06T23:02:01.065+0000] {processor.py:161} INFO - Started process (PID=250) to work on /opt/airflow/dags/sgfood_elt_dag.py
[2026-10-06T23:02:01.067+0000] {processor.py:830} INFO - Processing file /opt/airflow/dags/sgfood_elt_dag.py for tasks to queue
[2026-10-06T23:02:01.069+0000] {logging_mixin.py:188} INFO - [2026-10-06T23:02:01.068+0000] {dagbag.py:538} INFO - Filling up the DagBag from /opt/airflow/dags/sgfood_elt_dag.py
[2026-10-06T23:02:01.117+0000] {processor.py:840} INFO - DAG(s) 'sgfood_elt_pipeline' retrieved from /opt/airflow/dags/sgfood_elt_dag.py
[2026-10-06T23:02:01.162+0000] {logging_mixin.py:188} INFO - [2026-10-06T23:02:01.162+0000] {dag.py:3036} INFO - Sync 1 DAGs
[2026-10-06T23:02:01.203+0000] {logging_mixin.py:188} INFO - [2026-10-06T23:02:01.202+0000] {dag.py:3823} INFO - Setting next_dagrun for sgfood_elt_pipeline to 2026-10-06 03:00:00+00:00, run_after=2026-10-07 03:00:00+00:00
[2026-10-06T23:02:01.258+0000] {processor.py:183} INFO - Processing /opt/airflow/dags/sgfood_elt_dag.py took 0.198 seconds
[2026-10-06T23:02:31.788+0000] {processor.py:161} INFO - Started process (PID=251) to work on /opt/airflow/dags/sgfood_elt_dag.py
[2026-10-06T23:02:31.794+0000] {processor.py:830} INFO - Processing file /opt/airflow/dags/sgfood_elt_dag.py for tasks to queue
[2026-10-06T23:02:31.797+0000] {logging_mixin.py:188} INFO - [2026-10-06T23:02:31.796+0000] {dagbag.py:538} INFO - Filling up the DagBag from /opt/airflow/dags/sgfood_elt_dag.py
[2026-10-06T23:02:31.853+0000] {processor.py:840} INFO - DAG(s) 'sgfood_elt_pipeline' retrieved from /opt/airflow/dags/sgfood_elt_dag.py
[2026-10-06T23:02:31.890+0000] {logging_mixin.py:188} INFO - [2026-10-06T23:02:31.889+0000] {dag.py:3036} INFO - Sync 1 DAGs
[2026-10-06T23:02:31.932+0000] {logging_mixin.py:188} INFO - [2026-10-06T23:02:31.932+0000] {dag.py:3823} INFO - Setting next_dagrun for sgfood_elt_pipeline to 2026-10-06 03:00:00+00:00, run_after=2026-10-07 03:00:00+00:00
[2026-10-06T23:02:31.982+0000] {processor.py:183} INFO - Processing /opt/airflow/dags/sgfood_elt_dag.py took 0.213 seconds
[2026-10-06T23:03:02.191+0000] {processor.py:161} INFO - Started process (PID=252) to work on /opt/airflow/dags/sgfood_elt_dag.py
[2026-10-06T23:03:02.193+0000] {processor.py:830} INFO - Processing file /opt/airflow/dags/sgfood_elt_dag.py for tasks to queue
[2026-10-06T23:03:02.196+0000] {logging_mixin.py:188} INFO - [2026-10-06T23:03:02.195+0000] {dagbag.py:538} INFO - Filling up the DagBag from /opt/airflow/dags/sgfood_elt_dag.py
[2026-10-06T23:03:02.251+0000] {processor.py:840} INFO - DAG(s) 'sgfood_elt_pipeline' retrieved from /opt/airflow/dags/sgfood_elt_dag.py
[2026-10-06T23:03:02.295+0000] {logging_mixin.py:188} INFO - [2026-10-06T23:03:02.295+0000] {dag.py:3036} INFO - Sync 1 DAGs
[2026-10-06T23:03:02.339+0000] {logging_mixin.py:188} INFO - [2026-10-06T23:03:02.339+0000] {dag.py:3823} INFO - Setting next_dagrun for sgfood_elt_pipeline to 2026-10-06 03:00:00+00:00, run_after=2026-10-07 03:00:00+00:00
[2026-10-06T23:03:02.390+0000] {processor.py:183} INFO - Processing /opt/airflow/dags/sgfood_elt_dag.py took 0.203 seconds
[2026-10-06T23:03:32.545+0000] {processor.py:161} INFO - Started process (PID=253) to work on /opt/airflow/dags/sgfood_elt_dag.py
[2026-10-06T23:03:32.547+0000] {processor.py:830} INFO - Processing file /opt/airflow/dags/sgfood_elt_dag.py for tasks to queue
[2026-10-06T23:03:32.549+0000] {logging_mixin.py:188} INFO - [2026-10-06T23:03:32.548+0000] {dagbag.py:538} INFO - Filling up the DagBag from /opt/airflow/dags/sgfood_elt_dag.py
[2026-10-06T23:03:32.610+0000] {processor.py:840} INFO - DAG(s) 'sgfood_elt_pipeline' retrieved from /opt/airflow/dags/sgfood_elt_dag.py
[2026-10-06T23:03:32.648+0000] {logging_mixin.py:188} INFO - [2026-10-06T23:03:32.647+0000] {dag.py:3036} INFO - Sync 1 DAGs
[2026-10-06T23:03:32.690+0000] {logging_mixin.py:188} INFO - [2026-10-06T23:03:32.689+0000] {dag.py:3823} INFO - Setting next_dagrun for sgfood_elt_pipeline to 2026-10-06 03:00:00+00:00, run_after=2026-10-07 03:00:00+00:00
[2026-10-06T23:03:32.740+0000] {processor.py:183} INFO - Processing /opt/airflow/dags/sgfood_elt_dag.py took 0.200 seconds
[2026-10-06T23:04:03.606+0000] {processor.py:161} INFO - Started process (PID=254) to work on /opt/airflow/dags/sgfood_elt_dag.py
[2026-10-06T23:04:03.608+0000] {processor.py:830} INFO - Processing file /opt/airflow/dags/sgfood_elt_dag.py for tasks to queue
[2026-10-06T23:04:03.611+0000] {logging_mixin.py:188} INFO - [2026-10-06T23:04:03.610+0000] {dagbag.py:538} INFO - Filling up the DagBag from /opt/airflow/dags/sgfood_elt_dag.py
[2026-10-06T23:04:03.669+0000] {processor.py:840} INFO - DAG(s) 'sgfood_elt_pipeline' retrieved from /opt/airflow/dags/sgfood_elt_dag.py
[2026-10-06T23:04:03.716+0000] {logging_mixin.py:188} INFO - [2026-10-06T23:04:03.715+0000] {dag.py:3036} INFO - Sync 1 DAGs
[2026-10-06T23:04:03.762+0000] {logging_mixin.py:188} INFO - [2026-10-06T23:04:03.762+0000] {dag.py:3823} INFO - Setting next_dagrun for sgfood_elt_pipeline to 2026-10-06 03:00:00+00:00, run_after=2026-10-07 03:00:00+00:00
[2026-10-06T23:04:03.820+0000] {processor.py:183} INFO - Processing /opt/airflow/dags/sgfood_elt_dag.py took 0.222 seconds
[2026-10-06T23:04:34.306+0000] {processor.py:161} INFO - Started process (PID=255) to work on /opt/airflow/dags/sgfood_elt_dag.py
[2026-10-06T23:04:34.308+0000] {processor.py:830} INFO - Processing file /opt/airflow/dags/sgfood_elt_dag.py for tasks to queue
[2026-10-06T23:04:34.310+0000] {logging_mixin.py:188} INFO - [2026-10-06T23:04:34.310+0000] {dagbag.py:538} INFO - Filling up the DagBag from /opt/airflow/dags/sgfood_elt_dag.py
[2026-10-06T23:04:34.367+0000] {processor.py:840} INFO - DAG(s) 'sgfood_elt_pipeline' retrieved from /opt/airflow/dags/sgfood_elt_dag.py
[2026-10-06T23:04:34.408+0000] {logging_mixin.py:188} INFO - [2026-10-06T23:04:34.407+0000] {dag.py:3036} INFO - Sync 1 DAGs
[2026-10-06T23:04:34.451+0000] {logging_mixin.py:188} INFO - [2026-10-06T23:04:34.451+0000] {dag.py:3823} INFO - Setting next_dagrun for sgfood_elt_pipeline to 2026-10-06 03:00:00+00:00, run_after=2026-10-07 03:00:00+00:00
[2026-10-06T23:04:34.498+0000] {processor.py:183} INFO - Processing /opt/airflow/dags/sgfood_elt_dag.py took 0.197 seconds
[2026-10-06T23:05:00.739+0000] {processor.py:161} INFO - Started process (PID=256) to work on /opt/airflow/dags/sgfood_elt_dag.py
[2026-10-06T23:05:00.741+0000] {processor.py:830} INFO - Processing file /opt/airflow/dags/sgfood_elt_dag.py for tasks to queue
[2026-10-06T23:05:00.744+0000] {logging_mixin.py:188} INFO - [2026-10-06T23:05:00.743+0000] {dagbag.py:538} INFO - Filling up the DagBag from /opt/airflow/dags/sgfood_elt_dag.py
[2026-10-06T23:05:00.798+0000] {processor.py:840} INFO - DAG(s) 'sgfood_elt_pipeline' retrieved from /opt/airflow/dags/sgfood_elt_dag.py
[2026-10-06T23:05:00.844+0000] {logging_mixin.py:188} INFO - [2026-10-06T23:05:00.843+0000] {dag.py:3036} INFO - Sync 1 DAGs
[2026-10-06T23:05:00.888+0000] {logging_mixin.py:188} INFO - [2026-10-06T23:05:00.887+0000] {dag.py:3823} INFO - Setting next_dagrun for sgfood_elt_pipeline to 2026-10-06 03:00:00+00:00, run_after=2026-10-07 03:00:00+00:00
[2026-10-06T23:05:00.938+0000] {processor.py:183} INFO - Processing /opt/airflow/dags/sgfood_elt_dag.py took 0.204 seconds
[2026-10-06T23:05:30.798+0000] {processor.py:161} INFO - Started process (PID=257) to work on /opt/airflow/dags/sgfood_elt_dag.py
[2026-10-06T23:05:30.800+0000] {processor.py:830} INFO - Processing file /opt/airflow/dags/sgfood_elt_dag.py for tasks to queue
[2026-10-06T23:05:30.803+0000] {logging_mixin.py:188} INFO - [2026-10-06T23:05:30.802+0000] {dagbag.py:538} INFO - Filling up the DagBag from /opt/airflow/dags/sgfood_elt_dag.py
[2026-10-06T23:05:30.856+0000] {processor.py:840} INFO - DAG(s) 'sgfood_elt_pipeline' retrieved from /opt/airflow/dags/sgfood_elt_dag.py
[2026-10-06T23:05:30.895+0000] {logging_mixin.py:188} INFO - [2026-10-06T23:05:30.895+0000] {dag.py:3036} INFO - Sync 1 DAGs
[2026-10-06T23:05:30.942+0000] {logging_mixin.py:188} INFO - [2026-10-06T23:05:30.941+0000] {dag.py:3823} INFO - Setting next_dagrun for sgfood_elt_pipeline to 2026-10-06 03:00:00+00:00, run_after=2026-10-07 03:00:00+00:00
[2026-10-06T23:05:30.991+0000] {processor.py:183} INFO - Processing /opt/airflow/dags/sgfood_elt_dag.py took 0.198 seconds
[2026-10-06T23:06:01.395+0000] {processor.py:161} INFO - Started process (PID=264) to work on /opt/airflow/dags/sgfood_elt_dag.py
[2026-10-06T23:06:01.397+0000] {processor.py:830} INFO - Processing file /opt/airflow/dags/sgfood_elt_dag.py for tasks to queue
[2026-10-06T23:06:01.400+0000] {logging_mixin.py:188} INFO - [2026-10-06T23:06:01.399+0000] {dagbag.py:538} INFO - Filling up the DagBag from /opt/airflow/dags/sgfood_elt_dag.py
[2026-10-06T23:06:01.447+0000] {processor.py:840} INFO - DAG(s) 'sgfood_elt_pipeline' retrieved from /opt/airflow/dags/sgfood_elt_dag.py
[2026-10-06T23:06:01.486+0000] {logging_mixin.py:188} INFO - [2026-10-06T23:06:01.485+0000] {dag.py:3036} INFO - Sync 1 DAGs
[2026-10-06T23:06:01.547+0000] {logging_mixin.py:188} INFO - [2026-10-06T23:06:01.547+0000] {dag.py:3823} INFO - Setting next_dagrun for sgfood_elt_pipeline to 2026-10-06 03:00:00+00:00, run_after=2026-10-07 03:00:00+00:00
[2026-10-06T23:06:01.613+0000] {processor.py:183} INFO - Processing /opt/airflow/dags/sgfood_elt_dag.py took 0.221 seconds
[2026-10-06T23:11:43.116+0000] {processor.py:161} INFO - Started process (PID=245) to work on /opt/airflow/dags/sgfood_elt_dag.py
[2026-10-06T23:11:43.119+0000] {processor.py:830} INFO - Processing file /opt/airflow/dags/sgfood_elt_dag.py for tasks to queue
[2026-10-06T23:11:43.122+0000] {logging_mixin.py:188} INFO - [2026-10-06T23:11:43.121+0000] {dagbag.py:538} INFO - Filling up the DagBag from /opt/airflow/dags/sgfood_elt_dag.py
[2026-10-06T23:11:43.185+0000] {processor.py:840} INFO - DAG(s) 'sgfood_elt_pipeline' retrieved from /opt/airflow/dags/sgfood_elt_dag.py
[2026-10-06T23:11:43.204+0000] {logging_mixin.py:188} INFO - [2026-10-06T23:11:43.204+0000] {dag.py:3036} INFO - Sync 1 DAGs
[2026-10-06T23:11:43.249+0000] {logging_mixin.py:188} INFO - [2026-10-06T23:11:43.249+0000] {dag.py:3823} INFO - Setting next_dagrun for sgfood_elt_pipeline to 2026-10-05 03:00:00+00:00, run_after=2026-10-06 03:00:00+00:00
[2026-10-06T23:11:43.311+0000] {processor.py:183} INFO - Processing /opt/airflow/dags/sgfood_elt_dag.py took 0.202 seconds
[2026-10-06T23:12:16.583+0000] {processor.py:161} INFO - Started process (PID=341) to work on /opt/airflow/dags/sgfood_elt_dag.py
[2026-10-06T23:12:16.586+0000] {processor.py:830} INFO - Processing file /opt/airflow/dags/sgfood_elt_dag.py for tasks to queue
[2026-10-06T23:12:16.588+0000] {logging_mixin.py:188} INFO - [2026-10-06T23:12:16.587+0000] {dagbag.py:538} INFO - Filling up the DagBag from /opt/airflow/dags/sgfood_elt_dag.py
[2026-10-06T23:12:16.637+0000] {processor.py:840} INFO - DAG(s) 'sgfood_elt_pipeline' retrieved from /opt/airflow/dags/sgfood_elt_dag.py
[2026-10-06T23:12:24.721+0000] {logging_mixin.py:188} INFO - [2026-10-06T23:12:24.720+0000] {dag.py:3036} INFO - Sync 1 DAGs
[2026-10-06T23:12:16.574+0000] {logging_mixin.py:188} INFO - [2026-10-06T23:12:16.573+0000] {dag.py:3823} INFO - Setting next_dagrun for sgfood_elt_pipeline to 2026-10-06 03:00:00+00:00, run_after=2026-10-07 03:00:00+00:00
[2026-10-06T23:12:16.620+0000] {processor.py:183} INFO - Processing /opt/airflow/dags/sgfood_elt_dag.py took 0.323 seconds
[2026-10-06T23:12:47.077+0000] {processor.py:161} INFO - Started process (PID=342) to work on /opt/airflow/dags/sgfood_elt_dag.py
[2026-10-06T23:12:47.080+0000] {processor.py:830} INFO - Processing file /opt/airflow/dags/sgfood_elt_dag.py for tasks to queue
[2026-10-06T23:12:47.083+0000] {logging_mixin.py:188} INFO - [2026-10-06T23:12:47.081+0000] {dagbag.py:538} INFO - Filling up the DagBag from /opt/airflow/dags/sgfood_elt_dag.py
[2026-10-06T23:12:47.151+0000] {processor.py:840} INFO - DAG(s) 'sgfood_elt_pipeline' retrieved from /opt/airflow/dags/sgfood_elt_dag.py
[2026-10-06T23:12:47.205+0000] {logging_mixin.py:188} INFO - [2026-10-06T23:12:47.205+0000] {dag.py:3036} INFO - Sync 1 DAGs
[2026-10-06T23:12:47.252+0000] {logging_mixin.py:188} INFO - [2026-10-06T23:12:47.252+0000] {dag.py:3823} INFO - Setting next_dagrun for sgfood_elt_pipeline to 2026-10-06 03:00:00+00:00, run_after=2026-10-07 03:00:00+00:00
[2026-10-06T23:12:47.299+0000] {processor.py:183} INFO - Processing /opt/airflow/dags/sgfood_elt_dag.py took 0.231 seconds
[2026-10-06T23:13:23.057+0000] {processor.py:161} INFO - Started process (PID=362) to work on /opt/airflow/dags/sgfood_elt_dag.py
[2026-10-06T23:13:23.062+0000] {processor.py:830} INFO - Processing file /opt/airflow/dags/sgfood_elt_dag.py for tasks to queue
[2026-10-06T23:13:23.065+0000] {logging_mixin.py:188} INFO - [2026-10-06T23:13:23.064+0000] {dagbag.py:538} INFO - Filling up the DagBag from /opt/airflow/dags/sgfood_elt_dag.py
[2026-10-06T23:13:23.128+0000] {processor.py:840} INFO - DAG(s) 'sgfood_elt_pipeline' retrieved from /opt/airflow/dags/sgfood_elt_dag.py
[2026-10-06T23:13:23.174+0000] {logging_mixin.py:188} INFO - [2026-10-06T23:13:23.174+0000] {dag.py:3036} INFO - Sync 1 DAGs
[2026-10-06T23:13:23.211+0000] {logging_mixin.py:188} INFO - [2026-10-06T23:13:23.210+0000] {dag.py:3823} INFO - Setting next_dagrun for sgfood_elt_pipeline to 2026-10-06 03:00:00+00:00, run_after=2026-10-07 03:00:00+00:00
[2026-10-06T23:13:23.258+0000] {processor.py:183} INFO - Processing /opt/airflow/dags/sgfood_elt_dag.py took 0.207 seconds
[2026-10-06T23:13:54.047+0000] {processor.py:161} INFO - Started process (PID=363) to work on /opt/airflow/dags/sgfood_elt_dag.py
[2026-10-06T23:13:54.049+0000] {processor.py:830} INFO - Processing file /opt/airflow/dags/sgfood_elt_dag.py for tasks to queue
[2026-10-06T23:13:54.052+0000] {logging_mixin.py:188} INFO - [2026-10-06T23:13:54.051+0000] {dagbag.py:538} INFO - Filling up the DagBag from /opt/airflow/dags/sgfood_elt_dag.py
[2026-10-06T23:13:54.109+0000] {processor.py:840} INFO - DAG(s) 'sgfood_elt_pipeline' retrieved from /opt/airflow/dags/sgfood_elt_dag.py
[2026-10-06T23:13:54.156+0000] {logging_mixin.py:188} INFO - [2026-10-06T23:13:54.156+0000] {dag.py:3036} INFO - Sync 1 DAGs
[2026-10-06T23:13:54.199+0000] {logging_mixin.py:188} INFO - [2026-10-06T23:13:54.199+0000] {dag.py:3823} INFO - Setting next_dagrun for sgfood_elt_pipeline to 2026-10-06 03:00:00+00:00, run_after=2026-10-07 03:00:00+00:00
[2026-10-06T23:13:54.245+0000] {processor.py:183} INFO - Processing /opt/airflow/dags/sgfood_elt_dag.py took 0.204 seconds
[2026-10-06T23:14:32.596+0000] {processor.py:161} INFO - Started process (PID=383) to work on /opt/airflow/dags/sgfood_elt_dag.py
[2026-10-06T23:14:32.601+0000] {processor.py:830} INFO - Processing file /opt/airflow/dags/sgfood_elt_dag.py for tasks to queue
[2026-10-06T23:14:32.604+0000] {logging_mixin.py:188} INFO - [2026-10-06T23:14:32.603+0000] {dagbag.py:538} INFO - Filling up the DagBag from /opt/airflow/dags/sgfood_elt_dag.py
[2026-10-06T23:14:32.657+0000] {processor.py:840} INFO - DAG(s) 'sgfood_elt_pipeline' retrieved from /opt/airflow/dags/sgfood_elt_dag.py
[2026-10-06T23:14:32.700+0000] {logging_mixin.py:188} INFO - [2026-10-06T23:14:32.700+0000] {dag.py:3036} INFO - Sync 1 DAGs
[2026-10-06T23:14:32.739+0000] {logging_mixin.py:188} INFO - [2026-10-06T23:14:32.739+0000] {dag.py:3823} INFO - Setting next_dagrun for sgfood_elt_pipeline to 2026-10-06 03:00:00+00:00, run_after=2026-10-07 03:00:00+00:00
[2026-10-06T23:14:32.788+0000] {processor.py:183} INFO - Processing /opt/airflow/dags/sgfood_elt_dag.py took 0.200 seconds
[2026-10-06T23:15:03.205+0000] {processor.py:161} INFO - Started process (PID=384) to work on /opt/airflow/dags/sgfood_elt_dag.py
[2026-10-06T23:15:03.207+0000] {processor.py:830} INFO - Processing file /opt/airflow/dags/sgfood_elt_dag.py for tasks to queue
[2026-10-06T23:15:03.209+0000] {logging_mixin.py:188} INFO - [2026-10-06T23:15:03.208+0000] {dagbag.py:538} INFO - Filling up the DagBag from /opt/airflow/dags/sgfood_elt_dag.py
[2026-10-06T23:15:03.264+0000] {processor.py:840} INFO - DAG(s) 'sgfood_elt_pipeline' retrieved from /opt/airflow/dags/sgfood_elt_dag.py
[2026-10-06T23:15:03.304+0000] {logging_mixin.py:188} INFO - [2026-10-06T23:15:03.303+0000] {dag.py:3036} INFO - Sync 1 DAGs
[2026-10-06T23:15:03.340+0000] {logging_mixin.py:188} INFO - [2026-10-06T23:15:03.339+0000] {dag.py:3823} INFO - Setting next_dagrun for sgfood_elt_pipeline to 2026-10-06 03:00:00+00:00, run_after=2026-10-07 03:00:00+00:00
[2026-10-06T23:15:03.383+0000] {processor.py:183} INFO - Processing /opt/airflow/dags/sgfood_elt_dag.py took 0.184 seconds
[2026-10-06T23:15:40.014+0000] {processor.py:161} INFO - Started process (PID=385) to work on /opt/airflow/dags/sgfood_elt_dag.py
[2026-10-06T23:15:40.017+0000] {processor.py:830} INFO - Processing file /opt/airflow/dags/sgfood_elt_dag.py for tasks to queue
[2026-10-06T23:15:40.019+0000] {logging_mixin.py:188} INFO - [2026-10-06T23:15:40.018+0000] {dagbag.py:538} INFO - Filling up the DagBag from /opt/airflow/dags/sgfood_elt_dag.py
[2026-10-06T23:15:31.880+0000] {processor.py:840} INFO - DAG(s) 'sgfood_elt_pipeline' retrieved from /opt/airflow/dags/sgfood_elt_dag.py
[2026-10-06T23:15:31.922+0000] {logging_mixin.py:188} INFO - [2026-10-06T23:15:31.922+0000] {dag.py:3036} INFO - Sync 1 DAGs
[2026-10-06T23:15:31.963+0000] {logging_mixin.py:188} INFO - [2026-10-06T23:15:31.962+0000] {dag.py:3823} INFO - Setting next_dagrun for sgfood_elt_pipeline to 2026-10-06 03:00:00+00:00, run_after=2026-10-07 03:00:00+00:00
[2026-10-06T23:15:32.014+0000] {processor.py:183} INFO - Processing /opt/airflow/dags/sgfood_elt_dag.py took 0.195 seconds
[2026-10-06T23:16:02.414+0000] {processor.py:161} INFO - Started process (PID=386) to work on /opt/airflow/dags/sgfood_elt_dag.py
[2026-10-06T23:16:02.416+0000] {processor.py:830} INFO - Processing file /opt/airflow/dags/sgfood_elt_dag.py for tasks to queue
[2026-10-06T23:16:02.419+0000] {logging_mixin.py:188} INFO - [2026-10-06T23:16:02.418+0000] {dagbag.py:538} INFO - Filling up the DagBag from /opt/airflow/dags/sgfood_elt_dag.py
[2026-10-06T23:16:02.475+0000] {processor.py:840} INFO - DAG(s) 'sgfood_elt_pipeline' retrieved from /opt/airflow/dags/sgfood_elt_dag.py
[2026-10-06T23:16:02.527+0000] {logging_mixin.py:188} INFO - [2026-10-06T23:16:02.526+0000] {dag.py:3036} INFO - Sync 1 DAGs
[2026-10-06T23:16:02.571+0000] {logging_mixin.py:188} INFO - [2026-10-06T23:16:02.571+0000] {dag.py:3823} INFO - Setting next_dagrun for sgfood_elt_pipeline to 2026-10-06 03:00:00+00:00, run_after=2026-10-07 03:00:00+00:00
[2026-10-06T23:16:02.620+0000] {processor.py:183} INFO - Processing /opt/airflow/dags/sgfood_elt_dag.py took 0.211 seconds
[2026-10-06T23:16:32.907+0000] {processor.py:161} INFO - Started process (PID=387) to work on /opt/airflow/dags/sgfood_elt_dag.py
[2026-10-06T23:16:32.910+0000] {processor.py:830} INFO - Processing file /opt/airflow/dags/sgfood_elt_dag.py for tasks to queue
[2026-10-06T23:16:32.912+0000] {logging_mixin.py:188} INFO - [2026-10-06T23:16:32.912+0000] {dagbag.py:538} INFO - Filling up the DagBag from /opt/airflow/dags/sgfood_elt_dag.py
[2026-10-06T23:16:32.964+0000] {processor.py:840} INFO - DAG(s) 'sgfood_elt_pipeline' retrieved from /opt/airflow/dags/sgfood_elt_dag.py
[2026-10-06T23:16:33.008+0000] {logging_mixin.py:188} INFO - [2026-10-06T23:16:33.007+0000] {dag.py:3036} INFO - Sync 1 DAGs
[2026-10-06T23:16:33.051+0000] {logging_mixin.py:188} INFO - [2026-10-06T23:16:33.051+0000] {dag.py:3823} INFO - Setting next_dagrun for sgfood_elt_pipeline to 2026-10-06 03:00:00+00:00, run_after=2026-10-07 03:00:00+00:00
[2026-10-06T23:16:33.100+0000] {processor.py:183} INFO - Processing /opt/airflow/dags/sgfood_elt_dag.py took 0.199 seconds
[2026-10-06T23:17:04.131+0000] {processor.py:161} INFO - Started process (PID=388) to work on /opt/airflow/dags/sgfood_elt_dag.py
[2026-10-06T23:17:04.133+0000] {processor.py:830} INFO - Processing file /opt/airflow/dags/sgfood_elt_dag.py for tasks to queue
[2026-10-06T23:17:04.135+0000] {logging_mixin.py:188} INFO - [2026-10-06T23:17:04.135+0000] {dagbag.py:538} INFO - Filling up the DagBag from /opt/airflow/dags/sgfood_elt_dag.py
[2026-10-06T23:17:04.187+0000] {processor.py:840} INFO - DAG(s) 'sgfood_elt_pipeline' retrieved from /opt/airflow/dags/sgfood_elt_dag.py
[2026-10-06T23:17:04.230+0000] {logging_mixin.py:188} INFO - [2026-10-06T23:17:04.230+0000] {dag.py:3036} INFO - Sync 1 DAGs
[2026-10-06T23:17:04.274+0000] {logging_mixin.py:188} INFO - [2026-10-06T23:17:04.274+0000] {dag.py:3823} INFO - Setting next_dagrun for sgfood_elt_pipeline to 2026-10-06 03:00:00+00:00, run_after=2026-10-07 03:00:00+00:00
[2026-10-06T23:17:04.325+0000] {processor.py:183} INFO - Processing /opt/airflow/dags/sgfood_elt_dag.py took 0.199 seconds
[2026-10-06T23:17:35.193+0000] {processor.py:161} INFO - Started process (PID=389) to work on /opt/airflow/dags/sgfood_elt_dag.py
[2026-10-06T23:17:35.195+0000] {processor.py:830} INFO - Processing file /opt/airflow/dags/sgfood_elt_dag.py for tasks to queue
[2026-10-06T23:17:35.198+0000] {logging_mixin.py:188} INFO - [2026-10-06T23:17:35.197+0000] {dagbag.py:538} INFO - Filling up the DagBag from /opt/airflow/dags/sgfood_elt_dag.py
[2026-10-06T23:17:35.254+0000] {processor.py:840} INFO - DAG(s) 'sgfood_elt_pipeline' retrieved from /opt/airflow/dags/sgfood_elt_dag.py
[2026-10-06T23:17:27.106+0000] {logging_mixin.py:188} INFO - [2026-10-06T23:17:27.105+0000] {dag.py:3036} INFO - Sync 1 DAGs
[2026-10-06T23:17:27.152+0000] {logging_mixin.py:188} INFO - [2026-10-06T23:17:27.152+0000] {dag.py:3823} INFO - Setting next_dagrun for sgfood_elt_pipeline to 2026-10-06 03:00:00+00:00, run_after=2026-10-07 03:00:00+00:00
[2026-10-06T23:17:27.200+0000] {processor.py:183} INFO - Processing /opt/airflow/dags/sgfood_elt_dag.py took 0.207 seconds
[2026-10-06T23:17:57.440+0000] {processor.py:161} INFO - Started process (PID=390) to work on /opt/airflow/dags/sgfood_elt_dag.py
[2026-10-06T23:17:57.445+0000] {processor.py:830} INFO - Processing file /opt/airflow/dags/sgfood_elt_dag.py for tasks to queue
[2026-10-06T23:17:57.449+0000] {logging_mixin.py:188} INFO - [2026-10-06T23:17:57.448+0000] {dagbag.py:538} INFO - Filling up the DagBag from /opt/airflow/dags/sgfood_elt_dag.py
[2026-10-06T23:17:57.531+0000] {processor.py:840} INFO - DAG(s) 'sgfood_elt_pipeline' retrieved from /opt/airflow/dags/sgfood_elt_dag.py
[2026-10-06T23:17:57.598+0000] {logging_mixin.py:188} INFO - [2026-10-06T23:17:57.597+0000] {dag.py:3036} INFO - Sync 1 DAGs
[2026-10-06T23:17:57.644+0000] {logging_mixin.py:188} INFO - [2026-10-06T23:17:57.644+0000] {dag.py:3823} INFO - Setting next_dagrun for sgfood_elt_pipeline to 2026-10-06 03:00:00+00:00, run_after=2026-10-07 03:00:00+00:00
[2026-10-06T23:17:57.692+0000] {processor.py:183} INFO - Processing /opt/airflow/dags/sgfood_elt_dag.py took 0.256 seconds
[2026-10-06T23:18:28.051+0000] {processor.py:161} INFO - Started process (PID=391) to work on /opt/airflow/dags/sgfood_elt_dag.py
[2026-10-06T23:18:28.053+0000] {processor.py:830} INFO - Processing file /opt/airflow/dags/sgfood_elt_dag.py for tasks to queue
[2026-10-06T23:18:28.057+0000] {logging_mixin.py:188} INFO - [2026-10-06T23:18:28.055+0000] {dagbag.py:538} INFO - Filling up the DagBag from /opt/airflow/dags/sgfood_elt_dag.py
[2026-10-06T23:18:28.154+0000] {processor.py:840} INFO - DAG(s) 'sgfood_elt_pipeline' retrieved from /opt/airflow/dags/sgfood_elt_dag.py
[2026-10-06T23:18:28.258+0000] {logging_mixin.py:188} INFO - [2026-10-06T23:18:28.257+0000] {dag.py:3036} INFO - Sync 1 DAGs
[2026-10-06T23:18:28.310+0000] {logging_mixin.py:188} INFO - [2026-10-06T23:18:28.310+0000] {dag.py:3823} INFO - Setting next_dagrun for sgfood_elt_pipeline to 2026-10-06 03:00:00+00:00, run_after=2026-10-07 03:00:00+00:00
[2026-10-06T23:18:28.362+0000] {processor.py:183} INFO - Processing /opt/airflow/dags/sgfood_elt_dag.py took 0.321 seconds
[2026-10-06T23:18:58.604+0000] {processor.py:161} INFO - Started process (PID=392) to work on /opt/airflow/dags/sgfood_elt_dag.py
[2026-10-06T23:18:58.606+0000] {processor.py:830} INFO - Processing file /opt/airflow/dags/sgfood_elt_dag.py for tasks to queue
[2026-10-06T23:18:58.613+0000] {logging_mixin.py:188} INFO - [2026-10-06T23:18:58.608+0000] {dagbag.py:538} INFO - Filling up the DagBag from /opt/airflow/dags/sgfood_elt_dag.py
[2026-10-06T23:18:58.686+0000] {processor.py:840} INFO - DAG(s) 'sgfood_elt_pipeline' retrieved from /opt/airflow/dags/sgfood_elt_dag.py
[2026-10-06T23:18:58.766+0000] {logging_mixin.py:188} INFO - [2026-10-06T23:18:58.765+0000] {dag.py:3036} INFO - Sync 1 DAGs
[2026-10-06T23:18:58.844+0000] {logging_mixin.py:188} INFO - [2026-10-06T23:18:58.843+0000] {dag.py:3823} INFO - Setting next_dagrun for sgfood_elt_pipeline to 2026-10-06 03:00:00+00:00, run_after=2026-10-07 03:00:00+00:00
[2026-10-06T23:18:58.900+0000] {processor.py:183} INFO - Processing /opt/airflow/dags/sgfood_elt_dag.py took 0.307 seconds
[2026-10-06T23:19:35.517+0000] {processor.py:161} INFO - Started process (PID=393) to work on /opt/airflow/dags/sgfood_elt_dag.py
[2026-10-06T23:19:35.522+0000] {processor.py:830} INFO - Processing file /opt/airflow/dags/sgfood_elt_dag.py for tasks to queue
[2026-10-06T23:19:27.325+0000] {logging_mixin.py:188} INFO - [2026-10-06T23:19:27.324+0000] {dagbag.py:538} INFO - Filling up the DagBag from /opt/airflow/dags/sgfood_elt_dag.py
[2026-10-06T23:19:27.391+0000] {processor.py:840} INFO - DAG(s) 'sgfood_elt_pipeline' retrieved from /opt/airflow/dags/sgfood_elt_dag.py
[2026-10-06T23:19:27.464+0000] {logging_mixin.py:188} INFO - [2026-10-06T23:19:27.464+0000] {dag.py:3036} INFO - Sync 1 DAGs
[2026-10-06T23:19:27.506+0000] {logging_mixin.py:188} INFO - [2026-10-06T23:19:27.506+0000] {dag.py:3823} INFO - Setting next_dagrun for sgfood_elt_pipeline to 2026-10-06 03:00:00+00:00, run_after=2026-10-07 03:00:00+00:00
[2026-10-06T23:19:27.555+0000] {processor.py:183} INFO - Processing /opt/airflow/dags/sgfood_elt_dag.py took 0.244 seconds
[2026-10-06T23:19:58.635+0000] {processor.py:161} INFO - Started process (PID=394) to work on /opt/airflow/dags/sgfood_elt_dag.py
[2026-10-06T23:19:58.637+0000] {processor.py:830} INFO - Processing file /opt/airflow/dags/sgfood_elt_dag.py for tasks to queue
[2026-10-06T23:19:58.640+0000] {logging_mixin.py:188} INFO - [2026-10-06T23:19:58.639+0000] {dagbag.py:538} INFO - Filling up the DagBag from /opt/airflow/dags/sgfood_elt_dag.py
[2026-10-06T23:19:58.714+0000] {processor.py:840} INFO - DAG(s) 'sgfood_elt_pipeline' retrieved from /opt/airflow/dags/sgfood_elt_dag.py
[2026-10-06T23:19:58.783+0000] {logging_mixin.py:188} INFO - [2026-10-06T23:19:58.783+0000] {dag.py:3036} INFO - Sync 1 DAGs
[2026-10-06T23:19:58.853+0000] {logging_mixin.py:188} INFO - [2026-10-06T23:19:58.851+0000] {dag.py:3823} INFO - Setting next_dagrun for sgfood_elt_pipeline to 2026-10-06 03:00:00+00:00, run_after=2026-10-07 03:00:00+00:00
[2026-10-06T23:19:58.906+0000] {processor.py:183} INFO - Processing /opt/airflow/dags/sgfood_elt_dag.py took 0.280 seconds
[2026-10-06T23:20:30.010+0000] {processor.py:161} INFO - Started process (PID=395) to work on /opt/airflow/dags/sgfood_elt_dag.py
[2026-10-06T23:20:30.012+0000] {processor.py:830} INFO - Processing file /opt/airflow/dags/sgfood_elt_dag.py for tasks to queue
[2026-10-06T23:20:30.014+0000] {logging_mixin.py:188} INFO - [2026-10-06T23:20:30.013+0000] {dagbag.py:538} INFO - Filling up the DagBag from /opt/airflow/dags/sgfood_elt_dag.py
[2026-10-06T23:20:30.068+0000] {processor.py:840} INFO - DAG(s) 'sgfood_elt_pipeline' retrieved from /opt/airflow/dags/sgfood_elt_dag.py
[2026-10-06T23:20:30.113+0000] {logging_mixin.py:188} INFO - [2026-10-06T23:20:30.112+0000] {dag.py:3036} INFO - Sync 1 DAGs
[2026-10-06T23:20:30.161+0000] {logging_mixin.py:188} INFO - [2026-10-06T23:20:30.161+0000] {dag.py:3823} INFO - Setting next_dagrun for sgfood_elt_pipeline to 2026-10-06 03:00:00+00:00, run_after=2026-10-07 03:00:00+00:00
[2026-10-06T23:20:30.215+0000] {processor.py:183} INFO - Processing /opt/airflow/dags/sgfood_elt_dag.py took 0.219 seconds
[2026-10-06T23:20:57.551+0000] {processor.py:161} INFO - Started process (PID=396) to work on /opt/airflow/dags/sgfood_elt_dag.py
[2026-10-06T23:20:57.556+0000] {processor.py:830} INFO - Processing file /opt/airflow/dags/sgfood_elt_dag.py for tasks to queue
[2026-10-06T23:20:57.559+0000] {logging_mixin.py:188} INFO - [2026-10-06T23:20:57.558+0000] {dagbag.py:538} INFO - Filling up the DagBag from /opt/airflow/dags/sgfood_elt_dag.py
[2026-10-06T23:20:57.654+0000] {processor.py:840} INFO - DAG(s) 'sgfood_elt_pipeline' retrieved from /opt/airflow/dags/sgfood_elt_dag.py
[2026-10-06T23:20:57.710+0000] {logging_mixin.py:188} INFO - [2026-10-06T23:20:57.710+0000] {dag.py:3036} INFO - Sync 1 DAGs
[2026-10-06T23:20:57.752+0000] {logging_mixin.py:188} INFO - [2026-10-06T23:20:57.752+0000] {dag.py:3823} INFO - Setting next_dagrun for sgfood_elt_pipeline to 2026-10-06 03:00:00+00:00, run_after=2026-10-07 03:00:00+00:00
[2026-10-06T23:20:57.802+0000] {processor.py:183} INFO - Processing /opt/airflow/dags/sgfood_elt_dag.py took 0.259 seconds
[2026-10-06T23:21:28.397+0000] {processor.py:161} INFO - Started process (PID=397) to work on /opt/airflow/dags/sgfood_elt_dag.py
[2026-10-06T23:21:28.400+0000] {processor.py:830} INFO - Processing file /opt/airflow/dags/sgfood_elt_dag.py for tasks to queue
[2026-10-06T23:21:28.402+0000] {logging_mixin.py:188} INFO - [2026-10-06T23:21:28.402+0000] {dagbag.py:538} INFO - Filling up the DagBag from /opt/airflow/dags/sgfood_elt_dag.py
[2026-10-06T23:21:28.464+0000] {processor.py:840} INFO - DAG(s) 'sgfood_elt_pipeline' retrieved from /opt/airflow/dags/sgfood_elt_dag.py
[2026-10-06T23:21:28.516+0000] {logging_mixin.py:188} INFO - [2026-10-06T23:21:28.515+0000] {dag.py:3036} INFO - Sync 1 DAGs
[2026-10-06T23:21:28.573+0000] {logging_mixin.py:188} INFO - [2026-10-06T23:21:28.573+0000] {dag.py:3823} INFO - Setting next_dagrun for sgfood_elt_pipeline to 2026-10-06 03:00:00+00:00, run_after=2026-10-07 03:00:00+00:00
[2026-10-06T23:21:28.630+0000] {processor.py:183} INFO - Processing /opt/airflow/dags/sgfood_elt_dag.py took 0.240 seconds
[2026-10-06T23:21:52.658+0000] {processor.py:161} INFO - Started process (PID=398) to work on /opt/airflow/dags/sgfood_elt_dag.py
[2026-10-06T23:21:52.660+0000] {processor.py:830} INFO - Processing file /opt/airflow/dags/sgfood_elt_dag.py for tasks to queue
[2026-10-06T23:21:52.667+0000] {logging_mixin.py:188} INFO - [2026-10-06T23:21:52.664+0000] {dagbag.py:538} INFO - Filling up the DagBag from /opt/airflow/dags/sgfood_elt_dag.py
[2026-10-06T23:21:52.740+0000] {processor.py:840} INFO - DAG(s) 'sgfood_elt_pipeline' retrieved from /opt/airflow/dags/sgfood_elt_dag.py
[2026-10-06T23:21:52.786+0000] {logging_mixin.py:188} INFO - [2026-10-06T23:21:52.785+0000] {dag.py:3036} INFO - Sync 1 DAGs
[2026-10-06T23:21:52.826+0000] {logging_mixin.py:188} INFO - [2026-10-06T23:21:52.826+0000] {dag.py:3823} INFO - Setting next_dagrun for sgfood_elt_pipeline to 2026-10-06 03:00:00+00:00, run_after=2026-10-07 03:00:00+00:00
[2026-10-06T23:21:52.876+0000] {processor.py:183} INFO - Processing /opt/airflow/dags/sgfood_elt_dag.py took 0.223 seconds
[2026-10-06T23:22:16.132+0000] {processor.py:161} INFO - Started process (PID=399) to work on /opt/airflow/dags/sgfood_elt_dag.py
[2026-10-06T23:22:16.134+0000] {processor.py:830} INFO - Processing file /opt/airflow/dags/sgfood_elt_dag.py for tasks to queue
[2026-10-06T23:22:16.137+0000] {logging_mixin.py:188} INFO - [2026-10-06T23:22:16.136+0000] {dagbag.py:538} INFO - Filling up the DagBag from /opt/airflow/dags/sgfood_elt_dag.py
[2026-10-06T23:22:16.187+0000] {processor.py:840} INFO - DAG(s) 'sgfood_elt_pipeline' retrieved from /opt/airflow/dags/sgfood_elt_dag.py
[2026-10-06T23:22:16.254+0000] {logging_mixin.py:188} INFO - [2026-10-06T23:22:16.253+0000] {dag.py:3036} INFO - Sync 1 DAGs
[2026-10-06T23:22:16.316+0000] {logging_mixin.py:188} INFO - [2026-10-06T23:22:16.316+0000] {dag.py:3823} INFO - Setting next_dagrun for sgfood_elt_pipeline to 2026-10-06 03:00:00+00:00, run_after=2026-10-07 03:00:00+00:00
[2026-10-06T23:22:16.360+0000] {processor.py:183} INFO - Processing /opt/airflow/dags/sgfood_elt_dag.py took 0.246 seconds
[2026-10-06T23:22:46.585+0000] {processor.py:161} INFO - Started process (PID=400) to work on /opt/airflow/dags/sgfood_elt_dag.py
[2026-10-06T23:22:46.587+0000] {processor.py:830} INFO - Processing file /opt/airflow/dags/sgfood_elt_dag.py for tasks to queue
[2026-10-06T23:22:46.589+0000] {logging_mixin.py:188} INFO - [2026-10-06T23:22:46.589+0000] {dagbag.py:538} INFO - Filling up the DagBag from /opt/airflow/dags/sgfood_elt_dag.py
[2026-10-06T23:22:46.650+0000] {processor.py:840} INFO - DAG(s) 'sgfood_elt_pipeline' retrieved from /opt/airflow/dags/sgfood_elt_dag.py
[2026-10-06T23:22:46.705+0000] {logging_mixin.py:188} INFO - [2026-10-06T23:22:46.705+0000] {dag.py:3036} INFO - Sync 1 DAGs
[2026-10-06T23:22:46.749+0000] {logging_mixin.py:188} INFO - [2026-10-06T23:22:46.749+0000] {dag.py:3823} INFO - Setting next_dagrun for sgfood_elt_pipeline to 2026-10-06 03:00:00+00:00, run_after=2026-10-07 03:00:00+00:00
[2026-10-06T23:22:46.795+0000] {processor.py:183} INFO - Processing /opt/airflow/dags/sgfood_elt_dag.py took 0.215 seconds
[2026-10-06T23:23:10.663+0000] {processor.py:161} INFO - Started process (PID=401) to work on /opt/airflow/dags/sgfood_elt_dag.py
[2026-10-06T23:23:10.668+0000] {processor.py:830} INFO - Processing file /opt/airflow/dags/sgfood_elt_dag.py for tasks to queue
[2026-10-06T23:23:10.675+0000] {logging_mixin.py:188} INFO - [2026-10-06T23:23:10.672+0000] {dagbag.py:538} INFO - Filling up the DagBag from /opt/airflow/dags/sgfood_elt_dag.py
[2026-10-06T23:23:10.732+0000] {processor.py:840} INFO - DAG(s) 'sgfood_elt_pipeline' retrieved from /opt/airflow/dags/sgfood_elt_dag.py
[2026-10-06T23:23:10.774+0000] {logging_mixin.py:188} INFO - [2026-10-06T23:23:10.774+0000] {dag.py:3036} INFO - Sync 1 DAGs
[2026-10-06T23:23:10.817+0000] {logging_mixin.py:188} INFO - [2026-10-06T23:23:10.816+0000] {dag.py:3823} INFO - Setting next_dagrun for sgfood_elt_pipeline to 2026-10-06 03:00:00+00:00, run_after=2026-10-07 03:00:00+00:00
[2026-10-06T23:23:10.869+0000] {processor.py:183} INFO - Processing /opt/airflow/dags/sgfood_elt_dag.py took 0.212 seconds
[2026-10-06T23:23:37.962+0000] {processor.py:161} INFO - Started process (PID=402) to work on /opt/airflow/dags/sgfood_elt_dag.py
[2026-10-06T23:23:37.964+0000] {processor.py:830} INFO - Processing file /opt/airflow/dags/sgfood_elt_dag.py for tasks to queue
[2026-10-06T23:23:37.966+0000] {logging_mixin.py:188} INFO - [2026-10-06T23:23:37.966+0000] {dagbag.py:538} INFO - Filling up the DagBag from /opt/airflow/dags/sgfood_elt_dag.py
[2026-10-06T23:23:38.020+0000] {processor.py:840} INFO - DAG(s) 'sgfood_elt_pipeline' retrieved from /opt/airflow/dags/sgfood_elt_dag.py
[2026-10-06T23:23:38.090+0000] {logging_mixin.py:188} INFO - [2026-10-06T23:23:38.090+0000] {dag.py:3036} INFO - Sync 1 DAGs
[2026-10-06T23:23:38.137+0000] {logging_mixin.py:188} INFO - [2026-10-06T23:23:38.137+0000] {dag.py:3823} INFO - Setting next_dagrun for sgfood_elt_pipeline to 2026-10-06 03:00:00+00:00, run_after=2026-10-07 03:00:00+00:00
[2026-10-06T23:23:38.185+0000] {processor.py:183} INFO - Processing /opt/airflow/dags/sgfood_elt_dag.py took 0.231 seconds
[2026-10-06T23:24:10.926+0000] {processor.py:161} INFO - Started process (PID=403) to work on /opt/airflow/dags/sgfood_elt_dag.py
[2026-10-06T23:24:10.928+0000] {processor.py:830} INFO - Processing file /opt/airflow/dags/sgfood_elt_dag.py for tasks to queue
[2026-10-06T23:24:10.931+0000] {logging_mixin.py:188} INFO - [2026-10-06T23:24:10.930+0000] {dagbag.py:538} INFO - Filling up the DagBag from /opt/airflow/dags/sgfood_elt_dag.py
[2026-10-06T23:24:10.993+0000] {processor.py:840} INFO - DAG(s) 'sgfood_elt_pipeline' retrieved from /opt/airflow/dags/sgfood_elt_dag.py
[2026-10-06T23:24:02.836+0000] {logging_mixin.py:188} INFO - [2026-10-06T23:24:02.836+0000] {dag.py:3036} INFO - Sync 1 DAGs
[2026-10-06T23:24:02.918+0000] {logging_mixin.py:188} INFO - [2026-10-06T23:24:02.917+0000] {dag.py:3823} INFO - Setting next_dagrun for sgfood_elt_pipeline to 2026-10-06 03:00:00+00:00, run_after=2026-10-07 03:00:00+00:00
[2026-10-06T23:24:02.992+0000] {processor.py:183} INFO - Processing /opt/airflow/dags/sgfood_elt_dag.py took 0.282 seconds
[2026-10-06T23:24:36.012+0000] {processor.py:161} INFO - Started process (PID=404) to work on /opt/airflow/dags/sgfood_elt_dag.py
[2026-10-06T23:24:36.014+0000] {processor.py:830} INFO - Processing file /opt/airflow/dags/sgfood_elt_dag.py for tasks to queue
[2026-10-06T23:24:36.016+0000] {logging_mixin.py:188} INFO - [2026-10-06T23:24:36.015+0000] {dagbag.py:538} INFO - Filling up the DagBag from /opt/airflow/dags/sgfood_elt_dag.py
[2026-10-06T23:24:27.863+0000] {processor.py:840} INFO - DAG(s) 'sgfood_elt_pipeline' retrieved from /opt/airflow/dags/sgfood_elt_dag.py
[2026-10-06T23:24:27.926+0000] {logging_mixin.py:188} INFO - [2026-10-06T23:24:27.926+0000] {dag.py:3036} INFO - Sync 1 DAGs
[2026-10-06T23:24:27.994+0000] {logging_mixin.py:188} INFO - [2026-10-06T23:24:27.994+0000] {dag.py:3823} INFO - Setting next_dagrun for sgfood_elt_pipeline to 2026-10-06 03:00:00+00:00, run_after=2026-10-07 03:00:00+00:00
[2026-10-06T23:24:28.040+0000] {processor.py:183} INFO - Processing /opt/airflow/dags/sgfood_elt_dag.py took 0.247 seconds
[2026-10-06T23:24:59.064+0000] {processor.py:161} INFO - Started process (PID=405) to work on /opt/airflow/dags/sgfood_elt_dag.py
[2026-10-06T23:24:59.066+0000] {processor.py:830} INFO - Processing file /opt/airflow/dags/sgfood_elt_dag.py for tasks to queue
[2026-10-06T23:24:59.069+0000] {logging_mixin.py:188} INFO - [2026-10-06T23:24:59.068+0000] {dagbag.py:538} INFO - Filling up the DagBag from /opt/airflow/dags/sgfood_elt_dag.py
[2026-10-06T23:24:59.139+0000] {processor.py:840} INFO - DAG(s) 'sgfood_elt_pipeline' retrieved from /opt/airflow/dags/sgfood_elt_dag.py
[2026-10-06T23:24:59.190+0000] {logging_mixin.py:188} INFO - [2026-10-06T23:24:59.189+0000] {dag.py:3036} INFO - Sync 1 DAGs
[2026-10-06T23:24:59.236+0000] {logging_mixin.py:188} INFO - [2026-10-06T23:24:59.235+0000] {dag.py:3823} INFO - Setting next_dagrun for sgfood_elt_pipeline to 2026-10-06 03:00:00+00:00, run_after=2026-10-07 03:00:00+00:00
[2026-10-06T23:24:59.285+0000] {processor.py:183} INFO - Processing /opt/airflow/dags/sgfood_elt_dag.py took 0.230 seconds
[2026-10-06T23:25:30.392+0000] {processor.py:161} INFO - Started process (PID=406) to work on /opt/airflow/dags/sgfood_elt_dag.py
[2026-10-06T23:25:30.394+0000] {processor.py:830} INFO - Processing file /opt/airflow/dags/sgfood_elt_dag.py for tasks to queue
[2026-10-06T23:25:30.397+0000] {logging_mixin.py:188} INFO - [2026-10-06T23:25:30.396+0000] {dagbag.py:538} INFO - Filling up the DagBag from /opt/airflow/dags/sgfood_elt_dag.py
[2026-10-06T23:25:30.450+0000] {processor.py:840} INFO - DAG(s) 'sgfood_elt_pipeline' retrieved from /opt/airflow/dags/sgfood_elt_dag.py
[2026-10-06T23:25:30.492+0000] {logging_mixin.py:188} INFO - [2026-10-06T23:25:30.491+0000] {dag.py:3036} INFO - Sync 1 DAGs
[2026-10-06T23:25:30.536+0000] {logging_mixin.py:188} INFO - [2026-10-06T23:25:30.536+0000] {dag.py:3823} INFO - Setting next_dagrun for sgfood_elt_pipeline to 2026-10-06 03:00:00+00:00, run_after=2026-10-07 03:00:00+00:00
[2026-10-06T23:25:30.583+0000] {processor.py:183} INFO - Processing /opt/airflow/dags/sgfood_elt_dag.py took 0.196 seconds
[2026-10-06T23:26:06.178+0000] {processor.py:161} INFO - Started process (PID=407) to work on /opt/airflow/dags/sgfood_elt_dag.py
[2026-10-06T23:26:06.180+0000] {processor.py:830} INFO - Processing file /opt/airflow/dags/sgfood_elt_dag.py for tasks to queue
[2026-10-06T23:26:06.182+0000] {logging_mixin.py:188} INFO - [2026-10-06T23:26:06.181+0000] {dagbag.py:538} INFO - Filling up the DagBag from /opt/airflow/dags/sgfood_elt_dag.py
[2026-10-06T23:26:06.238+0000] {processor.py:840} INFO - DAG(s) 'sgfood_elt_pipeline' retrieved from /opt/airflow/dags/sgfood_elt_dag.py
[2026-10-06T23:25:58.073+0000] {logging_mixin.py:188} INFO - [2026-10-06T23:25:58.073+0000] {dag.py:3036} INFO - Sync 1 DAGs
[2026-10-06T23:25:58.120+0000] {logging_mixin.py:188} INFO - [2026-10-06T23:25:58.120+0000] {dag.py:3823} INFO - Setting next_dagrun for sgfood_elt_pipeline to 2026-10-06 03:00:00+00:00, run_after=2026-10-07 03:00:00+00:00
[2026-10-06T23:25:58.167+0000] {processor.py:183} INFO - Processing /opt/airflow/dags/sgfood_elt_dag.py took 0.208 seconds
[2026-10-06T23:26:23.083+0000] {processor.py:161} INFO - Started process (PID=408) to work on /opt/airflow/dags/sgfood_elt_dag.py
[2026-10-06T23:26:23.085+0000] {processor.py:830} INFO - Processing file /opt/airflow/dags/sgfood_elt_dag.py for tasks to queue
[2026-10-06T23:26:23.087+0000] {logging_mixin.py:188} INFO - [2026-10-06T23:26:23.087+0000] {dagbag.py:538} INFO - Filling up the DagBag from /opt/airflow/dags/sgfood_elt_dag.py
[2026-10-06T23:26:23.136+0000] {processor.py:840} INFO - DAG(s) 'sgfood_elt_pipeline' retrieved from /opt/airflow/dags/sgfood_elt_dag.py
[2026-10-06T23:26:23.178+0000] {logging_mixin.py:188} INFO - [2026-10-06T23:26:23.178+0000] {dag.py:3036} INFO - Sync 1 DAGs
[2026-10-06T23:26:23.220+0000] {logging_mixin.py:188} INFO - [2026-10-06T23:26:23.219+0000] {dag.py:3823} INFO - Setting next_dagrun for sgfood_elt_pipeline to 2026-10-06 03:00:00+00:00, run_after=2026-10-07 03:00:00+00:00
[2026-10-06T23:26:23.266+0000] {processor.py:183} INFO - Processing /opt/airflow/dags/sgfood_elt_dag.py took 0.188 seconds
[2026-10-06T23:26:53.440+0000] {processor.py:161} INFO - Started process (PID=409) to work on /opt/airflow/dags/sgfood_elt_dag.py
[2026-10-06T23:26:53.442+0000] {processor.py:830} INFO - Processing file /opt/airflow/dags/sgfood_elt_dag.py for tasks to queue
[2026-10-06T23:26:53.445+0000] {logging_mixin.py:188} INFO - [2026-10-06T23:26:53.444+0000] {dagbag.py:538} INFO - Filling up the DagBag from /opt/airflow/dags/sgfood_elt_dag.py
[2026-10-06T23:26:53.502+0000] {processor.py:840} INFO - DAG(s) 'sgfood_elt_pipeline' retrieved from /opt/airflow/dags/sgfood_elt_dag.py
[2026-10-06T23:26:53.557+0000] {logging_mixin.py:188} INFO - [2026-10-06T23:26:53.557+0000] {dag.py:3036} INFO - Sync 1 DAGs
[2026-10-06T23:26:53.606+0000] {logging_mixin.py:188} INFO - [2026-10-06T23:26:53.605+0000] {dag.py:3823} INFO - Setting next_dagrun for sgfood_elt_pipeline to 2026-10-06 03:00:00+00:00, run_after=2026-10-07 03:00:00+00:00
[2026-10-06T23:26:53.657+0000] {processor.py:183} INFO - Processing /opt/airflow/dags/sgfood_elt_dag.py took 0.221 seconds
[2026-10-06T23:27:24.509+0000] {processor.py:161} INFO - Started process (PID=410) to work on /opt/airflow/dags/sgfood_elt_dag.py
[2026-10-06T23:27:24.511+0000] {processor.py:830} INFO - Processing file /opt/airflow/dags/sgfood_elt_dag.py for tasks to queue
[2026-10-06T23:27:24.513+0000] {logging_mixin.py:188} INFO - [2026-10-06T23:27:24.512+0000] {dagbag.py:538} INFO - Filling up the DagBag from /opt/airflow/dags/sgfood_elt_dag.py
[2026-10-06T23:27:24.564+0000] {processor.py:840} INFO - DAG(s) 'sgfood_elt_pipeline' retrieved from /opt/airflow/dags/sgfood_elt_dag.py
[2026-10-06T23:27:24.608+0000] {logging_mixin.py:188} INFO - [2026-10-06T23:27:24.608+0000] {dag.py:3036} INFO - Sync 1 DAGs
[2026-10-06T23:27:24.654+0000] {logging_mixin.py:188} INFO - [2026-10-06T23:27:24.653+0000] {dag.py:3823} INFO - Setting next_dagrun for sgfood_elt_pipeline to 2026-10-06 03:00:00+00:00, run_after=2026-10-07 03:00:00+00:00
[2026-10-06T23:27:24.703+0000] {processor.py:183} INFO - Processing /opt/airflow/dags/sgfood_elt_dag.py took 0.199 seconds
[2026-10-06T23:27:55.597+0000] {processor.py:161} INFO - Started process (PID=411) to work on /opt/airflow/dags/sgfood_elt_dag.py
[2026-10-06T23:27:55.600+0000] {processor.py:830} INFO - Processing file /opt/airflow/dags/sgfood_elt_dag.py for tasks to queue
[2026-10-06T23:27:55.602+0000] {logging_mixin.py:188} INFO - [2026-10-06T23:27:55.602+0000] {dagbag.py:538} INFO - Filling up the DagBag from /opt/airflow/dags/sgfood_elt_dag.py
[2026-10-06T23:27:55.654+0000] {processor.py:840} INFO - DAG(s) 'sgfood_elt_pipeline' retrieved from /opt/airflow/dags/sgfood_elt_dag.py
[2026-10-06T23:27:55.704+0000] {logging_mixin.py:188} INFO - [2026-10-06T23:27:55.703+0000] {dag.py:3036} INFO - Sync 1 DAGs
[2026-10-06T23:27:55.751+0000] {logging_mixin.py:188} INFO - [2026-10-06T23:27:55.751+0000] {dag.py:3823} INFO - Setting next_dagrun for sgfood_elt_pipeline to 2026-10-06 03:00:00+00:00, run_after=2026-10-07 03:00:00+00:00
[2026-10-06T23:27:55.802+0000] {processor.py:183} INFO - Processing /opt/airflow/dags/sgfood_elt_dag.py took 0.209 seconds
[2026-10-06T23:28:25.936+0000] {processor.py:161} INFO - Started process (PID=412) to work on /opt/airflow/dags/sgfood_elt_dag.py
[2026-10-06T23:28:25.938+0000] {processor.py:830} INFO - Processing file /opt/airflow/dags/sgfood_elt_dag.py for tasks to queue
[2026-10-06T23:28:25.940+0000] {logging_mixin.py:188} INFO - [2026-10-06T23:28:25.940+0000] {dagbag.py:538} INFO - Filling up the DagBag from /opt/airflow/dags/sgfood_elt_dag.py
[2026-10-06T23:28:25.993+0000] {processor.py:840} INFO - DAG(s) 'sgfood_elt_pipeline' retrieved from /opt/airflow/dags/sgfood_elt_dag.py
[2026-10-06T23:28:26.034+0000] {logging_mixin.py:188} INFO - [2026-10-06T23:28:26.034+0000] {dag.py:3036} INFO - Sync 1 DAGs
[2026-10-06T23:28:26.072+0000] {logging_mixin.py:188} INFO - [2026-10-06T23:28:26.071+0000] {dag.py:3823} INFO - Setting next_dagrun for sgfood_elt_pipeline to 2026-10-06 03:00:00+00:00, run_after=2026-10-07 03:00:00+00:00
[2026-10-06T23:28:26.121+0000] {processor.py:183} INFO - Processing /opt/airflow/dags/sgfood_elt_dag.py took 0.190 seconds
[2026-10-06T23:28:57.268+0000] {processor.py:161} INFO - Started process (PID=413) to work on /opt/airflow/dags/sgfood_elt_dag.py
[2026-10-06T23:28:57.270+0000] {processor.py:830} INFO - Processing file /opt/airflow/dags/sgfood_elt_dag.py for tasks to queue
[2026-10-06T23:28:57.272+0000] {logging_mixin.py:188} INFO - [2026-10-06T23:28:57.272+0000] {dagbag.py:538} INFO - Filling up the DagBag from /opt/airflow/dags/sgfood_elt_dag.py
[2026-10-06T23:28:57.325+0000] {processor.py:840} INFO - DAG(s) 'sgfood_elt_pipeline' retrieved from /opt/airflow/dags/sgfood_elt_dag.py
[2026-10-06T23:28:57.378+0000] {logging_mixin.py:188} INFO - [2026-10-06T23:28:57.378+0000] {dag.py:3036} INFO - Sync 1 DAGs
[2026-10-06T23:28:57.423+0000] {logging_mixin.py:188} INFO - [2026-10-06T23:28:57.423+0000] {dag.py:3823} INFO - Setting next_dagrun for sgfood_elt_pipeline to 2026-10-06 03:00:00+00:00, run_after=2026-10-07 03:00:00+00:00
[2026-10-06T23:28:57.473+0000] {processor.py:183} INFO - Processing /opt/airflow/dags/sgfood_elt_dag.py took 0.210 seconds
[2026-10-06T23:29:27.737+0000] {processor.py:161} INFO - Started process (PID=414) to work on /opt/airflow/dags/sgfood_elt_dag.py
[2026-10-06T23:29:27.740+0000] {processor.py:830} INFO - Processing file /opt/airflow/dags/sgfood_elt_dag.py for tasks to queue
[2026-10-06T23:29:27.742+0000] {logging_mixin.py:188} INFO - [2026-10-06T23:29:27.741+0000] {dagbag.py:538} INFO - Filling up the DagBag from /opt/airflow/dags/sgfood_elt_dag.py
[2026-10-06T23:29:27.796+0000] {processor.py:840} INFO - DAG(s) 'sgfood_elt_pipeline' retrieved from /opt/airflow/dags/sgfood_elt_dag.py
[2026-10-06T23:29:27.836+0000] {logging_mixin.py:188} INFO - [2026-10-06T23:29:27.835+0000] {dag.py:3036} INFO - Sync 1 DAGs
[2026-10-06T23:29:27.876+0000] {logging_mixin.py:188} INFO - [2026-10-06T23:29:27.876+0000] {dag.py:3823} INFO - Setting next_dagrun for sgfood_elt_pipeline to 2026-10-06 03:00:00+00:00, run_after=2026-10-07 03:00:00+00:00
[2026-10-06T23:29:27.925+0000] {processor.py:183} INFO - Processing /opt/airflow/dags/sgfood_elt_dag.py took 0.193 seconds
[2026-10-06T23:29:58.567+0000] {processor.py:161} INFO - Started process (PID=415) to work on /opt/airflow/dags/sgfood_elt_dag.py
[2026-10-06T23:29:58.570+0000] {processor.py:830} INFO - Processing file /opt/airflow/dags/sgfood_elt_dag.py for tasks to queue
[2026-10-06T23:29:58.572+0000] {logging_mixin.py:188} INFO - [2026-10-06T23:29:58.571+0000] {dagbag.py:538} INFO - Filling up the DagBag from /opt/airflow/dags/sgfood_elt_dag.py
[2026-10-06T23:29:58.623+0000] {processor.py:840} INFO - DAG(s) 'sgfood_elt_pipeline' retrieved from /opt/airflow/dags/sgfood_elt_dag.py
[2026-10-06T23:29:58.670+0000] {logging_mixin.py:188} INFO - [2026-10-06T23:29:58.670+0000] {dag.py:3036} INFO - Sync 1 DAGs
[2026-10-06T23:29:58.717+0000] {logging_mixin.py:188} INFO - [2026-10-06T23:29:58.716+0000] {dag.py:3823} INFO - Setting next_dagrun for sgfood_elt_pipeline to 2026-10-06 03:00:00+00:00, run_after=2026-10-07 03:00:00+00:00
[2026-10-06T23:30:06.494+0000] {processor.py:183} INFO - Processing /opt/airflow/dags/sgfood_elt_dag.py took 0.202 seconds
[2026-10-06T23:30:37.251+0000] {processor.py:161} INFO - Started process (PID=416) to work on /opt/airflow/dags/sgfood_elt_dag.py
[2026-10-06T23:30:37.253+0000] {processor.py:830} INFO - Processing file /opt/airflow/dags/sgfood_elt_dag.py for tasks to queue
[2026-10-06T23:30:37.256+0000] {logging_mixin.py:188} INFO - [2026-10-06T23:30:37.255+0000] {dagbag.py:538} INFO - Filling up the DagBag from /opt/airflow/dags/sgfood_elt_dag.py
[2026-10-06T23:30:37.308+0000] {processor.py:840} INFO - DAG(s) 'sgfood_elt_pipeline' retrieved from /opt/airflow/dags/sgfood_elt_dag.py
[2026-10-06T23:30:37.350+0000] {logging_mixin.py:188} INFO - [2026-10-06T23:30:37.350+0000] {dag.py:3036} INFO - Sync 1 DAGs
[2026-10-06T23:30:37.396+0000] {logging_mixin.py:188} INFO - [2026-10-06T23:30:37.395+0000] {dag.py:3823} INFO - Setting next_dagrun for sgfood_elt_pipeline to 2026-10-06 03:00:00+00:00, run_after=2026-10-07 03:00:00+00:00
[2026-10-06T23:30:37.444+0000] {processor.py:183} INFO - Processing /opt/airflow/dags/sgfood_elt_dag.py took 0.198 seconds
[2026-10-06T23:31:08.674+0000] {processor.py:161} INFO - Started process (PID=417) to work on /opt/airflow/dags/sgfood_elt_dag.py
[2026-10-06T23:31:08.676+0000] {processor.py:830} INFO - Processing file /opt/airflow/dags/sgfood_elt_dag.py for tasks to queue
[2026-10-06T23:31:08.678+0000] {logging_mixin.py:188} INFO - [2026-10-06T23:31:08.677+0000] {dagbag.py:538} INFO - Filling up the DagBag from /opt/airflow/dags/sgfood_elt_dag.py
[2026-10-06T23:31:08.726+0000] {processor.py:840} INFO - DAG(s) 'sgfood_elt_pipeline' retrieved from /opt/airflow/dags/sgfood_elt_dag.py
[2026-10-06T23:31:08.771+0000] {logging_mixin.py:188} INFO - [2026-10-06T23:31:08.770+0000] {dag.py:3036} INFO - Sync 1 DAGs
[2026-10-06T23:31:08.813+0000] {logging_mixin.py:188} INFO - [2026-10-06T23:31:08.813+0000] {dag.py:3823} INFO - Setting next_dagrun for sgfood_elt_pipeline to 2026-10-06 03:00:00+00:00, run_after=2026-10-07 03:00:00+00:00
[2026-10-06T23:31:08.863+0000] {processor.py:183} INFO - Processing /opt/airflow/dags/sgfood_elt_dag.py took 0.194 seconds
[2026-10-06T23:31:46.759+0000] {processor.py:161} INFO - Started process (PID=418) to work on /opt/airflow/dags/sgfood_elt_dag.py
[2026-10-06T23:31:46.761+0000] {processor.py:830} INFO - Processing file /opt/airflow/dags/sgfood_elt_dag.py for tasks to queue
[2026-10-06T23:31:46.763+0000] {logging_mixin.py:188} INFO - [2026-10-06T23:31:46.762+0000] {dagbag.py:538} INFO - Filling up the DagBag from /opt/airflow/dags/sgfood_elt_dag.py
[2026-10-06T23:31:46.815+0000] {processor.py:840} INFO - DAG(s) 'sgfood_elt_pipeline' retrieved from /opt/airflow/dags/sgfood_elt_dag.py
[2026-10-06T23:31:38.631+0000] {logging_mixin.py:188} INFO - [2026-10-06T23:31:38.631+0000] {dag.py:3036} INFO - Sync 1 DAGs
[2026-10-06T23:31:38.679+0000] {logging_mixin.py:188} INFO - [2026-10-06T23:31:38.678+0000] {dag.py:3823} INFO - Setting next_dagrun for sgfood_elt_pipeline to 2026-10-06 03:00:00+00:00, run_after=2026-10-07 03:00:00+00:00
[2026-10-06T23:31:38.724+0000] {processor.py:183} INFO - Processing /opt/airflow/dags/sgfood_elt_dag.py took 0.202 seconds
[2026-10-06T23:32:16.836+0000] {processor.py:161} INFO - Started process (PID=419) to work on /opt/airflow/dags/sgfood_elt_dag.py
[2026-10-06T23:32:16.839+0000] {processor.py:830} INFO - Processing file /opt/airflow/dags/sgfood_elt_dag.py for tasks to queue
[2026-10-06T23:32:16.842+0000] {logging_mixin.py:188} INFO - [2026-10-06T23:32:16.841+0000] {dagbag.py:538} INFO - Filling up the DagBag from /opt/airflow/dags/sgfood_elt_dag.py
[2026-10-06T23:32:08.660+0000] {processor.py:840} INFO - DAG(s) 'sgfood_elt_pipeline' retrieved from /opt/airflow/dags/sgfood_elt_dag.py
[2026-10-06T23:32:08.707+0000] {logging_mixin.py:188} INFO - [2026-10-06T23:32:08.707+0000] {dag.py:3036} INFO - Sync 1 DAGs
[2026-10-06T23:32:08.756+0000] {logging_mixin.py:188} INFO - [2026-10-06T23:32:08.756+0000] {dag.py:3823} INFO - Setting next_dagrun for sgfood_elt_pipeline to 2026-10-06 03:00:00+00:00, run_after=2026-10-07 03:00:00+00:00
[2026-10-06T23:32:08.800+0000] {processor.py:183} INFO - Processing /opt/airflow/dags/sgfood_elt_dag.py took 0.203 seconds
[2026-10-06T23:32:46.876+0000] {processor.py:161} INFO - Started process (PID=420) to work on /opt/airflow/dags/sgfood_elt_dag.py
[2026-10-06T23:32:46.878+0000] {processor.py:830} INFO - Processing file /opt/airflow/dags/sgfood_elt_dag.py for tasks to queue
[2026-10-06T23:32:46.881+0000] {logging_mixin.py:188} INFO - [2026-10-06T23:32:46.880+0000] {dagbag.py:538} INFO - Filling up the DagBag from /opt/airflow/dags/sgfood_elt_dag.py
[2026-10-06T23:32:46.931+0000] {processor.py:840} INFO - DAG(s) 'sgfood_elt_pipeline' retrieved from /opt/airflow/dags/sgfood_elt_dag.py
[2026-10-06T23:32:38.740+0000] {logging_mixin.py:188} INFO - [2026-10-06T23:32:38.739+0000] {dag.py:3036} INFO - Sync 1 DAGs
[2026-10-06T23:32:38.781+0000] {logging_mixin.py:188} INFO - [2026-10-06T23:32:38.781+0000] {dag.py:3823} INFO - Setting next_dagrun for sgfood_elt_pipeline to 2026-10-06 03:00:00+00:00, run_after=2026-10-07 03:00:00+00:00
[2026-10-06T23:32:38.826+0000] {processor.py:183} INFO - Processing /opt/airflow/dags/sgfood_elt_dag.py took 0.189 seconds
[2026-10-06T23:33:12.179+0000] {processor.py:161} INFO - Started process (PID=421) to work on /opt/airflow/dags/sgfood_elt_dag.py
[2026-10-06T23:33:12.182+0000] {processor.py:830} INFO - Processing file /opt/airflow/dags/sgfood_elt_dag.py for tasks to queue
[2026-10-06T23:33:12.187+0000] {logging_mixin.py:188} INFO - [2026-10-06T23:33:12.184+0000] {dagbag.py:538} INFO - Filling up the DagBag from /opt/airflow/dags/sgfood_elt_dag.py
[2026-10-06T23:33:12.264+0000] {processor.py:840} INFO - DAG(s) 'sgfood_elt_pipeline' retrieved from /opt/airflow/dags/sgfood_elt_dag.py
[2026-10-06T23:33:12.342+0000] {logging_mixin.py:188} INFO - [2026-10-06T23:33:12.342+0000] {dag.py:3036} INFO - Sync 1 DAGs
[2026-10-06T23:33:12.432+0000] {logging_mixin.py:188} INFO - [2026-10-06T23:33:12.431+0000] {dag.py:3823} INFO - Setting next_dagrun for sgfood_elt_pipeline to 2026-10-06 03:00:00+00:00, run_after=2026-10-07 03:00:00+00:00
[2026-10-06T23:33:12.504+0000] {processor.py:183} INFO - Processing /opt/airflow/dags/sgfood_elt_dag.py took 0.354 seconds
[2026-10-06T23:33:47.025+0000] {processor.py:161} INFO - Started process (PID=422) to work on /opt/airflow/dags/sgfood_elt_dag.py
[2026-10-06T23:33:47.027+0000] {processor.py:830} INFO - Processing file /opt/airflow/dags/sgfood_elt_dag.py for tasks to queue
[2026-10-06T23:33:47.030+0000] {logging_mixin.py:188} INFO - [2026-10-06T23:33:47.029+0000] {dagbag.py:538} INFO - Filling up the DagBag from /opt/airflow/dags/sgfood_elt_dag.py
[2026-10-06T23:33:38.853+0000] {processor.py:840} INFO - DAG(s) 'sgfood_elt_pipeline' retrieved from /opt/airflow/dags/sgfood_elt_dag.py
[2026-10-06T23:33:38.921+0000] {logging_mixin.py:188} INFO - [2026-10-06T23:33:38.920+0000] {dag.py:3036} INFO - Sync 1 DAGs
[2026-10-06T23:33:39.003+0000] {logging_mixin.py:188} INFO - [2026-10-06T23:33:39.002+0000] {dag.py:3823} INFO - Setting next_dagrun for sgfood_elt_pipeline to 2026-10-06 03:00:00+00:00, run_after=2026-10-07 03:00:00+00:00
[2026-10-06T23:33:39.104+0000] {processor.py:183} INFO - Processing /opt/airflow/dags/sgfood_elt_dag.py took 0.326 seconds
[2026-10-06T23:34:17.089+0000] {processor.py:161} INFO - Started process (PID=423) to work on /opt/airflow/dags/sgfood_elt_dag.py
[2026-10-06T23:34:17.093+0000] {processor.py:830} INFO - Processing file /opt/airflow/dags/sgfood_elt_dag.py for tasks to queue
[2026-10-06T23:34:17.097+0000] {logging_mixin.py:188} INFO - [2026-10-06T23:34:17.096+0000] {dagbag.py:538} INFO - Filling up the DagBag from /opt/airflow/dags/sgfood_elt_dag.py
[2026-10-06T23:34:08.951+0000] {processor.py:840} INFO - DAG(s) 'sgfood_elt_pipeline' retrieved from /opt/airflow/dags/sgfood_elt_dag.py
[2026-10-06T23:34:09.005+0000] {logging_mixin.py:188} INFO - [2026-10-06T23:34:09.004+0000] {dag.py:3036} INFO - Sync 1 DAGs
[2026-10-06T23:34:09.060+0000] {logging_mixin.py:188} INFO - [2026-10-06T23:34:09.059+0000] {dag.py:3823} INFO - Setting next_dagrun for sgfood_elt_pipeline to 2026-10-06 03:00:00+00:00, run_after=2026-10-07 03:00:00+00:00
[2026-10-06T23:34:09.128+0000] {processor.py:183} INFO - Processing /opt/airflow/dags/sgfood_elt_dag.py took 0.272 seconds
[2026-10-06T23:34:33.013+0000] {processor.py:161} INFO - Started process (PID=424) to work on /opt/airflow/dags/sgfood_elt_dag.py
[2026-10-06T23:34:33.023+0000] {processor.py:830} INFO - Processing file /opt/airflow/dags/sgfood_elt_dag.py for tasks to queue
[2026-10-06T23:34:33.028+0000] {logging_mixin.py:188} INFO - [2026-10-06T23:34:33.026+0000] {dagbag.py:538} INFO - Filling up the DagBag from /opt/airflow/dags/sgfood_elt_dag.py
[2026-10-06T23:34:33.093+0000] {processor.py:840} INFO - DAG(s) 'sgfood_elt_pipeline' retrieved from /opt/airflow/dags/sgfood_elt_dag.py
[2026-10-06T23:34:33.159+0000] {logging_mixin.py:188} INFO - [2026-10-06T23:34:33.159+0000] {dag.py:3036} INFO - Sync 1 DAGs
[2026-10-06T23:34:33.213+0000] {logging_mixin.py:188} INFO - [2026-10-06T23:34:33.212+0000] {dag.py:3823} INFO - Setting next_dagrun for sgfood_elt_pipeline to 2026-10-06 03:00:00+00:00, run_after=2026-10-07 03:00:00+00:00
[2026-10-06T23:34:33.265+0000] {processor.py:183} INFO - Processing /opt/airflow/dags/sgfood_elt_dag.py took 0.265 seconds
[2026-10-06T23:35:03.538+0000] {processor.py:161} INFO - Started process (PID=425) to work on /opt/airflow/dags/sgfood_elt_dag.py
[2026-10-06T23:35:03.541+0000] {processor.py:830} INFO - Processing file /opt/airflow/dags/sgfood_elt_dag.py for tasks to queue
[2026-10-06T23:35:03.543+0000] {logging_mixin.py:188} INFO - [2026-10-06T23:35:03.542+0000] {dagbag.py:538} INFO - Filling up the DagBag from /opt/airflow/dags/sgfood_elt_dag.py
[2026-10-06T23:35:03.606+0000] {processor.py:840} INFO - DAG(s) 'sgfood_elt_pipeline' retrieved from /opt/airflow/dags/sgfood_elt_dag.py
[2026-10-06T23:35:03.646+0000] {logging_mixin.py:188} INFO - [2026-10-06T23:35:03.646+0000] {dag.py:3036} INFO - Sync 1 DAGs
[2026-10-06T23:35:03.685+0000] {logging_mixin.py:188} INFO - [2026-10-06T23:35:03.685+0000] {dag.py:3823} INFO - Setting next_dagrun for sgfood_elt_pipeline to 2026-10-06 03:00:00+00:00, run_after=2026-10-07 03:00:00+00:00
[2026-10-06T23:35:03.734+0000] {processor.py:183} INFO - Processing /opt/airflow/dags/sgfood_elt_dag.py took 0.200 seconds
[2026-10-06T23:35:34.274+0000] {processor.py:161} INFO - Started process (PID=426) to work on /opt/airflow/dags/sgfood_elt_dag.py
[2026-10-06T23:35:34.277+0000] {processor.py:830} INFO - Processing file /opt/airflow/dags/sgfood_elt_dag.py for tasks to queue
[2026-10-06T23:35:34.279+0000] {logging_mixin.py:188} INFO - [2026-10-06T23:35:34.278+0000] {dagbag.py:538} INFO - Filling up the DagBag from /opt/airflow/dags/sgfood_elt_dag.py
[2026-10-06T23:35:34.328+0000] {processor.py:840} INFO - DAG(s) 'sgfood_elt_pipeline' retrieved from /opt/airflow/dags/sgfood_elt_dag.py
[2026-10-06T23:35:34.373+0000] {logging_mixin.py:188} INFO - [2026-10-06T23:35:34.372+0000] {dag.py:3036} INFO - Sync 1 DAGs
[2026-10-06T23:35:42.166+0000] {logging_mixin.py:188} INFO - [2026-10-06T23:35:42.165+0000] {dag.py:3823} INFO - Setting next_dagrun for sgfood_elt_pipeline to 2026-10-06 03:00:00+00:00, run_after=2026-10-07 03:00:00+00:00
[2026-10-06T23:35:42.217+0000] {processor.py:183} INFO - Processing /opt/airflow/dags/sgfood_elt_dag.py took 0.204 seconds
[2026-10-06T23:36:12.672+0000] {processor.py:161} INFO - Started process (PID=427) to work on /opt/airflow/dags/sgfood_elt_dag.py
[2026-10-06T23:36:12.674+0000] {processor.py:830} INFO - Processing file /opt/airflow/dags/sgfood_elt_dag.py for tasks to queue
[2026-10-06T23:36:12.677+0000] {logging_mixin.py:188} INFO - [2026-10-06T23:36:12.676+0000] {dagbag.py:538} INFO - Filling up the DagBag from /opt/airflow/dags/sgfood_elt_dag.py
[2026-10-06T23:36:12.742+0000] {processor.py:840} INFO - DAG(s) 'sgfood_elt_pipeline' retrieved from /opt/airflow/dags/sgfood_elt_dag.py
[2026-10-06T23:36:12.793+0000] {logging_mixin.py:188} INFO - [2026-10-06T23:36:12.793+0000] {dag.py:3036} INFO - Sync 1 DAGs
[2026-10-06T23:36:12.839+0000] {logging_mixin.py:188} INFO - [2026-10-06T23:36:12.839+0000] {dag.py:3823} INFO - Setting next_dagrun for sgfood_elt_pipeline to 2026-10-06 03:00:00+00:00, run_after=2026-10-07 03:00:00+00:00
[2026-10-06T23:36:12.887+0000] {processor.py:183} INFO - Processing /opt/airflow/dags/sgfood_elt_dag.py took 0.220 seconds
[2026-10-06T23:36:43.761+0000] {processor.py:161} INFO - Started process (PID=428) to work on /opt/airflow/dags/sgfood_elt_dag.py
[2026-10-06T23:36:43.763+0000] {processor.py:830} INFO - Processing file /opt/airflow/dags/sgfood_elt_dag.py for tasks to queue
[2026-10-06T23:36:43.765+0000] {logging_mixin.py:188} INFO - [2026-10-06T23:36:43.765+0000] {dagbag.py:538} INFO - Filling up the DagBag from /opt/airflow/dags/sgfood_elt_dag.py
[2026-10-06T23:36:43.817+0000] {processor.py:840} INFO - DAG(s) 'sgfood_elt_pipeline' retrieved from /opt/airflow/dags/sgfood_elt_dag.py
[2026-10-06T23:36:43.873+0000] {logging_mixin.py:188} INFO - [2026-10-06T23:36:43.873+0000] {dag.py:3036} INFO - Sync 1 DAGs
[2026-10-06T23:36:43.918+0000] {logging_mixin.py:188} INFO - [2026-10-06T23:36:43.917+0000] {dag.py:3823} INFO - Setting next_dagrun for sgfood_elt_pipeline to 2026-10-06 03:00:00+00:00, run_after=2026-10-07 03:00:00+00:00
[2026-10-06T23:36:43.968+0000] {processor.py:183} INFO - Processing /opt/airflow/dags/sgfood_elt_dag.py took 0.212 seconds
[2026-10-06T23:37:14.428+0000] {processor.py:161} INFO - Started process (PID=429) to work on /opt/airflow/dags/sgfood_elt_dag.py
[2026-10-06T23:37:14.431+0000] {processor.py:830} INFO - Processing file /opt/airflow/dags/sgfood_elt_dag.py for tasks to queue
[2026-10-06T23:37:14.434+0000] {logging_mixin.py:188} INFO - [2026-10-06T23:37:14.433+0000] {dagbag.py:538} INFO - Filling up the DagBag from /opt/airflow/dags/sgfood_elt_dag.py
[2026-10-06T23:37:14.483+0000] {processor.py:840} INFO - DAG(s) 'sgfood_elt_pipeline' retrieved from /opt/airflow/dags/sgfood_elt_dag.py
[2026-10-06T23:37:14.542+0000] {logging_mixin.py:188} INFO - [2026-10-06T23:37:14.542+0000] {dag.py:3036} INFO - Sync 1 DAGs
[2026-10-06T23:37:14.586+0000] {logging_mixin.py:188} INFO - [2026-10-06T23:37:14.585+0000] {dag.py:3823} INFO - Setting next_dagrun for sgfood_elt_pipeline to 2026-10-06 03:00:00+00:00, run_after=2026-10-07 03:00:00+00:00
[2026-10-06T23:37:14.633+0000] {processor.py:183} INFO - Processing /opt/airflow/dags/sgfood_elt_dag.py took 0.216 seconds
[2026-10-06T23:37:45.605+0000] {processor.py:161} INFO - Started process (PID=430) to work on /opt/airflow/dags/sgfood_elt_dag.py
[2026-10-06T23:37:45.608+0000] {processor.py:830} INFO - Processing file /opt/airflow/dags/sgfood_elt_dag.py for tasks to queue
[2026-10-06T23:37:45.611+0000] {logging_mixin.py:188} INFO - [2026-10-06T23:37:45.610+0000] {dagbag.py:538} INFO - Filling up the DagBag from /opt/airflow/dags/sgfood_elt_dag.py
[2026-10-06T23:37:45.681+0000] {processor.py:840} INFO - DAG(s) 'sgfood_elt_pipeline' retrieved from /opt/airflow/dags/sgfood_elt_dag.py
[2026-10-06T23:37:45.737+0000] {logging_mixin.py:188} INFO - [2026-10-06T23:37:45.737+0000] {dag.py:3036} INFO - Sync 1 DAGs
[2026-10-06T23:37:45.783+0000] {logging_mixin.py:188} INFO - [2026-10-06T23:37:45.782+0000] {dag.py:3823} INFO - Setting next_dagrun for sgfood_elt_pipeline to 2026-10-06 03:00:00+00:00, run_after=2026-10-07 03:00:00+00:00
[2026-10-06T23:37:45.834+0000] {processor.py:183} INFO - Processing /opt/airflow/dags/sgfood_elt_dag.py took 0.235 seconds
[2026-10-06T23:38:09.408+0000] {processor.py:161} INFO - Started process (PID=431) to work on /opt/airflow/dags/sgfood_elt_dag.py
[2026-10-06T23:38:09.412+0000] {processor.py:830} INFO - Processing file /opt/airflow/dags/sgfood_elt_dag.py for tasks to queue
[2026-10-06T23:38:09.417+0000] {logging_mixin.py:188} INFO - [2026-10-06T23:38:09.415+0000] {dagbag.py:538} INFO - Filling up the DagBag from /opt/airflow/dags/sgfood_elt_dag.py
[2026-10-06T23:38:09.496+0000] {processor.py:840} INFO - DAG(s) 'sgfood_elt_pipeline' retrieved from /opt/airflow/dags/sgfood_elt_dag.py
[2026-10-06T23:38:09.586+0000] {logging_mixin.py:188} INFO - [2026-10-06T23:38:09.585+0000] {dag.py:3036} INFO - Sync 1 DAGs
[2026-10-06T23:38:09.645+0000] {logging_mixin.py:188} INFO - [2026-10-06T23:38:09.644+0000] {dag.py:3823} INFO - Setting next_dagrun for sgfood_elt_pipeline to 2026-10-06 03:00:00+00:00, run_after=2026-10-07 03:00:00+00:00
[2026-10-06T23:38:09.704+0000] {processor.py:183} INFO - Processing /opt/airflow/dags/sgfood_elt_dag.py took 0.303 seconds
[2026-10-06T23:38:40.766+0000] {processor.py:161} INFO - Started process (PID=432) to work on /opt/airflow/dags/sgfood_elt_dag.py
[2026-10-06T23:38:40.769+0000] {processor.py:830} INFO - Processing file /opt/airflow/dags/sgfood_elt_dag.py for tasks to queue
[2026-10-06T23:38:40.771+0000] {logging_mixin.py:188} INFO - [2026-10-06T23:38:40.770+0000] {dagbag.py:538} INFO - Filling up the DagBag from /opt/airflow/dags/sgfood_elt_dag.py
[2026-10-06T23:38:40.848+0000] {processor.py:840} INFO - DAG(s) 'sgfood_elt_pipeline' retrieved from /opt/airflow/dags/sgfood_elt_dag.py
[2026-10-06T23:38:40.900+0000] {logging_mixin.py:188} INFO - [2026-10-06T23:38:40.899+0000] {dag.py:3036} INFO - Sync 1 DAGs
[2026-10-06T23:38:40.937+0000] {logging_mixin.py:188} INFO - [2026-10-06T23:38:40.937+0000] {dag.py:3823} INFO - Setting next_dagrun for sgfood_elt_pipeline to 2026-10-06 03:00:00+00:00, run_after=2026-10-07 03:00:00+00:00
[2026-10-06T23:38:40.981+0000] {processor.py:183} INFO - Processing /opt/airflow/dags/sgfood_elt_dag.py took 0.229 seconds
[2026-10-06T23:39:17.664+0000] {processor.py:161} INFO - Started process (PID=433) to work on /opt/airflow/dags/sgfood_elt_dag.py
[2026-10-06T23:39:17.666+0000] {processor.py:830} INFO - Processing file /opt/airflow/dags/sgfood_elt_dag.py for tasks to queue
[2026-10-06T23:39:17.669+0000] {logging_mixin.py:188} INFO - [2026-10-06T23:39:17.668+0000] {dagbag.py:538} INFO - Filling up the DagBag from /opt/airflow/dags/sgfood_elt_dag.py
[2026-10-06T23:39:09.488+0000] {processor.py:840} INFO - DAG(s) 'sgfood_elt_pipeline' retrieved from /opt/airflow/dags/sgfood_elt_dag.py
[2026-10-06T23:39:09.552+0000] {logging_mixin.py:188} INFO - [2026-10-06T23:39:09.552+0000] {dag.py:3036} INFO - Sync 1 DAGs
[2026-10-06T23:39:09.622+0000] {logging_mixin.py:188} INFO - [2026-10-06T23:39:09.621+0000] {dag.py:3823} INFO - Setting next_dagrun for sgfood_elt_pipeline to 2026-10-06 03:00:00+00:00, run_after=2026-10-07 03:00:00+00:00
[2026-10-06T23:39:09.688+0000] {processor.py:183} INFO - Processing /opt/airflow/dags/sgfood_elt_dag.py took 0.285 seconds
[2026-10-06T23:39:39.872+0000] {processor.py:161} INFO - Started process (PID=434) to work on /opt/airflow/dags/sgfood_elt_dag.py
[2026-10-06T23:39:39.875+0000] {processor.py:830} INFO - Processing file /opt/airflow/dags/sgfood_elt_dag.py for tasks to queue
[2026-10-06T23:39:39.877+0000] {logging_mixin.py:188} INFO - [2026-10-06T23:39:39.876+0000] {dagbag.py:538} INFO - Filling up the DagBag from /opt/airflow/dags/sgfood_elt_dag.py
[2026-10-06T23:39:39.939+0000] {processor.py:840} INFO - DAG(s) 'sgfood_elt_pipeline' retrieved from /opt/airflow/dags/sgfood_elt_dag.py
[2026-10-06T23:39:39.994+0000] {logging_mixin.py:188} INFO - [2026-10-06T23:39:39.994+0000] {dag.py:3036} INFO - Sync 1 DAGs
[2026-10-06T23:39:40.041+0000] {logging_mixin.py:188} INFO - [2026-10-06T23:39:40.040+0000] {dag.py:3823} INFO - Setting next_dagrun for sgfood_elt_pipeline to 2026-10-06 03:00:00+00:00, run_after=2026-10-07 03:00:00+00:00
[2026-10-06T23:39:40.091+0000] {processor.py:183} INFO - Processing /opt/airflow/dags/sgfood_elt_dag.py took 0.225 seconds
[2026-10-06T23:40:10.390+0000] {processor.py:161} INFO - Started process (PID=435) to work on /opt/airflow/dags/sgfood_elt_dag.py
[2026-10-06T23:40:10.392+0000] {processor.py:830} INFO - Processing file /opt/airflow/dags/sgfood_elt_dag.py for tasks to queue
[2026-10-06T23:40:10.395+0000] {logging_mixin.py:188} INFO - [2026-10-06T23:40:10.394+0000] {dagbag.py:538} INFO - Filling up the DagBag from /opt/airflow/dags/sgfood_elt_dag.py
[2026-10-06T23:40:10.446+0000] {processor.py:840} INFO - DAG(s) 'sgfood_elt_pipeline' retrieved from /opt/airflow/dags/sgfood_elt_dag.py
[2026-10-06T23:40:10.494+0000] {logging_mixin.py:188} INFO - [2026-10-06T23:40:10.493+0000] {dag.py:3036} INFO - Sync 1 DAGs
[2026-10-06T23:40:10.541+0000] {logging_mixin.py:188} INFO - [2026-10-06T23:40:10.541+0000] {dag.py:3823} INFO - Setting next_dagrun for sgfood_elt_pipeline to 2026-10-06 03:00:00+00:00, run_after=2026-10-07 03:00:00+00:00
[2026-10-06T23:40:10.591+0000] {processor.py:183} INFO - Processing /opt/airflow/dags/sgfood_elt_dag.py took 0.205 seconds
[2026-10-06T23:40:41.098+0000] {processor.py:161} INFO - Started process (PID=436) to work on /opt/airflow/dags/sgfood_elt_dag.py
[2026-10-06T23:40:41.100+0000] {processor.py:830} INFO - Processing file /opt/airflow/dags/sgfood_elt_dag.py for tasks to queue
[2026-10-06T23:40:41.103+0000] {logging_mixin.py:188} INFO - [2026-10-06T23:40:41.102+0000] {dagbag.py:538} INFO - Filling up the DagBag from /opt/airflow/dags/sgfood_elt_dag.py
[2026-10-06T23:40:41.157+0000] {processor.py:840} INFO - DAG(s) 'sgfood_elt_pipeline' retrieved from /opt/airflow/dags/sgfood_elt_dag.py
[2026-10-06T23:40:41.201+0000] {logging_mixin.py:188} INFO - [2026-10-06T23:40:41.200+0000] {dag.py:3036} INFO - Sync 1 DAGs
[2026-10-06T23:40:41.245+0000] {logging_mixin.py:188} INFO - [2026-10-06T23:40:41.244+0000] {dag.py:3823} INFO - Setting next_dagrun for sgfood_elt_pipeline to 2026-10-06 03:00:00+00:00, run_after=2026-10-07 03:00:00+00:00
[2026-10-06T23:40:41.291+0000] {processor.py:183} INFO - Processing /opt/airflow/dags/sgfood_elt_dag.py took 0.198 seconds
[2026-10-06T23:41:12.361+0000] {processor.py:161} INFO - Started process (PID=437) to work on /opt/airflow/dags/sgfood_elt_dag.py
[2026-10-06T23:41:12.363+0000] {processor.py:830} INFO - Processing file /opt/airflow/dags/sgfood_elt_dag.py for tasks to queue
[2026-10-06T23:41:12.365+0000] {logging_mixin.py:188} INFO - [2026-10-06T23:41:12.365+0000] {dagbag.py:538} INFO - Filling up the DagBag from /opt/airflow/dags/sgfood_elt_dag.py
[2026-10-06T23:41:12.418+0000] {processor.py:840} INFO - DAG(s) 'sgfood_elt_pipeline' retrieved from /opt/airflow/dags/sgfood_elt_dag.py
[2026-10-06T23:41:12.461+0000] {logging_mixin.py:188} INFO - [2026-10-06T23:41:12.461+0000] {dag.py:3036} INFO - Sync 1 DAGs
[2026-10-06T23:41:12.506+0000] {logging_mixin.py:188} INFO - [2026-10-06T23:41:12.505+0000] {dag.py:3823} INFO - Setting next_dagrun for sgfood_elt_pipeline to 2026-10-06 03:00:00+00:00, run_after=2026-10-07 03:00:00+00:00
[2026-10-06T23:41:12.555+0000] {processor.py:183} INFO - Processing /opt/airflow/dags/sgfood_elt_dag.py took 0.199 seconds
[2026-10-06T23:41:42.995+0000] {processor.py:161} INFO - Started process (PID=438) to work on /opt/airflow/dags/sgfood_elt_dag.py
[2026-10-06T23:41:42.998+0000] {processor.py:830} INFO - Processing file /opt/airflow/dags/sgfood_elt_dag.py for tasks to queue
[2026-10-06T23:41:43.000+0000] {logging_mixin.py:188} INFO - [2026-10-06T23:41:42.999+0000] {dagbag.py:538} INFO - Filling up the DagBag from /opt/airflow/dags/sgfood_elt_dag.py
[2026-10-06T23:41:43.055+0000] {processor.py:840} INFO - DAG(s) 'sgfood_elt_pipeline' retrieved from /opt/airflow/dags/sgfood_elt_dag.py
[2026-10-06T23:41:43.106+0000] {logging_mixin.py:188} INFO - [2026-10-06T23:41:43.106+0000] {dag.py:3036} INFO - Sync 1 DAGs
[2026-10-06T23:41:43.148+0000] {logging_mixin.py:188} INFO - [2026-10-06T23:41:43.148+0000] {dag.py:3823} INFO - Setting next_dagrun for sgfood_elt_pipeline to 2026-10-06 03:00:00+00:00, run_after=2026-10-07 03:00:00+00:00
[2026-10-06T23:41:43.195+0000] {processor.py:183} INFO - Processing /opt/airflow/dags/sgfood_elt_dag.py took 0.205 seconds
[2026-10-06T23:42:13.963+0000] {processor.py:161} INFO - Started process (PID=439) to work on /opt/airflow/dags/sgfood_elt_dag.py
[2026-10-06T23:42:13.965+0000] {processor.py:830} INFO - Processing file /opt/airflow/dags/sgfood_elt_dag.py for tasks to queue
[2026-10-06T23:42:13.967+0000] {logging_mixin.py:188} INFO - [2026-10-06T23:42:13.966+0000] {dagbag.py:538} INFO - Filling up the DagBag from /opt/airflow/dags/sgfood_elt_dag.py
[2026-10-06T23:42:14.016+0000] {processor.py:840} INFO - DAG(s) 'sgfood_elt_pipeline' retrieved from /opt/airflow/dags/sgfood_elt_dag.py
[2026-10-06T23:42:14.061+0000] {logging_mixin.py:188} INFO - [2026-10-06T23:42:14.061+0000] {dag.py:3036} INFO - Sync 1 DAGs
[2026-10-06T23:42:14.106+0000] {logging_mixin.py:188} INFO - [2026-10-06T23:42:14.106+0000] {dag.py:3823} INFO - Setting next_dagrun for sgfood_elt_pipeline to 2026-10-06 03:00:00+00:00, run_after=2026-10-07 03:00:00+00:00
[2026-10-06T23:42:14.156+0000] {processor.py:183} INFO - Processing /opt/airflow/dags/sgfood_elt_dag.py took 0.197 seconds
[2026-10-06T23:42:44.329+0000] {processor.py:161} INFO - Started process (PID=440) to work on /opt/airflow/dags/sgfood_elt_dag.py
[2026-10-06T23:42:44.332+0000] {processor.py:830} INFO - Processing file /opt/airflow/dags/sgfood_elt_dag.py for tasks to queue
[2026-10-06T23:42:44.334+0000] {logging_mixin.py:188} INFO - [2026-10-06T23:42:44.333+0000] {dagbag.py:538} INFO - Filling up the DagBag from /opt/airflow/dags/sgfood_elt_dag.py
[2026-10-06T23:42:44.391+0000] {processor.py:840} INFO - DAG(s) 'sgfood_elt_pipeline' retrieved from /opt/airflow/dags/sgfood_elt_dag.py
[2026-10-06T23:42:44.453+0000] {logging_mixin.py:188} INFO - [2026-10-06T23:42:44.453+0000] {dag.py:3036} INFO - Sync 1 DAGs
[2026-10-06T23:42:44.504+0000] {logging_mixin.py:188} INFO - [2026-10-06T23:42:44.503+0000] {dag.py:3823} INFO - Setting next_dagrun for sgfood_elt_pipeline to 2026-10-06 03:00:00+00:00, run_after=2026-10-07 03:00:00+00:00
[2026-10-06T23:42:44.561+0000] {processor.py:183} INFO - Processing /opt/airflow/dags/sgfood_elt_dag.py took 0.236 seconds
[2026-10-06T23:43:23.153+0000] {processor.py:161} INFO - Started process (PID=441) to work on /opt/airflow/dags/sgfood_elt_dag.py
[2026-10-06T23:43:23.155+0000] {processor.py:830} INFO - Processing file /opt/airflow/dags/sgfood_elt_dag.py for tasks to queue
[2026-10-06T23:43:23.158+0000] {logging_mixin.py:188} INFO - [2026-10-06T23:43:23.157+0000] {dagbag.py:538} INFO - Filling up the DagBag from /opt/airflow/dags/sgfood_elt_dag.py
[2026-10-06T23:43:23.217+0000] {processor.py:840} INFO - DAG(s) 'sgfood_elt_pipeline' retrieved from /opt/airflow/dags/sgfood_elt_dag.py
[2026-10-06T23:43:23.275+0000] {logging_mixin.py:188} INFO - [2026-10-06T23:43:23.274+0000] {dag.py:3036} INFO - Sync 1 DAGs
[2026-10-06T23:43:23.328+0000] {logging_mixin.py:188} INFO - [2026-10-06T23:43:23.328+0000] {dag.py:3823} INFO - Setting next_dagrun for sgfood_elt_pipeline to 2026-10-06 03:00:00+00:00, run_after=2026-10-07 03:00:00+00:00
[2026-10-06T23:43:15.021+0000] {processor.py:183} INFO - Processing /opt/airflow/dags/sgfood_elt_dag.py took 0.238 seconds
[2026-10-06T23:43:53.440+0000] {processor.py:161} INFO - Started process (PID=442) to work on /opt/airflow/dags/sgfood_elt_dag.py
[2026-10-06T23:43:53.443+0000] {processor.py:830} INFO - Processing file /opt/airflow/dags/sgfood_elt_dag.py for tasks to queue
[2026-10-06T23:43:53.446+0000] {logging_mixin.py:188} INFO - [2026-10-06T23:43:53.445+0000] {dagbag.py:538} INFO - Filling up the DagBag from /opt/airflow/dags/sgfood_elt_dag.py
[2026-10-06T23:43:53.498+0000] {processor.py:840} INFO - DAG(s) 'sgfood_elt_pipeline' retrieved from /opt/airflow/dags/sgfood_elt_dag.py
[2026-10-06T23:43:53.549+0000] {logging_mixin.py:188} INFO - [2026-10-06T23:43:53.549+0000] {dag.py:3036} INFO - Sync 1 DAGs
[2026-10-06T23:43:53.589+0000] {logging_mixin.py:188} INFO - [2026-10-06T23:43:53.588+0000] {dag.py:3823} INFO - Setting next_dagrun for sgfood_elt_pipeline to 2026-10-06 03:00:00+00:00, run_after=2026-10-07 03:00:00+00:00
[2026-10-06T23:43:53.644+0000] {processor.py:183} INFO - Processing /opt/airflow/dags/sgfood_elt_dag.py took 0.209 seconds
[2026-10-06T23:44:23.868+0000] {processor.py:161} INFO - Started process (PID=443) to work on /opt/airflow/dags/sgfood_elt_dag.py
[2026-10-06T23:44:23.871+0000] {processor.py:830} INFO - Processing file /opt/airflow/dags/sgfood_elt_dag.py for tasks to queue
[2026-10-06T23:44:23.874+0000] {logging_mixin.py:188} INFO - [2026-10-06T23:44:23.873+0000] {dagbag.py:538} INFO - Filling up the DagBag from /opt/airflow/dags/sgfood_elt_dag.py
[2026-10-06T23:44:23.933+0000] {processor.py:840} INFO - DAG(s) 'sgfood_elt_pipeline' retrieved from /opt/airflow/dags/sgfood_elt_dag.py
[2026-10-06T23:44:23.981+0000] {logging_mixin.py:188} INFO - [2026-10-06T23:44:23.981+0000] {dag.py:3036} INFO - Sync 1 DAGs
[2026-10-06T23:44:24.024+0000] {logging_mixin.py:188} INFO - [2026-10-06T23:44:24.024+0000] {dag.py:3823} INFO - Setting next_dagrun for sgfood_elt_pipeline to 2026-10-06 03:00:00+00:00, run_after=2026-10-07 03:00:00+00:00
[2026-10-06T23:44:24.077+0000] {processor.py:183} INFO - Processing /opt/airflow/dags/sgfood_elt_dag.py took 0.215 seconds
[2026-10-06T23:44:54.766+0000] {processor.py:161} INFO - Started process (PID=444) to work on /opt/airflow/dags/sgfood_elt_dag.py
[2026-10-06T23:44:54.768+0000] {processor.py:830} INFO - Processing file /opt/airflow/dags/sgfood_elt_dag.py for tasks to queue
[2026-10-06T23:44:54.771+0000] {logging_mixin.py:188} INFO - [2026-10-06T23:44:54.770+0000] {dagbag.py:538} INFO - Filling up the DagBag from /opt/airflow/dags/sgfood_elt_dag.py
[2026-10-06T23:44:54.830+0000] {processor.py:840} INFO - DAG(s) 'sgfood_elt_pipeline' retrieved from /opt/airflow/dags/sgfood_elt_dag.py
[2026-10-06T23:44:54.876+0000] {logging_mixin.py:188} INFO - [2026-10-06T23:44:54.876+0000] {dag.py:3036} INFO - Sync 1 DAGs
[2026-10-06T23:44:54.916+0000] {logging_mixin.py:188} INFO - [2026-10-06T23:44:54.916+0000] {dag.py:3823} INFO - Setting next_dagrun for sgfood_elt_pipeline to 2026-10-06 03:00:00+00:00, run_after=2026-10-07 03:00:00+00:00
[2026-10-06T23:44:54.962+0000] {processor.py:183} INFO - Processing /opt/airflow/dags/sgfood_elt_dag.py took 0.201 seconds
[2026-10-06T23:45:25.590+0000] {processor.py:161} INFO - Started process (PID=445) to work on /opt/airflow/dags/sgfood_elt_dag.py
[2026-10-06T23:45:25.593+0000] {processor.py:830} INFO - Processing file /opt/airflow/dags/sgfood_elt_dag.py for tasks to queue
[2026-10-06T23:45:25.595+0000] {logging_mixin.py:188} INFO - [2026-10-06T23:45:25.594+0000] {dagbag.py:538} INFO - Filling up the DagBag from /opt/airflow/dags/sgfood_elt_dag.py
[2026-10-06T23:45:25.648+0000] {processor.py:840} INFO - DAG(s) 'sgfood_elt_pipeline' retrieved from /opt/airflow/dags/sgfood_elt_dag.py
[2026-10-06T23:45:25.693+0000] {logging_mixin.py:188} INFO - [2026-10-06T23:45:25.692+0000] {dag.py:3036} INFO - Sync 1 DAGs
[2026-10-06T23:45:25.738+0000] {logging_mixin.py:188} INFO - [2026-10-06T23:45:25.738+0000] {dag.py:3823} INFO - Setting next_dagrun for sgfood_elt_pipeline to 2026-10-06 03:00:00+00:00, run_after=2026-10-07 03:00:00+00:00
[2026-10-06T23:45:25.789+0000] {processor.py:183} INFO - Processing /opt/airflow/dags/sgfood_elt_dag.py took 0.204 seconds
[2026-10-06T23:46:03.497+0000] {processor.py:161} INFO - Started process (PID=446) to work on /opt/airflow/dags/sgfood_elt_dag.py
[2026-10-06T23:46:03.500+0000] {processor.py:830} INFO - Processing file /opt/airflow/dags/sgfood_elt_dag.py for tasks to queue
[2026-10-06T23:46:03.503+0000] {logging_mixin.py:188} INFO - [2026-10-06T23:46:03.502+0000] {dagbag.py:538} INFO - Filling up the DagBag from /opt/airflow/dags/sgfood_elt_dag.py
[2026-10-06T23:46:03.562+0000] {processor.py:840} INFO - DAG(s) 'sgfood_elt_pipeline' retrieved from /opt/airflow/dags/sgfood_elt_dag.py
[2026-10-06T23:45:55.357+0000] {logging_mixin.py:188} INFO - [2026-10-06T23:45:55.356+0000] {dag.py:3036} INFO - Sync 1 DAGs
[2026-10-06T23:45:55.400+0000] {logging_mixin.py:188} INFO - [2026-10-06T23:45:55.400+0000] {dag.py:3823} INFO - Setting next_dagrun for sgfood_elt_pipeline to 2026-10-06 03:00:00+00:00, run_after=2026-10-07 03:00:00+00:00
[2026-10-06T23:45:55.446+0000] {processor.py:183} INFO - Processing /opt/airflow/dags/sgfood_elt_dag.py took 0.228 seconds
[2026-10-06T23:46:26.199+0000] {processor.py:161} INFO - Started process (PID=447) to work on /opt/airflow/dags/sgfood_elt_dag.py
[2026-10-06T23:46:26.201+0000] {processor.py:830} INFO - Processing file /opt/airflow/dags/sgfood_elt_dag.py for tasks to queue
[2026-10-06T23:46:26.204+0000] {logging_mixin.py:188} INFO - [2026-10-06T23:46:26.203+0000] {dagbag.py:538} INFO - Filling up the DagBag from /opt/airflow/dags/sgfood_elt_dag.py
[2026-10-06T23:46:26.261+0000] {processor.py:840} INFO - DAG(s) 'sgfood_elt_pipeline' retrieved from /opt/airflow/dags/sgfood_elt_dag.py
[2026-10-06T23:46:26.314+0000] {logging_mixin.py:188} INFO - [2026-10-06T23:46:26.313+0000] {dag.py:3036} INFO - Sync 1 DAGs
[2026-10-06T23:46:26.357+0000] {logging_mixin.py:188} INFO - [2026-10-06T23:46:26.357+0000] {dag.py:3823} INFO - Setting next_dagrun for sgfood_elt_pipeline to 2026-10-06 03:00:00+00:00, run_after=2026-10-07 03:00:00+00:00
[2026-10-06T23:46:26.407+0000] {processor.py:183} INFO - Processing /opt/airflow/dags/sgfood_elt_dag.py took 0.213 seconds
[2026-10-06T23:47:03.502+0000] {processor.py:161} INFO - Started process (PID=448) to work on /opt/airflow/dags/sgfood_elt_dag.py
[2026-10-06T23:47:03.505+0000] {processor.py:830} INFO - Processing file /opt/airflow/dags/sgfood_elt_dag.py for tasks to queue
[2026-10-06T23:47:03.507+0000] {logging_mixin.py:188} INFO - [2026-10-06T23:47:03.506+0000] {dagbag.py:538} INFO - Filling up the DagBag from /opt/airflow/dags/sgfood_elt_dag.py
[2026-10-06T23:46:55.291+0000] {processor.py:840} INFO - DAG(s) 'sgfood_elt_pipeline' retrieved from /opt/airflow/dags/sgfood_elt_dag.py
[2026-10-06T23:46:55.348+0000] {logging_mixin.py:188} INFO - [2026-10-06T23:46:55.348+0000] {dag.py:3036} INFO - Sync 1 DAGs
[2026-10-06T23:46:55.388+0000] {logging_mixin.py:188} INFO - [2026-10-06T23:46:55.387+0000] {dag.py:3823} INFO - Setting next_dagrun for sgfood_elt_pipeline to 2026-10-06 03:00:00+00:00, run_after=2026-10-07 03:00:00+00:00
[2026-10-06T23:46:55.437+0000] {processor.py:183} INFO - Processing /opt/airflow/dags/sgfood_elt_dag.py took 0.212 seconds
[2026-10-06T23:47:25.603+0000] {processor.py:161} INFO - Started process (PID=449) to work on /opt/airflow/dags/sgfood_elt_dag.py
[2026-10-06T23:47:25.605+0000] {processor.py:830} INFO - Processing file /opt/airflow/dags/sgfood_elt_dag.py for tasks to queue
[2026-10-06T23:47:25.608+0000] {logging_mixin.py:188} INFO - [2026-10-06T23:47:25.607+0000] {dagbag.py:538} INFO - Filling up the DagBag from /opt/airflow/dags/sgfood_elt_dag.py
[2026-10-06T23:47:25.662+0000] {processor.py:840} INFO - DAG(s) 'sgfood_elt_pipeline' retrieved from /opt/airflow/dags/sgfood_elt_dag.py
[2026-10-06T23:47:25.708+0000] {logging_mixin.py:188} INFO - [2026-10-06T23:47:25.707+0000] {dag.py:3036} INFO - Sync 1 DAGs
[2026-10-06T23:47:25.758+0000] {logging_mixin.py:188} INFO - [2026-10-06T23:47:25.757+0000] {dag.py:3823} INFO - Setting next_dagrun for sgfood_elt_pipeline to 2026-10-06 03:00:00+00:00, run_after=2026-10-07 03:00:00+00:00
[2026-10-06T23:47:25.816+0000] {processor.py:183} INFO - Processing /opt/airflow/dags/sgfood_elt_dag.py took 0.218 seconds
[2026-10-06T23:47:58.606+0000] {processor.py:161} INFO - Started process (PID=450) to work on /opt/airflow/dags/sgfood_elt_dag.py
[2026-10-06T23:47:58.609+0000] {processor.py:830} INFO - Processing file /opt/airflow/dags/sgfood_elt_dag.py for tasks to queue
[2026-10-06T23:47:58.611+0000] {logging_mixin.py:188} INFO - [2026-10-06T23:47:58.610+0000] {dagbag.py:538} INFO - Filling up the DagBag from /opt/airflow/dags/sgfood_elt_dag.py
[2026-10-06T23:47:50.393+0000] {processor.py:840} INFO - DAG(s) 'sgfood_elt_pipeline' retrieved from /opt/airflow/dags/sgfood_elt_dag.py
[2026-10-06T23:47:50.441+0000] {logging_mixin.py:188} INFO - [2026-10-06T23:47:50.441+0000] {dag.py:3036} INFO - Sync 1 DAGs
[2026-10-06T23:47:50.484+0000] {logging_mixin.py:188} INFO - [2026-10-06T23:47:50.483+0000] {dag.py:3823} INFO - Setting next_dagrun for sgfood_elt_pipeline to 2026-10-06 03:00:00+00:00, run_after=2026-10-07 03:00:00+00:00
[2026-10-06T23:47:50.537+0000] {processor.py:183} INFO - Processing /opt/airflow/dags/sgfood_elt_dag.py took 0.211 seconds
[2026-10-06T23:48:23.607+0000] {processor.py:161} INFO - Started process (PID=451) to work on /opt/airflow/dags/sgfood_elt_dag.py
[2026-10-06T23:48:23.609+0000] {processor.py:830} INFO - Processing file /opt/airflow/dags/sgfood_elt_dag.py for tasks to queue
[2026-10-06T23:48:23.612+0000] {logging_mixin.py:188} INFO - [2026-10-06T23:48:23.611+0000] {dagbag.py:538} INFO - Filling up the DagBag from /opt/airflow/dags/sgfood_elt_dag.py
[2026-10-06T23:48:23.670+0000] {processor.py:840} INFO - DAG(s) 'sgfood_elt_pipeline' retrieved from /opt/airflow/dags/sgfood_elt_dag.py
[2026-10-06T23:48:15.451+0000] {logging_mixin.py:188} INFO - [2026-10-06T23:48:15.451+0000] {dag.py:3036} INFO - Sync 1 DAGs
[2026-10-06T23:48:15.503+0000] {logging_mixin.py:188} INFO - [2026-10-06T23:48:15.502+0000] {dag.py:3823} INFO - Setting next_dagrun for sgfood_elt_pipeline to 2026-10-06 03:00:00+00:00, run_after=2026-10-07 03:00:00+00:00
[2026-10-06T23:48:15.555+0000] {processor.py:183} INFO - Processing /opt/airflow/dags/sgfood_elt_dag.py took 0.232 seconds
[2026-10-06T23:48:53.593+0000] {processor.py:161} INFO - Started process (PID=452) to work on /opt/airflow/dags/sgfood_elt_dag.py
[2026-10-06T23:48:53.595+0000] {processor.py:830} INFO - Processing file /opt/airflow/dags/sgfood_elt_dag.py for tasks to queue
[2026-10-06T23:48:53.598+0000] {logging_mixin.py:188} INFO - [2026-10-06T23:48:53.597+0000] {dagbag.py:538} INFO - Filling up the DagBag from /opt/airflow/dags/sgfood_elt_dag.py
[2026-10-06T23:48:53.646+0000] {processor.py:840} INFO - DAG(s) 'sgfood_elt_pipeline' retrieved from /opt/airflow/dags/sgfood_elt_dag.py
[2026-10-06T23:48:53.689+0000] {logging_mixin.py:188} INFO - [2026-10-06T23:48:53.688+0000] {dag.py:3036} INFO - Sync 1 DAGs
[2026-10-06T23:48:45.454+0000] {logging_mixin.py:188} INFO - [2026-10-06T23:48:45.454+0000] {dag.py:3823} INFO - Setting next_dagrun for sgfood_elt_pipeline to 2026-10-06 03:00:00+00:00, run_after=2026-10-07 03:00:00+00:00
[2026-10-06T23:48:45.517+0000] {processor.py:183} INFO - Processing /opt/airflow/dags/sgfood_elt_dag.py took 0.206 seconds
[2026-10-06T23:49:23.839+0000] {processor.py:161} INFO - Started process (PID=453) to work on /opt/airflow/dags/sgfood_elt_dag.py
[2026-10-06T23:49:23.841+0000] {processor.py:830} INFO - Processing file /opt/airflow/dags/sgfood_elt_dag.py for tasks to queue
[2026-10-06T23:49:23.845+0000] {logging_mixin.py:188} INFO - [2026-10-06T23:49:23.844+0000] {dagbag.py:538} INFO - Filling up the DagBag from /opt/airflow/dags/sgfood_elt_dag.py
[2026-10-06T23:49:23.898+0000] {processor.py:840} INFO - DAG(s) 'sgfood_elt_pipeline' retrieved from /opt/airflow/dags/sgfood_elt_dag.py
[2026-10-06T23:49:23.971+0000] {logging_mixin.py:188} INFO - [2026-10-06T23:49:23.970+0000] {dag.py:3036} INFO - Sync 1 DAGs
[2026-10-06T23:49:24.020+0000] {logging_mixin.py:188} INFO - [2026-10-06T23:49:24.019+0000] {dag.py:3823} INFO - Setting next_dagrun for sgfood_elt_pipeline to 2026-10-06 03:00:00+00:00, run_after=2026-10-07 03:00:00+00:00
[2026-10-06T23:49:24.065+0000] {processor.py:183} INFO - Processing /opt/airflow/dags/sgfood_elt_dag.py took 0.231 seconds
[2026-10-06T23:49:50.648+0000] {processor.py:161} INFO - Started process (PID=454) to work on /opt/airflow/dags/sgfood_elt_dag.py
[2026-10-06T23:49:50.650+0000] {processor.py:830} INFO - Processing file /opt/airflow/dags/sgfood_elt_dag.py for tasks to queue
[2026-10-06T23:49:50.653+0000] {logging_mixin.py:188} INFO - [2026-10-06T23:49:50.652+0000] {dagbag.py:538} INFO - Filling up the DagBag from /opt/airflow/dags/sgfood_elt_dag.py
[2026-10-06T23:49:50.728+0000] {processor.py:840} INFO - DAG(s) 'sgfood_elt_pipeline' retrieved from /opt/airflow/dags/sgfood_elt_dag.py
[2026-10-06T23:49:50.789+0000] {logging_mixin.py:188} INFO - [2026-10-06T23:49:50.789+0000] {dag.py:3036} INFO - Sync 1 DAGs
[2026-10-06T23:49:50.838+0000] {logging_mixin.py:188} INFO - [2026-10-06T23:49:50.838+0000] {dag.py:3823} INFO - Setting next_dagrun for sgfood_elt_pipeline to 2026-10-06 03:00:00+00:00, run_after=2026-10-07 03:00:00+00:00
[2026-10-06T23:49:50.891+0000] {processor.py:183} INFO - Processing /opt/airflow/dags/sgfood_elt_dag.py took 0.248 seconds
[2026-10-06T23:50:21.386+0000] {processor.py:161} INFO - Started process (PID=455) to work on /opt/airflow/dags/sgfood_elt_dag.py
[2026-10-06T23:50:21.389+0000] {processor.py:830} INFO - Processing file /opt/airflow/dags/sgfood_elt_dag.py for tasks to queue
[2026-10-06T23:50:21.393+0000] {logging_mixin.py:188} INFO - [2026-10-06T23:50:21.391+0000] {dagbag.py:538} INFO - Filling up the DagBag from /opt/airflow/dags/sgfood_elt_dag.py
[2026-10-06T23:50:21.464+0000] {processor.py:840} INFO - DAG(s) 'sgfood_elt_pipeline' retrieved from /opt/airflow/dags/sgfood_elt_dag.py
[2026-10-06T23:50:21.525+0000] {logging_mixin.py:188} INFO - [2026-10-06T23:50:21.525+0000] {dag.py:3036} INFO - Sync 1 DAGs
[2026-10-06T23:50:21.565+0000] {logging_mixin.py:188} INFO - [2026-10-06T23:50:21.564+0000] {dag.py:3823} INFO - Setting next_dagrun for sgfood_elt_pipeline to 2026-10-06 03:00:00+00:00, run_after=2026-10-07 03:00:00+00:00
[2026-10-06T23:50:21.608+0000] {processor.py:183} INFO - Processing /opt/airflow/dags/sgfood_elt_dag.py took 0.235 seconds
[2026-10-06T23:50:53.935+0000] {processor.py:161} INFO - Started process (PID=456) to work on /opt/airflow/dags/sgfood_elt_dag.py
[2026-10-06T23:50:53.938+0000] {processor.py:830} INFO - Processing file /opt/airflow/dags/sgfood_elt_dag.py for tasks to queue
[2026-10-06T23:50:53.941+0000] {logging_mixin.py:188} INFO - [2026-10-06T23:50:53.939+0000] {dagbag.py:538} INFO - Filling up the DagBag from /opt/airflow/dags/sgfood_elt_dag.py
[2026-10-06T23:50:45.712+0000] {processor.py:840} INFO - DAG(s) 'sgfood_elt_pipeline' retrieved from /opt/airflow/dags/sgfood_elt_dag.py
[2026-10-06T23:50:45.770+0000] {logging_mixin.py:188} INFO - [2026-10-06T23:50:45.769+0000] {dag.py:3036} INFO - Sync 1 DAGs
[2026-10-06T23:50:45.841+0000] {logging_mixin.py:188} INFO - [2026-10-06T23:50:45.840+0000] {dag.py:3823} INFO - Setting next_dagrun for sgfood_elt_pipeline to 2026-10-06 03:00:00+00:00, run_after=2026-10-07 03:00:00+00:00
[2026-10-06T23:50:45.887+0000] {processor.py:183} INFO - Processing /opt/airflow/dags/sgfood_elt_dag.py took 0.238 seconds
[2026-10-06T23:51:19.290+0000] {processor.py:161} INFO - Started process (PID=457) to work on /opt/airflow/dags/sgfood_elt_dag.py
[2026-10-06T23:51:19.292+0000] {processor.py:830} INFO - Processing file /opt/airflow/dags/sgfood_elt_dag.py for tasks to queue
[2026-10-06T23:51:19.294+0000] {logging_mixin.py:188} INFO - [2026-10-06T23:51:19.294+0000] {dagbag.py:538} INFO - Filling up the DagBag from /opt/airflow/dags/sgfood_elt_dag.py
[2026-10-06T23:51:19.349+0000] {processor.py:840} INFO - DAG(s) 'sgfood_elt_pipeline' retrieved from /opt/airflow/dags/sgfood_elt_dag.py
[2026-10-06T23:51:19.397+0000] {logging_mixin.py:188} INFO - [2026-10-06T23:51:19.396+0000] {dag.py:3036} INFO - Sync 1 DAGs
[2026-10-06T23:51:19.441+0000] {logging_mixin.py:188} INFO - [2026-10-06T23:51:19.440+0000] {dag.py:3823} INFO - Setting next_dagrun for sgfood_elt_pipeline to 2026-10-06 03:00:00+00:00, run_after=2026-10-07 03:00:00+00:00
[2026-10-06T23:51:19.491+0000] {processor.py:183} INFO - Processing /opt/airflow/dags/sgfood_elt_dag.py took 0.206 seconds
[2026-10-06T23:51:50.198+0000] {processor.py:161} INFO - Started process (PID=458) to work on /opt/airflow/dags/sgfood_elt_dag.py
[2026-10-06T23:51:50.200+0000] {processor.py:830} INFO - Processing file /opt/airflow/dags/sgfood_elt_dag.py for tasks to queue
[2026-10-06T23:51:50.202+0000] {logging_mixin.py:188} INFO - [2026-10-06T23:51:50.202+0000] {dagbag.py:538} INFO - Filling up the DagBag from /opt/airflow/dags/sgfood_elt_dag.py
[2026-10-06T23:51:50.257+0000] {processor.py:840} INFO - DAG(s) 'sgfood_elt_pipeline' retrieved from /opt/airflow/dags/sgfood_elt_dag.py
[2026-10-06T23:51:58.175+0000] {logging_mixin.py:188} INFO - [2026-10-06T23:51:58.175+0000] {dag.py:3036} INFO - Sync 1 DAGs
[2026-10-06T23:51:58.224+0000] {logging_mixin.py:188} INFO - [2026-10-06T23:51:58.223+0000] {dag.py:3823} INFO - Setting next_dagrun for sgfood_elt_pipeline to 2026-10-06 03:00:00+00:00, run_after=2026-10-07 03:00:00+00:00
[2026-10-06T23:51:58.284+0000] {processor.py:183} INFO - Processing /opt/airflow/dags/sgfood_elt_dag.py took 0.230 seconds
[2026-10-06T23:52:25.617+0000] {processor.py:161} INFO - Started process (PID=459) to work on /opt/airflow/dags/sgfood_elt_dag.py
[2026-10-06T23:52:25.619+0000] {processor.py:830} INFO - Processing file /opt/airflow/dags/sgfood_elt_dag.py for tasks to queue
[2026-10-06T23:52:25.621+0000] {logging_mixin.py:188} INFO - [2026-10-06T23:52:25.621+0000] {dagbag.py:538} INFO - Filling up the DagBag from /opt/airflow/dags/sgfood_elt_dag.py
[2026-10-06T23:52:17.390+0000] {processor.py:840} INFO - DAG(s) 'sgfood_elt_pipeline' retrieved from /opt/airflow/dags/sgfood_elt_dag.py
[2026-10-06T23:52:17.434+0000] {logging_mixin.py:188} INFO - [2026-10-06T23:52:17.434+0000] {dag.py:3036} INFO - Sync 1 DAGs
[2026-10-06T23:52:17.496+0000] {logging_mixin.py:188} INFO - [2026-10-06T23:52:17.495+0000] {dag.py:3823} INFO - Setting next_dagrun for sgfood_elt_pipeline to 2026-10-06 03:00:00+00:00, run_after=2026-10-07 03:00:00+00:00
[2026-10-06T23:52:17.551+0000] {processor.py:183} INFO - Processing /opt/airflow/dags/sgfood_elt_dag.py took 0.246 seconds
[2026-10-06T23:52:54.125+0000] {processor.py:161} INFO - Started process (PID=460) to work on /opt/airflow/dags/sgfood_elt_dag.py
[2026-10-06T23:52:54.128+0000] {processor.py:830} INFO - Processing file /opt/airflow/dags/sgfood_elt_dag.py for tasks to queue
[2026-10-06T23:52:54.130+0000] {logging_mixin.py:188} INFO - [2026-10-06T23:52:54.130+0000] {dagbag.py:538} INFO - Filling up the DagBag from /opt/airflow/dags/sgfood_elt_dag.py
[2026-10-06T23:52:54.182+0000] {processor.py:840} INFO - DAG(s) 'sgfood_elt_pipeline' retrieved from /opt/airflow/dags/sgfood_elt_dag.py
[2026-10-06T23:52:45.942+0000] {logging_mixin.py:188} INFO - [2026-10-06T23:52:45.942+0000] {dag.py:3036} INFO - Sync 1 DAGs
[2026-10-06T23:52:45.990+0000] {logging_mixin.py:188} INFO - [2026-10-06T23:52:45.989+0000] {dag.py:3823} INFO - Setting next_dagrun for sgfood_elt_pipeline to 2026-10-06 03:00:00+00:00, run_after=2026-10-07 03:00:00+00:00
[2026-10-06T23:52:46.056+0000] {processor.py:183} INFO - Processing /opt/airflow/dags/sgfood_elt_dag.py took 0.245 seconds
[2026-10-06T23:53:16.149+0000] {processor.py:161} INFO - Started process (PID=461) to work on /opt/airflow/dags/sgfood_elt_dag.py
[2026-10-06T23:53:16.151+0000] {processor.py:830} INFO - Processing file /opt/airflow/dags/sgfood_elt_dag.py for tasks to queue
[2026-10-06T23:53:16.153+0000] {logging_mixin.py:188} INFO - [2026-10-06T23:53:16.153+0000] {dagbag.py:538} INFO - Filling up the DagBag from /opt/airflow/dags/sgfood_elt_dag.py
[2026-10-06T23:53:24.100+0000] {processor.py:840} INFO - DAG(s) 'sgfood_elt_pipeline' retrieved from /opt/airflow/dags/sgfood_elt_dag.py
[2026-10-06T23:53:24.144+0000] {logging_mixin.py:188} INFO - [2026-10-06T23:53:24.144+0000] {dag.py:3036} INFO - Sync 1 DAGs
[2026-10-06T23:53:24.190+0000] {logging_mixin.py:188} INFO - [2026-10-06T23:53:24.190+0000] {dag.py:3823} INFO - Setting next_dagrun for sgfood_elt_pipeline to 2026-10-06 03:00:00+00:00, run_after=2026-10-07 03:00:00+00:00
[2026-10-06T23:53:15.949+0000] {processor.py:183} INFO - Processing /opt/airflow/dags/sgfood_elt_dag.py took 0.209 seconds
[2026-10-06T23:53:54.200+0000] {processor.py:161} INFO - Started process (PID=462) to work on /opt/airflow/dags/sgfood_elt_dag.py
[2026-10-06T23:53:54.203+0000] {processor.py:830} INFO - Processing file /opt/airflow/dags/sgfood_elt_dag.py for tasks to queue
[2026-10-06T23:53:54.205+0000] {logging_mixin.py:188} INFO - [2026-10-06T23:53:54.205+0000] {dagbag.py:538} INFO - Filling up the DagBag from /opt/airflow/dags/sgfood_elt_dag.py
[2026-10-06T23:53:54.265+0000] {processor.py:840} INFO - DAG(s) 'sgfood_elt_pipeline' retrieved from /opt/airflow/dags/sgfood_elt_dag.py
[2026-10-06T23:53:46.012+0000] {logging_mixin.py:188} INFO - [2026-10-06T23:53:46.012+0000] {dag.py:3036} INFO - Sync 1 DAGs
[2026-10-06T23:53:46.051+0000] {logging_mixin.py:188} INFO - [2026-10-06T23:53:46.051+0000] {dag.py:3823} INFO - Setting next_dagrun for sgfood_elt_pipeline to 2026-10-06 03:00:00+00:00, run_after=2026-10-07 03:00:00+00:00
[2026-10-06T23:53:46.098+0000] {processor.py:183} INFO - Processing /opt/airflow/dags/sgfood_elt_dag.py took 0.197 seconds
[2026-10-06T23:54:17.338+0000] {processor.py:161} INFO - Started process (PID=463) to work on /opt/airflow/dags/sgfood_elt_dag.py
[2026-10-06T23:54:17.342+0000] {processor.py:830} INFO - Processing file /opt/airflow/dags/sgfood_elt_dag.py for tasks to queue
[2026-10-06T23:54:17.347+0000] {logging_mixin.py:188} INFO - [2026-10-06T23:54:17.345+0000] {dagbag.py:538} INFO - Filling up the DagBag from /opt/airflow/dags/sgfood_elt_dag.py
[2026-10-06T23:54:17.405+0000] {processor.py:840} INFO - DAG(s) 'sgfood_elt_pipeline' retrieved from /opt/airflow/dags/sgfood_elt_dag.py
[2026-10-06T23:54:17.455+0000] {logging_mixin.py:188} INFO - [2026-10-06T23:54:17.454+0000] {dag.py:3036} INFO - Sync 1 DAGs
[2026-10-06T23:54:17.493+0000] {logging_mixin.py:188} INFO - [2026-10-06T23:54:17.492+0000] {dag.py:3823} INFO - Setting next_dagrun for sgfood_elt_pipeline to 2026-10-06 03:00:00+00:00, run_after=2026-10-07 03:00:00+00:00
[2026-10-06T23:54:17.542+0000] {processor.py:183} INFO - Processing /opt/airflow/dags/sgfood_elt_dag.py took 0.209 seconds
[2026-10-06T23:54:49.320+0000] {processor.py:161} INFO - Started process (PID=464) to work on /opt/airflow/dags/sgfood_elt_dag.py
[2026-10-06T23:54:49.323+0000] {processor.py:830} INFO - Processing file /opt/airflow/dags/sgfood_elt_dag.py for tasks to queue
[2026-10-06T23:54:49.326+0000] {logging_mixin.py:188} INFO - [2026-10-06T23:54:49.325+0000] {dagbag.py:538} INFO - Filling up the DagBag from /opt/airflow/dags/sgfood_elt_dag.py
[2026-10-06T23:54:49.387+0000] {processor.py:840} INFO - DAG(s) 'sgfood_elt_pipeline' retrieved from /opt/airflow/dags/sgfood_elt_dag.py
[2026-10-06T23:54:41.142+0000] {logging_mixin.py:188} INFO - [2026-10-06T23:54:41.141+0000] {dag.py:3036} INFO - Sync 1 DAGs
[2026-10-06T23:54:41.199+0000] {logging_mixin.py:188} INFO - [2026-10-06T23:54:41.198+0000] {dag.py:3823} INFO - Setting next_dagrun for sgfood_elt_pipeline to 2026-10-06 03:00:00+00:00, run_after=2026-10-07 03:00:00+00:00
[2026-10-06T23:54:41.273+0000] {processor.py:183} INFO - Processing /opt/airflow/dags/sgfood_elt_dag.py took 0.253 seconds
[2026-10-06T23:55:19.454+0000] {processor.py:161} INFO - Started process (PID=465) to work on /opt/airflow/dags/sgfood_elt_dag.py
[2026-10-06T23:55:19.457+0000] {processor.py:830} INFO - Processing file /opt/airflow/dags/sgfood_elt_dag.py for tasks to queue
[2026-10-06T23:55:19.459+0000] {logging_mixin.py:188} INFO - [2026-10-06T23:55:19.458+0000] {dagbag.py:538} INFO - Filling up the DagBag from /opt/airflow/dags/sgfood_elt_dag.py
[2026-10-06T23:55:11.225+0000] {processor.py:840} INFO - DAG(s) 'sgfood_elt_pipeline' retrieved from /opt/airflow/dags/sgfood_elt_dag.py
[2026-10-06T23:55:11.274+0000] {logging_mixin.py:188} INFO - [2026-10-06T23:55:11.273+0000] {dag.py:3036} INFO - Sync 1 DAGs
[2026-10-06T23:55:11.336+0000] {logging_mixin.py:188} INFO - [2026-10-06T23:55:11.335+0000] {dag.py:3823} INFO - Setting next_dagrun for sgfood_elt_pipeline to 2026-10-06 03:00:00+00:00, run_after=2026-10-07 03:00:00+00:00
[2026-10-06T23:55:11.396+0000] {processor.py:183} INFO - Processing /opt/airflow/dags/sgfood_elt_dag.py took 0.241 seconds
[2026-10-06T23:55:41.622+0000] {processor.py:161} INFO - Started process (PID=466) to work on /opt/airflow/dags/sgfood_elt_dag.py
[2026-10-06T23:55:41.625+0000] {processor.py:830} INFO - Processing file /opt/airflow/dags/sgfood_elt_dag.py for tasks to queue
[2026-10-06T23:55:41.628+0000] {logging_mixin.py:188} INFO - [2026-10-06T23:55:41.627+0000] {dagbag.py:538} INFO - Filling up the DagBag from /opt/airflow/dags/sgfood_elt_dag.py
[2026-10-06T23:55:41.689+0000] {processor.py:840} INFO - DAG(s) 'sgfood_elt_pipeline' retrieved from /opt/airflow/dags/sgfood_elt_dag.py
[2026-10-06T23:55:41.743+0000] {logging_mixin.py:188} INFO - [2026-10-06T23:55:41.742+0000] {dag.py:3036} INFO - Sync 1 DAGs
[2026-10-06T23:55:41.791+0000] {logging_mixin.py:188} INFO - [2026-10-06T23:55:41.791+0000] {dag.py:3823} INFO - Setting next_dagrun for sgfood_elt_pipeline to 2026-10-06 03:00:00+00:00, run_after=2026-10-07 03:00:00+00:00
[2026-10-06T23:55:41.842+0000] {processor.py:183} INFO - Processing /opt/airflow/dags/sgfood_elt_dag.py took 0.226 seconds
[2026-10-06T23:56:12.940+0000] {processor.py:161} INFO - Started process (PID=467) to work on /opt/airflow/dags/sgfood_elt_dag.py
[2026-10-06T23:56:12.942+0000] {processor.py:830} INFO - Processing file /opt/airflow/dags/sgfood_elt_dag.py for tasks to queue
[2026-10-06T23:56:12.945+0000] {logging_mixin.py:188} INFO - [2026-10-06T23:56:12.944+0000] {dagbag.py:538} INFO - Filling up the DagBag from /opt/airflow/dags/sgfood_elt_dag.py
[2026-10-06T23:56:13.001+0000] {processor.py:840} INFO - DAG(s) 'sgfood_elt_pipeline' retrieved from /opt/airflow/dags/sgfood_elt_dag.py
[2026-10-06T23:56:13.056+0000] {logging_mixin.py:188} INFO - [2026-10-06T23:56:13.056+0000] {dag.py:3036} INFO - Sync 1 DAGs
[2026-10-06T23:56:13.108+0000] {logging_mixin.py:188} INFO - [2026-10-06T23:56:13.107+0000] {dag.py:3823} INFO - Setting next_dagrun for sgfood_elt_pipeline to 2026-10-06 03:00:00+00:00, run_after=2026-10-07 03:00:00+00:00
[2026-10-06T23:56:13.164+0000] {processor.py:183} INFO - Processing /opt/airflow/dags/sgfood_elt_dag.py took 0.229 seconds
[2026-10-06T23:56:44.184+0000] {processor.py:161} INFO - Started process (PID=468) to work on /opt/airflow/dags/sgfood_elt_dag.py
[2026-10-06T23:56:44.187+0000] {processor.py:830} INFO - Processing file /opt/airflow/dags/sgfood_elt_dag.py for tasks to queue
[2026-10-06T23:56:44.190+0000] {logging_mixin.py:188} INFO - [2026-10-06T23:56:44.189+0000] {dagbag.py:538} INFO - Filling up the DagBag from /opt/airflow/dags/sgfood_elt_dag.py
[2026-10-06T23:56:44.242+0000] {processor.py:840} INFO - DAG(s) 'sgfood_elt_pipeline' retrieved from /opt/airflow/dags/sgfood_elt_dag.py
[2026-10-06T23:56:44.293+0000] {logging_mixin.py:188} INFO - [2026-10-06T23:56:44.292+0000] {dag.py:3036} INFO - Sync 1 DAGs
[2026-10-06T23:56:44.341+0000] {logging_mixin.py:188} INFO - [2026-10-06T23:56:44.341+0000] {dag.py:3823} INFO - Setting next_dagrun for sgfood_elt_pipeline to 2026-10-06 03:00:00+00:00, run_after=2026-10-07 03:00:00+00:00
[2026-10-06T23:56:44.391+0000] {processor.py:183} INFO - Processing /opt/airflow/dags/sgfood_elt_dag.py took 0.212 seconds
[2026-10-06T23:57:14.596+0000] {processor.py:161} INFO - Started process (PID=469) to work on /opt/airflow/dags/sgfood_elt_dag.py
[2026-10-06T23:57:14.598+0000] {processor.py:830} INFO - Processing file /opt/airflow/dags/sgfood_elt_dag.py for tasks to queue
[2026-10-06T23:57:14.600+0000] {logging_mixin.py:188} INFO - [2026-10-06T23:57:14.599+0000] {dagbag.py:538} INFO - Filling up the DagBag from /opt/airflow/dags/sgfood_elt_dag.py
[2026-10-06T23:57:14.657+0000] {processor.py:840} INFO - DAG(s) 'sgfood_elt_pipeline' retrieved from /opt/airflow/dags/sgfood_elt_dag.py
[2026-10-06T23:57:14.714+0000] {logging_mixin.py:188} INFO - [2026-10-06T23:57:14.714+0000] {dag.py:3036} INFO - Sync 1 DAGs
[2026-10-06T23:57:14.769+0000] {logging_mixin.py:188} INFO - [2026-10-06T23:57:14.769+0000] {dag.py:3823} INFO - Setting next_dagrun for sgfood_elt_pipeline to 2026-10-06 03:00:00+00:00, run_after=2026-10-07 03:00:00+00:00
[2026-10-06T23:57:14.821+0000] {processor.py:183} INFO - Processing /opt/airflow/dags/sgfood_elt_dag.py took 0.230 seconds
[2026-10-06T23:57:45.022+0000] {processor.py:161} INFO - Started process (PID=470) to work on /opt/airflow/dags/sgfood_elt_dag.py
[2026-10-06T23:57:45.024+0000] {processor.py:830} INFO - Processing file /opt/airflow/dags/sgfood_elt_dag.py for tasks to queue
[2026-10-06T23:57:45.028+0000] {logging_mixin.py:188} INFO - [2026-10-06T23:57:45.027+0000] {dagbag.py:538} INFO - Filling up the DagBag from /opt/airflow/dags/sgfood_elt_dag.py
[2026-10-06T23:57:53.048+0000] {processor.py:840} INFO - DAG(s) 'sgfood_elt_pipeline' retrieved from /opt/airflow/dags/sgfood_elt_dag.py
[2026-10-06T23:57:53.104+0000] {logging_mixin.py:188} INFO - [2026-10-06T23:57:53.104+0000] {dag.py:3036} INFO - Sync 1 DAGs
[2026-10-06T23:57:53.150+0000] {logging_mixin.py:188} INFO - [2026-10-06T23:57:53.150+0000] {dag.py:3823} INFO - Setting next_dagrun for sgfood_elt_pipeline to 2026-10-06 03:00:00+00:00, run_after=2026-10-07 03:00:00+00:00
[2026-10-06T23:57:53.201+0000] {processor.py:183} INFO - Processing /opt/airflow/dags/sgfood_elt_dag.py took 0.230 seconds
[2026-10-06T23:58:15.368+0000] {processor.py:161} INFO - Started process (PID=471) to work on /opt/airflow/dags/sgfood_elt_dag.py
[2026-10-06T23:58:15.370+0000] {processor.py:830} INFO - Processing file /opt/airflow/dags/sgfood_elt_dag.py for tasks to queue
[2026-10-06T23:58:15.373+0000] {logging_mixin.py:188} INFO - [2026-10-06T23:58:15.372+0000] {dagbag.py:538} INFO - Filling up the DagBag from /opt/airflow/dags/sgfood_elt_dag.py
[2026-10-06T23:58:15.433+0000] {processor.py:840} INFO - DAG(s) 'sgfood_elt_pipeline' retrieved from /opt/airflow/dags/sgfood_elt_dag.py
[2026-10-06T23:58:15.479+0000] {logging_mixin.py:188} INFO - [2026-10-06T23:58:15.478+0000] {dag.py:3036} INFO - Sync 1 DAGs
[2026-10-06T23:58:15.518+0000] {logging_mixin.py:188} INFO - [2026-10-06T23:58:15.517+0000] {dag.py:3823} INFO - Setting next_dagrun for sgfood_elt_pipeline to 2026-10-06 03:00:00+00:00, run_after=2026-10-07 03:00:00+00:00
[2026-10-06T23:58:15.564+0000] {processor.py:183} INFO - Processing /opt/airflow/dags/sgfood_elt_dag.py took 0.202 seconds
[2026-10-06T23:58:46.083+0000] {processor.py:161} INFO - Started process (PID=472) to work on /opt/airflow/dags/sgfood_elt_dag.py
[2026-10-06T23:58:46.085+0000] {processor.py:830} INFO - Processing file /opt/airflow/dags/sgfood_elt_dag.py for tasks to queue
[2026-10-06T23:58:46.088+0000] {logging_mixin.py:188} INFO - [2026-10-06T23:58:46.087+0000] {dagbag.py:538} INFO - Filling up the DagBag from /opt/airflow/dags/sgfood_elt_dag.py
[2026-10-06T23:58:46.151+0000] {processor.py:840} INFO - DAG(s) 'sgfood_elt_pipeline' retrieved from /opt/airflow/dags/sgfood_elt_dag.py
[2026-10-06T23:58:46.216+0000] {logging_mixin.py:188} INFO - [2026-10-06T23:58:46.215+0000] {dag.py:3036} INFO - Sync 1 DAGs
[2026-10-06T23:58:46.270+0000] {logging_mixin.py:188} INFO - [2026-10-06T23:58:46.270+0000] {dag.py:3823} INFO - Setting next_dagrun for sgfood_elt_pipeline to 2026-10-06 03:00:00+00:00, run_after=2026-10-07 03:00:00+00:00
[2026-10-06T23:58:46.346+0000] {processor.py:183} INFO - Processing /opt/airflow/dags/sgfood_elt_dag.py took 0.268 seconds
[2026-10-06T23:59:16.923+0000] {processor.py:161} INFO - Started process (PID=473) to work on /opt/airflow/dags/sgfood_elt_dag.py
[2026-10-06T23:59:16.926+0000] {processor.py:830} INFO - Processing file /opt/airflow/dags/sgfood_elt_dag.py for tasks to queue
[2026-10-06T23:59:16.928+0000] {logging_mixin.py:188} INFO - [2026-10-06T23:59:16.927+0000] {dagbag.py:538} INFO - Filling up the DagBag from /opt/airflow/dags/sgfood_elt_dag.py
[2026-10-06T23:59:16.980+0000] {processor.py:840} INFO - DAG(s) 'sgfood_elt_pipeline' retrieved from /opt/airflow/dags/sgfood_elt_dag.py
[2026-10-06T23:59:17.030+0000] {logging_mixin.py:188} INFO - [2026-10-06T23:59:17.029+0000] {dag.py:3036} INFO - Sync 1 DAGs
[2026-10-06T23:59:17.075+0000] {logging_mixin.py:188} INFO - [2026-10-06T23:59:17.075+0000] {dag.py:3823} INFO - Setting next_dagrun for sgfood_elt_pipeline to 2026-10-06 03:00:00+00:00, run_after=2026-10-07 03:00:00+00:00
[2026-10-06T23:59:17.124+0000] {processor.py:183} INFO - Processing /opt/airflow/dags/sgfood_elt_dag.py took 0.206 seconds
[2026-10-06T23:59:49.891+0000] {processor.py:161} INFO - Started process (PID=474) to work on /opt/airflow/dags/sgfood_elt_dag.py
[2026-10-06T23:59:49.893+0000] {processor.py:830} INFO - Processing file /opt/airflow/dags/sgfood_elt_dag.py for tasks to queue
[2026-10-06T23:59:49.896+0000] {logging_mixin.py:188} INFO - [2026-10-06T23:59:49.895+0000] {dagbag.py:538} INFO - Filling up the DagBag from /opt/airflow/dags/sgfood_elt_dag.py
[2026-10-06T23:59:41.642+0000] {processor.py:840} INFO - DAG(s) 'sgfood_elt_pipeline' retrieved from /opt/airflow/dags/sgfood_elt_dag.py
[2026-10-06T23:59:41.694+0000] {logging_mixin.py:188} INFO - [2026-10-06T23:59:41.694+0000] {dag.py:3036} INFO - Sync 1 DAGs
[2026-10-06T23:59:41.744+0000] {logging_mixin.py:188} INFO - [2026-10-06T23:59:41.743+0000] {dag.py:3823} INFO - Setting next_dagrun for sgfood_elt_pipeline to 2026-10-06 03:00:00+00:00, run_after=2026-10-07 03:00:00+00:00
[2026-10-06T23:59:41.794+0000] {processor.py:183} INFO - Processing /opt/airflow/dags/sgfood_elt_dag.py took 0.218 seconds
